DeliveryID,TransporterID,DepartureDate,ArrivalDate,Distance_km,Cost,SKU,Quantity
D10000,T002,2023-05-27,2023-06-07,1787,2419.15,SKU-094,25
D10001,T009,2023-12-09,2023-12-10,1571,2433.2,SKU-508,189
D10002,T010,2023-05-10,2023-05-11,846,717.11,SKU-153,66
D10003,T002,2023-01-19,2023-01-21,358,460.07,SKU-148,93
D10004,T010,2023-06-06,2023-06-15,719,574.87,SKU-333,19
D10005,T007,2023-10-28,2023-11-03,1519,2329.67,SKU-188,177
D10006,T005,2023-08-01,2023-08-13,560,427.16,SKU-518,144
D10007,T003,2023-03-04,2023-03-12,54,36.09,SKU-393,43
D10008,T011,2023-04-21,2023-04-30,222,292.81,SKU-294,188
D10009,T010,2023-06-19,2023-06-24,1353,1206.65,SKU-589,196
D10010,T005,2023-06-13,2023-06-19,646,438.34,SKU-143,142
D10011,T010,2023-08-04,2023-08-17,841,847.32,SKU-549,169
D10012,T008,2023-10-18,2023-10-19,174,269.91,SKU-204,197
D10013,T002,2023-05-02,2023-05-09,913,1038.3,SKU-043,197
D10014,T001,2023-06-14,2023-06-22,1330,1746.2,SKU-426,52
D10015,T011,2023-01-21,2023-01-26,1354,2271.83,SKU-410,33
D10016,T004,2023-04-09,2023-04-21,322,298.16,SKU-299,35
D10017,T005,2023-04-13,2023-04-16,761,621.04,SKU-389,88
D10018,T009,2023-02-14,2023-02-19,673,994.71,SKU-280,51
D10019,T008,2023-03-24,2023-04-04,550,875.97,SKU-088,30
D10020,T003,2023-11-20,2023-11-26,988,762.24,SKU-051,164
D10021,T006,2023-10-25,2023-11-08,456,722.6,SKU-354,66
D10022,T010,2023-06-24,2023-06-25,61,58.0,SKU-234,160
D10023,T008,2023-02-09,2023-02-16,565,796.62,SKU-581,76
D10024,T012,2023-07-10,2023-07-29,1373,2054.01,SKU-084,64
D10025,T006,2023-04-02,2023-04-13,250,364.37,SKU-244,158
D10026,T004,2023-12-01,2023-12-12,1233,1174.54,SKU-465,107
D10027,T007,2023-12-16,2023-12-27,764,1357.54,SKU-354,158
D10028,T009,2023-09-07,2023-09-20,800,1034.68,SKU-299,177
D10029,T006,2023-09-14,2023-09-21,1427,2396.38,SKU-512,69
D10030,T010,2023-12-08,2023-12-16,1705,1397.27,SKU-050,15
D10031,T010,2023-12-08,2023-12-16,145,142.04,SKU-053,84
D10032,T012,2023-12-18,2023-12-20,1067,1638.3,SKU-082,39
D10033,T003,2023-09-01,2023-09-07,104,82.15,SKU-449,116
D10034,T003,2023-03-10,2023-03-20,816,679.59,SKU-597,40
D10035,T005,2023-10-24,2023-11-05,133,88.24,SKU-357,35
D10036,T003,2023-09-11,2023-09-25,475,392.05,SKU-368,131
D10037,T011,2023-01-21,2023-01-29,110,165.05,SKU-349,58
D10038,T005,2023-10-10,2023-10-25,422,344.58,SKU-185,5
D10039,T011,2023-10-15,2023-10-25,450,627.14,SKU-053,185
D10040,T004,2023-02-21,2023-02-27,1512,1200.14,SKU-479,64
D10041,T012,2023-12-10,2023-12-15,1119,1373.08,SKU-207,111
D10042,T002,2023-11-15,2023-11-25,265,361.61,SKU-182,172
D10043,T011,2023-05-20,2023-05-25,284,408.82,SKU-308,83
D10044,T009,2023-02-02,2023-02-13,614,945.8,SKU-200,78
D10045,T003,2023-01-20,2023-02-05,1668,1122.92,SKU-177,165
D10046,T002,2023-11-08,2023-11-09,1540,2080.67,SKU-404,35
D10047,T006,2023-07-17,2023-07-24,592,927.31,SKU-407,143
D10048,T010,2023-02-26,2023-02-27,79,78.6,SKU-022,86
D10049,T004,2023-07-24,2023-07-30,1787,1590.37,SKU-447,192
D10050,T008,2023-04-09,2023-04-19,1034,1698.95,SKU-129,153
D10051,T008,2023-03-09,2023-03-16,599,1064.73,SKU-013,180
D10052,T008,2023-09-01,2023-09-15,1496,2325.89,SKU-213,17
D10053,T012,2023-10-02,2023-10-06,1622,2480.29,SKU-437,107
D10054,T005,2023-09-07,2023-09-12,1789,1277.96,SKU-290,106
D10055,T002,2023-07-21,2023-07-31,542,606.82,SKU-183,128
D10056,T011,2023-04-23,2023-05-02,1288,1763.02,SKU-198,16
D10057,T009,2023-06-05,2023-06-09,1397,2029.33,SKU-200,153
D10058,T009,2023-05-11,2023-05-19,410,632.12,SKU-423,153
D10059,T011,2023-08-04,2023-08-05,1615,2247.13,SKU-228,87
D10060,T010,2023-09-25,2023-10-06,1047,930.81,SKU-501,116
D10061,T002,2023-07-18,2023-07-29,1042,1149.02,SKU-396,40
D10062,T007,2023-02-21,2023-03-03,900,1388.35,SKU-120,148
D10063,T005,2023-10-02,2023-10-07,868,626.74,SKU-158,129
D10064,T004,2023-02-17,2023-03-01,1614,1495.07,SKU-078,140
D10065,T001,2023-09-16,2023-09-21,465,547.16,SKU-515,7
D10066,T002,2023-06-11,2023-06-12,1773,2389.66,SKU-212,6
D10067,T004,2023-05-04,2023-05-10,409,314.48,SKU-066,42
D10068,T005,2023-09-23,2023-09-28,1744,1317.36,SKU-547,18
D10069,T010,2023-04-04,2023-04-19,998,943.11,SKU-383,49
D10070,T008,2023-08-13,2023-08-24,407,563.71,SKU-205,142
D10071,T006,2023-01-06,2023-01-12,137,228.98,SKU-178,170
D10072,T007,2023-02-21,2023-03-11,659,908.09,SKU-425,117
D10073,T005,2023-04-27,2023-05-04,1104,933.06,SKU-328,83
D10074,T001,2023-09-07,2023-09-24,1500,1790.87,SKU-460,125
D10075,T005,2023-07-08,2023-07-13,540,392.8,SKU-283,134
D10076,T009,2023-07-22,2023-07-27,58,84.04,SKU-501,167
D10077,T005,2023-04-25,2023-04-26,359,253.3,SKU-122,142
D10078,T006,2023-01-24,2023-02-08,1571,2138.84,SKU-438,108
D10079,T008,2023-08-02,2023-08-10,295,475.63,SKU-303,84
D10080,T010,2023-12-01,2023-12-05,1134,1094.64,SKU-396,48
D10081,T009,2023-09-19,2023-09-24,1701,2564.91,SKU-402,70
D10082,T012,2023-12-28,2024-01-10,436,674.99,SKU-206,56
D10083,T003,2023-03-04,2023-03-05,434,362.65,SKU-439,12
D10084,T003,2023-08-14,2023-08-24,1599,1169.83,SKU-033,91
D10085,T003,2023-07-02,2023-07-12,1145,871.35,SKU-513,191
D10086,T001,2023-10-19,2023-10-31,1763,2333.12,SKU-398,135
D10087,T009,2023-06-13,2023-06-27,1318,1984.05,SKU-254,127
D10088,T010,2023-12-24,2023-12-26,157,154.89,SKU-062,175
D10089,T012,2023-11-24,2023-11-30,535,764.88,SKU-173,118
D10090,T009,2023-01-22,2023-01-25,1408,2173.13,SKU-001,23
D10091,T009,2023-10-24,2023-10-30,1490,2486.17,SKU-333,89
D10092,T007,2023-08-21,2023-08-30,704,996.68,SKU-486,175
D10093,T004,2023-02-06,2023-02-17,240,201.96,SKU-567,97
D10094,T012,2023-09-03,2023-09-06,1589,2297.07,SKU-187,163
D10095,T007,2023-02-07,2023-02-14,420,667.46,SKU-457,200
D10096,T007,2023-10-13,2023-10-18,1264,1771.94,SKU-482,30
D10097,T011,2023-06-17,2023-06-26,1202,1909.26,SKU-231,25
D10098,T004,2023-03-22,2023-03-29,576,559.39,SKU-243,43
D10099,T009,2023-05-06,2023-05-17,518,845.43,SKU-490,162
D10100,T007,2023-10-15,2023-10-24,124,205.14,SKU-251,193
D10101,T003,2023-07-19,2023-07-31,42,29.11,SKU-235,102
D10102,T010,2023-08-04,2023-08-12,1474,1479.47,SKU-483,165
D10103,T012,2023-12-19,2023-12-28,1363,2068.15,SKU-452,57
D10104,T011,2023-04-28,2023-05-04,834,1388.21,SKU-353,55
D10105,T003,2023-04-14,2023-04-24,112,83.04,SKU-279,102
D10106,T009,2023-02-09,2023-02-23,1454,1991.7,SKU-442,182
D10107,T004,2023-12-22,2023-12-27,1053,891.06,SKU-064,145
D10108,T011,2023-01-01,2023-01-14,1492,2428.7,SKU-387,14
D10109,T008,2023-07-03,2023-07-04,599,1011.86,SKU-541,54
D10110,T012,2023-01-17,2023-01-29,613,880.22,SKU-216,149
D10111,T012,2023-06-01,2023-06-13,391,517.99,SKU-391,24
D10112,T008,2023-11-23,2023-11-26,1132,1958.67,SKU-558,136
D10113,T008,2023-11-09,2023-11-24,443,679.4,SKU-507,154
D10114,T001,2023-06-10,2023-06-20,1589,2363.15,SKU-559,102
D10115,T009,2023-04-10,2023-04-22,333,533.04,SKU-341,28
D10116,T012,2023-10-16,2023-10-24,153,193.46,SKU-271,134
D10117,T001,2023-10-02,2023-10-03,419,549.78,SKU-320,148
D10118,T002,2023-05-21,2023-05-22,587,622.99,SKU-597,20
D10119,T012,2023-05-18,2023-06-03,1282,2011.7,SKU-414,65
D10120,T005,2023-02-12,2023-02-23,1137,793.53,SKU-395,132
D10121,T010,2023-02-11,2023-02-22,109,93.06,SKU-272,117
D10122,T010,2023-03-20,2023-03-28,427,375.03,SKU-028,74
D10123,T001,2023-11-13,2023-11-19,1734,2245.27,SKU-432,114
D10124,T001,2023-08-08,2023-08-16,1332,1928.49,SKU-332,43
D10125,T010,2023-02-17,2023-02-22,723,648.93,SKU-547,184
D10126,T006,2023-03-07,2023-03-10,178,262.9,SKU-311,200
D10127,T002,2023-01-08,2023-01-22,844,1144.22,SKU-192,138
D10128,T005,2023-11-04,2023-11-09,132,109.18,SKU-444,72
D10129,T001,2023-02-28,2023-03-05,719,928.92,SKU-265,67
D10130,T012,2023-03-27,2023-04-03,1201,1690.5,SKU-368,76
D10131,T006,2023-09-04,2023-09-07,395,628.36,SKU-308,126
D10132,T008,2023-10-24,2023-10-25,1312,1860.33,SKU-210,121
D10133,T007,2023-03-26,2023-03-27,408,592.26,SKU-206,105
D10134,T001,2023-11-23,2023-12-07,1767,2071.2,SKU-448,158
D10135,T003,2023-08-22,2023-09-08,1735,1266.67,SKU-011,148
D10136,T003,2023-07-08,2023-07-16,1150,823.59,SKU-135,118
D10137,T007,2023-05-25,2023-05-31,1381,2135.4,SKU-293,163
D10138,T011,2023-07-17,2023-07-25,761,1125.07,SKU-275,181
D10139,T007,2023-10-16,2023-10-21,561,843.32,SKU-372,100
D10140,T006,2023-06-22,2023-06-29,1033,1339.21,SKU-547,132
D10141,T009,2023-06-01,2023-06-12,559,927.37,SKU-080,40
D10142,T007,2023-11-25,2023-11-27,640,1005.06,SKU-309,55
D10143,T007,2023-07-05,2023-07-15,1332,2336.74,SKU-565,182
D10144,T011,2023-08-19,2023-08-31,874,1341.19,SKU-358,30
D10145,T006,2023-10-16,2023-10-24,756,1200.73,SKU-172,56
D10146,T011,2023-10-12,2023-10-22,203,259.0,SKU-203,46
D10147,T001,2023-06-07,2023-06-10,931,1333.66,SKU-074,170
D10148,T012,2023-11-21,2023-11-29,1600,2256.12,SKU-221,104
D10149,T010,2023-09-23,2023-09-29,461,360.98,SKU-242,156
D10150,T009,2023-09-06,2023-09-10,1800,2775.55,SKU-097,138
D10151,T005,2023-12-17,2023-12-20,1672,1096.68,SKU-392,120
D10152,T005,2023-04-26,2023-05-07,941,680.97,SKU-249,156
D10153,T006,2023-10-17,2023-10-23,705,1180.46,SKU-476,148
D10154,T003,2023-05-27,2023-06-07,654,545.08,SKU-575,53
D10155,T002,2023-05-20,2023-05-24,1593,1831.51,SKU-271,179
D10156,T006,2023-08-21,2023-09-02,1618,2389.16,SKU-520,140
D10157,T006,2023-10-04,2023-10-09,1349,1916.48,SKU-449,155
D10158,T009,2023-01-02,2023-01-15,1630,2357.3,SKU-206,187
D10159,T007,2023-07-15,2023-07-26,477,798.56,SKU-584,195
D10160,T011,2023-06-21,2023-06-30,674,1011.63,SKU-254,163
D10161,T011,2023-01-18,2023-01-25,936,1461.66,SKU-572,144
D10162,T011,2023-06-07,2023-06-11,1265,1692.83,SKU-548,186
D10163,T010,2023-02-05,2023-02-11,1052,934.61,SKU-127,70
D10164,T006,2023-04-03,2023-04-20,331,519.38,SKU-048,129
D10165,T002,2023-03-22,2023-03-25,1602,1754.49,SKU-397,81
D10166,T009,2023-09-15,2023-09-29,696,1136.0,SKU-388,33
D10167,T010,2023-07-23,2023-07-31,826,704.76,SKU-365,34
D10168,T003,2023-05-04,2023-05-10,53,45.37,SKU-527,111
D10169,T012,2023-06-23,2023-06-30,447,712.27,SKU-380,71
D10170,T003,2023-01-21,2023-02-09,245,197.15,SKU-458,36
D10171,T007,2023-09-13,2023-09-18,1765,2642.84,SKU-075,62
D10172,T004,2023-11-03,2023-11-18,1368,1125.09,SKU-388,6
D10173,T011,2023-06-23,2023-06-24,764,1012.8,SKU-153,142
D10174,T009,2023-11-28,2023-12-10,1301,2083.11,SKU-093,162
D10175,T005,2023-06-19,2023-06-26,645,437.07,SKU-095,32
D10176,T004,2023-10-13,2023-10-18,1486,1181.47,SKU-366,112
D10177,T005,2023-11-04,2023-11-09,1455,1066.21,SKU-046,92
D10178,T011,2023-12-03,2023-12-07,897,1469.46,SKU-071,163
D10179,T012,2023-05-13,2023-05-23,686,895.93,SKU-235,200
D10180,T004,2023-06-17,2023-06-18,98,92.72,SKU-369,144
D10181,T012,2023-12-06,2023-12-13,1209,1557.35,SKU-358,86
D10182,T005,2023-05-10,2023-05-13,463,358.36,SKU-299,10
D10183,T008,2023-09-03,2023-09-07,1008,1752.48,SKU-342,36
D10184,T002,2023-01-20,2023-01-27,404,554.17,SKU-045,52
D10185,T011,2023-06-03,2023-06-14,315,501.43,SKU-526,36
D10186,T006,2023-01-18,2023-01-22,1512,2149.79,SKU-440,84
D10187,T006,2023-10-27,2023-11-03,485,645.46,SKU-122,91
D10188,T012,2023-10-25,2023-10-26,1033,1326.75,SKU-017,45
D10189,T004,2023-06-03,2023-06-04,1492,1199.11,SKU-539,121
D10190,T001,2023-12-16,2023-12-17,1599,2184.53,SKU-503,16
D10191,T004,2023-07-16,2023-07-26,684,658.49,SKU-052,38
D10192,T008,2023-12-07,2023-12-22,756,1322.27,SKU-242,167
D10193,T001,2023-09-15,2023-09-19,1289,1550.46,SKU-598,182
D10194,T011,2023-01-17,2023-01-26,997,1439.57,SKU-418,144
D10195,T007,2023-02-18,2023-02-28,106,172.35,SKU-542,96
D10196,T011,2023-05-01,2023-05-14,813,1026.57,SKU-375,111
D10197,T003,2023-01-24,2023-01-25,612,439.16,SKU-537,100
D10198,T005,2023-01-24,2023-01-28,1483,1189.36,SKU-450,191
D10199,T001,2023-10-22,2023-11-05,1274,1845.81,SKU-172,161
D10200,T010,2023-03-15,2023-03-26,195,173.91,SKU-535,24
D10201,T004,2023-05-03,2023-05-18,1771,1353.67,SKU-107,98
D10202,T001,2023-11-02,2023-11-10,1534,2088.13,SKU-461,92
D10203,T002,2023-05-26,2023-05-27,666,758.68,SKU-288,50
D10204,T011,2023-08-06,2023-08-12,1482,2026.25,SKU-047,166
D10205,T009,2023-01-14,2023-01-18,506,711.29,SKU-045,17
D10206,T001,2023-10-12,2023-10-14,653,778.18,SKU-495,172
D10207,T005,2023-09-20,2023-10-03,703,556.52,SKU-224,132
D10208,T007,2023-05-23,2023-05-25,1721,2713.39,SKU-517,65
D10209,T003,2023-09-22,2023-10-01,955,635.57,SKU-158,53
D10210,T011,2023-05-05,2023-05-10,1646,2725.52,SKU-187,131
D10211,T002,2023-05-22,2023-05-27,145,167.69,SKU-338,41
D10212,T005,2023-12-15,2023-12-16,1703,1092.27,SKU-211,160
D10213,T012,2023-08-09,2023-08-13,656,1024.15,SKU-442,176
D10214,T007,2023-03-12,2023-03-28,327,554.58,SKU-096,120
D10215,T005,2023-08-18,2023-09-03,1365,983.67,SKU-060,39
D10216,T011,2023-05-03,2023-05-18,1495,2239.58,SKU-576,86
D10217,T011,2023-03-06,2023-03-07,1042,1701.56,SKU-579,152
D10218,T005,2023-08-19,2023-08-29,160,123.78,SKU-465,123
D10219,T011,2023-07-14,2023-07-22,934,1229.89,SKU-003,52
D10220,T001,2023-06-22,2023-07-04,56,80.64,SKU-596,58
D10221,T005,2023-02-17,2023-02-20,756,571.93,SKU-590,78
D10222,T007,2023-12-20,2024-01-03,1657,2301.04,SKU-539,197
D10223,T003,2023-06-06,2023-06-20,56,46.1,SKU-286,92
D10224,T004,2023-12-09,2023-12-25,1390,1154.24,SKU-347,117
D10225,T005,2023-09-07,2023-09-25,1613,1323.13,SKU-226,148
D10226,T012,2023-11-06,2023-11-10,75,90.88,SKU-253,69
D10227,T007,2023-10-03,2023-10-11,1080,1650.92,SKU-177,168
D10228,T009,2023-12-02,2023-12-18,297,397.0,SKU-509,62
D10229,T001,2023-11-21,2023-11-29,1514,2108.88,SKU-595,191
D10230,T011,2023-08-13,2023-08-24,1601,2296.61,SKU-283,109
D10231,T012,2023-02-25,2023-03-10,981,1437.78,SKU-515,161
D10232,T007,2023-08-02,2023-08-06,220,366.46,SKU-032,89
D10233,T003,2023-12-12,2023-12-13,127,98.76,SKU-097,13
D10234,T011,2023-01-18,2023-01-26,1375,1801.16,SKU-183,8
D10235,T005,2023-10-24,2023-11-01,776,640.0,SKU-395,37
D10236,T004,2023-11-01,2023-11-18,644,569.67,SKU-565,24
D10237,T008,2023-05-21,2023-05-27,1481,2560.49,SKU-472,89
D10238,T001,2023-06-13,2023-06-24,1567,2247.49,SKU-221,157
D10239,T002,2023-10-11,2023-10-13,1253,1637.72,SKU-425,179
D10240,T002,2023-06-16,2023-06-25,492,667.98,SKU-424,8
D10241,T003,2023-01-02,2023-01-09,1755,1152.62,SKU-517,106
D10242,T007,2023-11-13,2023-11-17,167,233.41,SKU-600,69
D10243,T003,2023-08-15,2023-08-19,607,502.5,SKU-298,43
D10244,T010,2023-09-16,2023-09-20,807,761.62,SKU-139,135
D10245,T005,2023-02-12,2023-02-24,799,619.85,SKU-109,150
D10246,T011,2023-06-07,2023-06-26,1415,2219.92,SKU-472,172
D10247,T010,2023-01-01,2023-01-06,683,676.21,SKU-296,14
D10248,T010,2023-01-20,2023-01-30,490,402.48,SKU-429,29
D10249,T011,2023-06-22,2023-06-27,1245,1778.78,SKU-542,99
D10250,T004,2023-11-05,2023-11-06,479,470.79,SKU-175,115
D10251,T003,2023-03-10,2023-03-15,413,285.28,SKU-243,189
D10252,T009,2023-01-11,2023-01-15,1759,2383.27,SKU-291,163
D10253,T009,2023-02-24,2023-03-06,945,1328.46,SKU-146,148
D10254,T009,2023-02-19,2023-02-24,1135,1878.93,SKU-595,175
D10255,T005,2023-08-12,2023-08-17,1156,856.3,SKU-198,124
D10256,T011,2023-02-22,2023-03-01,1680,2595.95,SKU-448,120
D10257,T008,2023-11-24,2023-12-08,584,1045.73,SKU-154,119
D10258,T004,2023-06-09,2023-06-20,940,873.72,SKU-095,143
D10259,T005,2023-11-16,2023-11-27,570,368.45,SKU-258,31
D10260,T011,2023-03-28,2023-04-13,473,792.58,SKU-589,170
D10261,T003,2023-08-14,2023-08-15,1556,1113.25,SKU-540,2
D10262,T010,2023-12-13,2023-12-16,1300,1131.09,SKU-132,79
D10263,T012,2023-05-25,2023-05-30,104,126.37,SKU-489,196
D10264,T010,2023-07-07,2023-07-17,115,97.59,SKU-259,68
D10265,T003,2023-10-01,2023-10-07,1488,1036.41,SKU-495,159
D10266,T011,2023-06-16,2023-06-29,1597,2400.68,SKU-401,70
D10267,T003,2023-02-17,2023-02-23,432,290.01,SKU-073,32
D10268,T012,2023-02-11,2023-02-14,1122,1479.21,SKU-169,129
D10269,T005,2023-10-25,2023-11-03,1535,1305.93,SKU-055,19
D10270,T003,2023-06-14,2023-06-21,1152,953.35,SKU-480,54
D10271,T002,2023-09-02,2023-09-17,961,1033.91,SKU-357,124
D10272,T001,2023-03-27,2023-04-11,250,336.31,SKU-341,117
D10273,T011,2023-01-03,2023-01-04,978,1554.5,SKU-167,10
D10274,T008,2023-04-06,2023-04-10,1098,1646.78,SKU-327,90
D10275,T007,2023-06-13,2023-06-15,553,847.92,SKU-117,95
D10276,T012,2023-08-26,2023-09-02,722,1030.66,SKU-188,138
D10277,T011,2023-09-14,2023-09-24,353,587.38,SKU-475,139
D10278,T012,2023-02-08,2023-02-26,127,192.09,SKU-178,136
D10279,T005,2023-04-14,2023-04-19,1224,994.99,SKU-404,125
D10280,T003,2023-03-01,2023-03-02,1148,991.15,SKU-438,173
D10281,T009,2023-03-21,2023-04-05,1086,1727.08,SKU-493,196
D10282,T011,2023-03-28,2023-04-09,292,414.81,SKU-375,148
D10283,T007,2023-05-15,2023-05-21,974,1395.38,SKU-108,25
D10284,T004,2023-09-13,2023-09-18,188,186.32,SKU-175,107
D10285,T005,2023-07-21,2023-07-26,929,709.6,SKU-150,141
D10286,T008,2023-08-28,2023-09-13,196,337.93,SKU-077,91
D10287,T004,2023-03-24,2023-03-31,273,228.9,SKU-167,149
D10288,T004,2023-10-27,2023-11-08,1539,1380.64,SKU-459,137
D10289,T003,2023-01-06,2023-01-11,185,142.93,SKU-064,124
D10290,T003,2023-06-09,2023-06-22,648,557.35,SKU-261,2
D10291,T001,2023-06-18,2023-07-02,825,1038.04,SKU-079,85
D10292,T001,2023-10-18,2023-11-05,968,1418.02,SKU-522,128
D10293,T011,2023-01-24,2023-01-29,797,1212.26,SKU-184,142
D10294,T002,2023-12-27,2024-01-01,338,384.64,SKU-010,42
D10295,T004,2023-11-05,2023-11-06,1205,1038.49,SKU-488,162
D10296,T012,2023-02-08,2023-02-16,1036,1534.58,SKU-056,79
D10297,T009,2023-11-15,2023-11-23,249,361.77,SKU-128,37
D10298,T007,2023-09-20,2023-09-30,1529,2561.4,SKU-133,34
D10299,T007,2023-05-10,2023-05-23,370,553.22,SKU-062,90
D10300,T009,2023-04-14,2023-04-24,1394,2146.12,SKU-244,120
D10301,T006,2023-11-22,2023-11-30,676,1154.22,SKU-087,169
D10302,T005,2023-05-06,2023-05-12,123,97.18,SKU-140,117
D10303,T011,2023-02-05,2023-02-12,87,126.65,SKU-091,156
D10304,T004,2023-12-08,2023-12-20,470,394.6,SKU-170,47
D10305,T001,2023-02-15,2023-02-17,1494,1868.74,SKU-062,37
D10306,T006,2023-03-09,2023-03-27,1443,2035.87,SKU-536,49
D10307,T009,2023-04-03,2023-04-11,884,1174.89,SKU-361,56
D10308,T012,2023-05-03,2023-05-14,211,304.1,SKU-326,32
D10309,T004,2023-12-12,2023-12-21,1668,1543.74,SKU-153,166
D10310,T008,2023-03-02,2023-03-18,1064,1721.23,SKU-281,136
D10311,T004,2023-08-05,2023-08-12,660,513.4,SKU-261,163
D10312,T004,2023-04-07,2023-04-12,1737,1318.14,SKU-015,100
D10313,T002,2023-11-09,2023-11-14,171,191.41,SKU-369,49
D10314,T005,2023-08-04,2023-08-15,1354,1084.46,SKU-289,123
D10315,T006,2023-10-19,2023-10-20,1674,2511.07,SKU-358,152
D10316,T012,2023-07-23,2023-07-29,54,81.4,SKU-598,96
D10317,T003,2023-11-12,2023-11-21,451,299.13,SKU-584,7
D10318,T007,2023-08-04,2023-08-09,749,1255.31,SKU-037,67
D10319,T008,2023-07-01,2023-07-07,732,1145.45,SKU-346,8
D10320,T010,2023-02-16,2023-02-23,1412,1406.6,SKU-316,129
D10321,T011,2023-07-07,2023-07-14,948,1389.41,SKU-237,95
D10322,T012,2023-11-27,2023-12-07,170,207.09,SKU-252,35
D10323,T003,2023-08-03,2023-08-09,613,414.35,SKU-509,160
D10324,T010,2023-01-03,2023-01-08,362,315.88,SKU-049,125
D10325,T001,2023-01-05,2023-01-09,1612,2312.41,SKU-266,56
D10326,T003,2023-10-26,2023-11-14,44,35.72,SKU-527,119
D10327,T002,2023-08-02,2023-08-10,897,1031.56,SKU-055,141
D10328,T010,2023-07-16,2023-07-18,563,544.12,SKU-114,11
D10329,T012,2023-03-12,2023-03-18,1453,1911.81,SKU-317,190
D10330,T002,2023-09-01,2023-09-11,1510,2111.17,SKU-170,175
D10331,T010,2023-04-20,2023-05-06,1135,1003.88,SKU-542,122
D10332,T007,2023-09-23,2023-10-01,1107,1630.29,SKU-071,158
D10333,T004,2023-01-19,2023-01-29,1312,1203.4,SKU-585,24
D10334,T010,2023-07-04,2023-07-09,1040,1011.75,SKU-229,53
D10335,T005,2023-02-24,2023-03-02,222,187.4,SKU-465,16
D10336,T003,2023-05-16,2023-05-26,626,538.89,SKU-158,11
D10337,T004,2023-03-10,2023-03-19,624,592.63,SKU-239,79
D10338,T005,2023-05-21,2023-05-25,274,227.69,SKU-117,40
D10339,T004,2023-06-07,2023-06-14,155,135.09,SKU-124,84
D10340,T002,2023-08-03,2023-08-06,462,561.93,SKU-138,150
D10341,T008,2023-05-03,2023-05-07,1046,1447.99,SKU-168,162
D10342,T011,2023-04-03,2023-04-07,1356,2029.21,SKU-441,1
D10343,T008,2023-02-09,2023-02-18,862,1247.0,SKU-141,66
D10344,T008,2023-02-12,2023-02-16,163,250.07,SKU-430,84
D10345,T010,2023-08-23,2023-08-24,310,313.62,SKU-536,91
D10346,T009,2023-02-04,2023-02-12,413,684.35,SKU-312,149
D10347,T007,2023-12-12,2023-12-13,1371,2136.66,SKU-502,74
D10348,T001,2023-05-28,2023-06-11,396,505.6,SKU-530,89
D10349,T005,2023-08-25,2023-08-31,1605,1093.56,SKU-051,42
D10350,T011,2023-08-08,2023-08-20,401,620.62,SKU-427,95
D10351,T001,2023-07-01,2023-07-02,735,869.87,SKU-408,2
D10352,T001,2023-05-04,2023-05-14,1777,2469.28,SKU-380,19
D10353,T012,2023-09-16,2023-10-01,742,999.86,SKU-234,35
D10354,T010,2023-04-03,2023-04-15,336,260.81,SKU-364,29
D10355,T009,2023-09-18,2023-10-04,149,243.84,SKU-423,14
D10356,T003,2023-08-02,2023-08-10,95,72.0,SKU-204,175
D10357,T006,2023-02-07,2023-02-09,1203,1891.8,SKU-225,113
D10358,T009,2023-12-19,2023-12-24,263,375.58,SKU-178,138
D10359,T003,2023-01-18,2023-01-24,346,247.11,SKU-446,53
D10360,T010,2023-03-26,2023-03-31,71,54.98,SKU-275,72
D10361,T003,2023-10-03,2023-10-06,569,377.53,SKU-299,155
D10362,T001,2023-01-03,2023-01-13,501,613.3,SKU-547,32
D10363,T005,2023-12-19,2023-12-29,740,626.15,SKU-523,169
D10364,T011,2023-11-15,2023-11-24,1523,1985.03,SKU-077,159
D10365,T004,2023-02-12,2023-02-20,1433,1193.19,SKU-510,76
D10366,T002,2023-12-03,2023-12-17,1510,1657.29,SKU-112,133
D10367,T002,2023-06-20,2023-06-29,419,500.12,SKU-182,71
D10368,T012,2023-11-03,2023-11-12,111,160.36,SKU-319,112
D10369,T001,2023-05-09,2023-05-18,105,149.55,SKU-445,22
D10370,T010,2023-03-13,2023-03-29,927,762.62,SKU-316,150
D10371,T008,2023-09-03,2023-09-14,1108,1729.19,SKU-244,42
D10372,T003,2023-11-09,2023-11-15,1715,1219.45,SKU-519,20
D10373,T004,2023-09-25,2023-10-03,1054,944.47,SKU-189,51
D10374,T008,2023-04-16,2023-04-18,1364,2218.31,SKU-068,110
D10375,T003,2023-10-09,2023-10-16,1609,1282.94,SKU-566,3
D10376,T003,2023-06-02,2023-06-09,1669,1332.8,SKU-447,196
D10377,T003,2023-11-02,2023-11-20,120,94.38,SKU-567,92
D10378,T005,2023-06-17,2023-06-21,732,606.09,SKU-006,185
D10379,T008,2023-12-28,2024-01-10,1682,2668.71,SKU-309,70
D10380,T011,2023-05-03,2023-05-09,832,1049.64,SKU-207,109
D10381,T005,2023-11-13,2023-11-26,1197,882.98,SKU-035,53
D10382,T011,2023-09-21,2023-09-24,124,174.95,SKU-531,38
D10383,T006,2023-03-21,2023-03-25,1501,2103.58,SKU-012,132
D10384,T004,2023-08-18,2023-08-24,1699,1467.86,SKU-110,142
D10385,T012,2023-11-10,2023-11-12,1336,1771.62,SKU-280,147
D10386,T007,2023-06-10,2023-06-16,148,209.33,SKU-282,155
D10387,T008,2023-08-08,2023-08-13,530,944.0,SKU-003,133
D10388,T002,2023-05-12,2023-05-21,46,51.5,SKU-046,78
D10389,T005,2023-02-28,2023-03-08,580,449.36,SKU-297,92
D10390,T001,2023-04-28,2023-05-09,333,481.64,SKU-511,187
D10391,T009,2023-11-02,2023-11-10,1309,2182.14,SKU-422,28
D10392,T002,2023-12-07,2023-12-17,1741,2115.17,SKU-278,117
D10393,T005,2023-12-26,2024-01-10,1056,813.45,SKU-176,117
D10394,T004,2023-06-21,2023-06-24,292,237.37,SKU-092,25
D10395,T001,2023-06-24,2023-07-02,247,328.5,SKU-595,151
D10396,T006,2023-05-21,2023-05-31,394,603.16,SKU-588,144
D10397,T003,2023-06-21,2023-07-07,699,489.8,SKU-299,22
D10398,T009,2023-01-14,2023-01-18,399,542.83,SKU-554,12
D10399,T012,2023-06-12,2023-06-15,1607,2333.82,SKU-038,191
D10400,T010,2023-04-24,2023-04-27,384,301.89,SKU-454,6
D10401,T012,2023-03-26,2023-04-05,343,450.78,SKU-371,24
D10402,T004,2023-12-11,2023-12-18,1209,1007.65,SKU-070,19
D10403,T008,2023-07-04,2023-07-07,120,194.78,SKU-030,66
D10404,T008,2023-02-06,2023-02-25,1400,2009.13,SKU-062,102
D10405,T011,2023-10-09,2023-10-10,1209,1830.89,SKU-342,34
D10406,T002,2023-06-26,2023-06-29,1537,1676.44,SKU-011,160
D10407,T009,2023-07-27,2023-08-13,640,950.96,SKU-083,136
D10408,T007,2023-01-22,2023-01-27,1703,2560.31,SKU-221,47
D10409,T009,2023-10-08,2023-10-09,979,1360.94,SKU-507,67
D10410,T010,2023-03-17,2023-03-19,858,748.71,SKU-465,20
D10411,T010,2023-10-24,2023-10-29,946,859.25,SKU-196,39
D10412,T007,2023-12-03,2023-12-07,574,832.08,SKU-074,175
D10413,T008,2023-10-08,2023-10-12,729,1126.95,SKU-356,93
D10414,T002,2023-01-15,2023-01-24,745,906.51,SKU-086,104
D10415,T012,2023-04-22,2023-05-05,1638,2001.99,SKU-090,150
D10416,T009,2023-05-02,2023-05-04,1161,1711.5,SKU-600,2
D10417,T011,2023-05-24,2023-05-28,820,1369.54,SKU-264,98
D10418,T006,2023-05-10,2023-05-24,1085,1591.91,SKU-470,21
D10419,T010,2023-08-25,2023-08-29,623,626.79,SKU-403,11
D10420,T008,2023-09-20,2023-10-01,802,1128.63,SKU-252,64
D10421,T001,2023-06-17,2023-06-20,659,973.92,SKU-469,123
D10422,T001,2023-02-22,2023-02-28,1133,1688.23,SKU-516,182
D10423,T001,2023-02-14,2023-02-19,1705,2357.06,SKU-396,57
D10424,T003,2023-08-09,2023-08-18,1386,1144.66,SKU-165,77
D10425,T009,2023-07-22,2023-07-28,1486,2175.21,SKU-536,198
D10426,T010,2023-11-27,2023-12-02,572,525.76,SKU-310,104
D10427,T006,2023-01-13,2023-01-14,246,407.8,SKU-107,198
D10428,T001,2023-09-22,2023-10-02,1407,1917.44,SKU-203,126
D10429,T008,2023-06-26,2023-06-30,1409,2336.94,SKU-240,92
D10430,T005,2023-12-24,2024-01-09,152,115.08,SKU-090,154
D10431,T002,2023-03-27,2023-04-08,1085,1500.32,SKU-407,185
D10432,T012,2023-02-10,2023-02-21,973,1210.98,SKU-512,183
D10433,T010,2023-12-10,2023-12-20,785,641.71,SKU-270,28
D10434,T012,2023-03-19,2023-03-24,1534,2158.75,SKU-273,36
D10435,T011,2023-06-23,2023-07-12,1532,2092.08,SKU-284,133
D10436,T002,2023-10-15,2023-10-20,1550,1958.77,SKU-594,49
D10437,T001,2023-09-17,2023-09-23,878,1033.51,SKU-014,188
D10438,T009,2023-05-08,2023-05-15,309,515.57,SKU-418,77
D10439,T002,2023-05-05,2023-05-23,1115,1527.42,SKU-462,151
D10440,T012,2023-07-16,2023-07-20,1548,2112.06,SKU-359,53
D10441,T011,2023-10-03,2023-10-06,1600,2437.28,SKU-592,27
D10442,T008,2023-03-18,2023-03-22,1502,2571.07,SKU-166,62
D10443,T001,2023-10-07,2023-10-12,678,991.21,SKU-334,62
D10444,T012,2023-03-23,2023-03-27,336,445.69,SKU-040,69
D10445,T002,2023-09-11,2023-09-24,758,886.88,SKU-466,113
D10446,T001,2023-06-25,2023-06-26,241,326.17,SKU-411,33
D10447,T012,2023-11-19,2023-11-29,1198,1548.48,SKU-068,32
D10448,T010,2023-07-03,2023-07-11,1270,972.34,SKU-385,106
D10449,T010,2023-06-26,2023-06-27,555,450.72,SKU-571,54
D10450,T005,2023-02-20,2023-02-26,875,559.56,SKU-210,167
D10451,T007,2023-03-22,2023-04-01,1387,2334.39,SKU-507,78
D10452,T008,2023-08-19,2023-08-20,220,373.57,SKU-474,67
D10453,T007,2023-03-17,2023-03-21,102,180.52,SKU-391,152
D10454,T006,2023-07-27,2023-08-02,1062,1549.68,SKU-578,76
D10455,T010,2023-02-25,2023-02-26,124,117.75,SKU-233,151
D10456,T011,2023-09-11,2023-09-16,528,777.46,SKU-530,35
D10457,T009,2023-12-14,2023-12-18,1422,2304.85,SKU-178,86
D10458,T006,2023-06-09,2023-06-14,885,1139.31,SKU-228,111
D10459,T003,2023-11-16,2023-11-17,1613,1186.86,SKU-270,168
D10460,T012,2023-10-19,2023-10-25,1731,2286.92,SKU-566,150
D10461,T002,2023-12-20,2024-01-03,317,432.93,SKU-287,189
D10462,T012,2023-07-16,2023-07-24,83,121.33,SKU-265,112
D10463,T012,2023-05-21,2023-05-25,776,939.6,SKU-305,53
D10464,T009,2023-10-09,2023-10-10,1607,2138.81,SKU-137,88
D10465,T010,2023-06-20,2023-06-25,1083,982.09,SKU-025,79
D10466,T005,2023-05-20,2023-06-04,1088,769.2,SKU-533,37
D10467,T003,2023-01-10,2023-01-16,1189,810.85,SKU-165,17
D10468,T009,2023-08-18,2023-08-25,1151,1608.6,SKU-251,186
D10469,T011,2023-08-07,2023-08-13,1274,1706.45,SKU-399,190
D10470,T007,2023-04-17,2023-04-22,601,891.31,SKU-056,182
D10471,T010,2023-06-28,2023-07-07,1158,960.57,SKU-514,165
D10472,T012,2023-03-25,2023-04-04,471,720.44,SKU-042,196
D10473,T003,2023-09-02,2023-09-08,1113,782.1,SKU-522,89
D10474,T001,2023-07-01,2023-07-07,1241,1812.18,SKU-257,57
D10475,T004,2023-11-13,2023-11-20,1763,1520.34,SKU-412,164
D10476,T008,2023-04-17,2023-04-22,946,1575.7,SKU-584,85
D10477,T009,2023-03-09,2023-03-19,1260,1638.26,SKU-191,20
D10478,T012,2023-06-12,2023-06-17,1047,1383.13,SKU-595,194
D10479,T011,2023-06-19,2023-06-25,1589,2057.97,SKU-518,164
D10480,T009,2023-09-11,2023-09-17,194,302.84,SKU-365,47
D10481,T003,2023-11-01,2023-11-10,904,719.79,SKU-187,60
D10482,T005,2023-09-06,2023-09-15,135,105.18,SKU-366,114
D10483,T008,2023-03-16,2023-03-24,93,133.61,SKU-279,126
D10484,T003,2023-05-26,2023-06-03,419,326.73,SKU-564,104
D10485,T006,2023-06-18,2023-06-22,1750,2612.59,SKU-182,45
D10486,T005,2023-02-17,2023-02-23,189,140.91,SKU-358,81
D10487,T004,2023-07-02,2023-07-11,1099,1014.65,SKU-475,54
D10488,T006,2023-03-24,2023-03-25,262,437.85,SKU-110,15
D10489,T004,2023-06-21,2023-06-29,312,238.53,SKU-013,158
D10490,T009,2023-11-25,2023-12-01,1037,1575.77,SKU-270,98
D10491,T005,2023-10-02,2023-10-11,1082,751.63,SKU-499,171
D10492,T003,2023-08-12,2023-08-19,1407,1088.85,SKU-438,52
D10493,T002,2023-06-14,2023-06-22,1243,1517.9,SKU-463,161
D10494,T002,2023-12-21,2024-01-06,1466,1804.45,SKU-439,29
D10495,T006,2023-03-18,2023-03-28,1694,2290.77,SKU-342,172
D10496,T004,2023-11-12,2023-11-21,707,609.51,SKU-062,190
D10497,T001,2023-10-05,2023-10-06,495,681.02,SKU-070,25
D10498,T007,2023-09-03,2023-09-16,1676,2681.18,SKU-126,54
D10499,T003,2023-07-25,2023-08-05,382,269.84,SKU-588,17
D10500,T007,2023-07-02,2023-07-09,777,1091.63,SKU-221,199
D10501,T005,2023-06-18,2023-06-29,1339,1130.46,SKU-186,145
D10502,T012,2023-05-14,2023-05-19,1552,2103.91,SKU-264,101
D10503,T009,2023-11-24,2023-11-25,833,1084.44,SKU-532,130
D10504,T010,2023-03-04,2023-03-12,455,391.17,SKU-084,178
D10505,T011,2023-01-01,2023-01-09,1373,2148.51,SKU-051,89
D10506,T001,2023-09-02,2023-09-04,990,1370.15,SKU-024,138
D10507,T004,2023-11-15,2023-11-17,371,366.51,SKU-093,110
D10508,T005,2023-07-20,2023-07-23,1612,1236.04,SKU-141,178
D10509,T011,2023-09-08,2023-09-23,943,1575.53,SKU-132,72
D10510,T003,2023-06-11,2023-06-14,1080,781.37,SKU-002,50
D10511,T010,2023-03-13,2023-03-23,1343,1277.02,SKU-557,80
D10512,T004,2023-10-07,2023-10-18,1044,805.13,SKU-076,127
D10513,T006,2023-11-28,2023-12-01,254,373.91,SKU-593,200
D10514,T005,2023-04-08,2023-04-13,1306,998.44,SKU-093,117
D10515,T006,2023-10-04,2023-10-17,1741,2471.83,SKU-265,163
D10516,T006,2023-02-24,2023-03-06,802,1169.51,SKU-056,149
D10517,T002,2023-12-01,2023-12-14,190,232.02,SKU-259,1
D10518,T011,2023-12-15,2023-12-19,945,1248.83,SKU-178,158
D10519,T005,2023-06-26,2023-07-01,1255,997.16,SKU-015,42
D10520,T008,2023-07-26,2023-08-03,1665,2849.25,SKU-095,39
D10521,T007,2023-07-03,2023-07-10,1181,1904.83,SKU-597,99
D10522,T008,2023-11-05,2023-11-17,1198,1951.75,SKU-204,48
D10523,T004,2023-10-21,2023-10-22,1019,822.04,SKU-233,20
D10524,T009,2023-05-24,2023-06-01,838,1381.27,SKU-130,74
D10525,T009,2023-11-18,2023-11-28,1663,2225.61,SKU-080,164
D10526,T004,2023-11-17,2023-11-29,229,173.14,SKU-319,58
D10527,T008,2023-07-04,2023-07-10,843,1501.01,SKU-293,182
D10528,T002,2023-12-11,2023-12-20,332,385.28,SKU-337,25
D10529,T001,2023-04-11,2023-04-22,1261,1700.94,SKU-343,195
D10530,T007,2023-09-06,2023-09-10,1086,1794.56,SKU-111,121
D10531,T006,2023-01-23,2023-01-29,1067,1696.31,SKU-362,29
D10532,T001,2023-11-24,2023-11-29,519,649.33,SKU-560,71
D10533,T008,2023-06-03,2023-06-14,1070,1740.76,SKU-182,51
D10534,T003,2023-03-17,2023-03-22,78,54.85,SKU-500,53
D10535,T009,2023-12-02,2023-12-03,1183,1697.63,SKU-300,95
D10536,T001,2023-03-22,2023-03-27,65,80.69,SKU-548,34
D10537,T010,2023-12-22,2023-12-23,592,538.72,SKU-196,171
D10538,T011,2023-04-08,2023-04-17,1287,1684.76,SKU-263,53
D10539,T001,2023-06-12,2023-06-17,149,218.02,SKU-027,153
D10540,T003,2023-12-12,2023-12-15,934,777.7,SKU-191,77
D10541,T012,2023-06-06,2023-06-14,1677,2589.53,SKU-595,130
D10542,T001,2023-03-11,2023-03-22,637,920.59,SKU-325,146
D10543,T011,2023-12-17,2023-12-21,1702,2536.87,SKU-487,118
D10544,T011,2023-04-08,2023-04-12,780,1127.38,SKU-418,86
D10545,T006,2023-01-23,2023-02-02,585,967.24,SKU-176,33
D10546,T005,2023-12-16,2023-12-24,264,172.63,SKU-243,188
D10547,T004,2023-12-16,2023-12-22,1025,882.8,SKU-148,139
D10548,T001,2023-10-25,2023-10-26,184,220.7,SKU-439,28
D10549,T005,2023-01-20,2023-01-23,104,67.83,SKU-315,136
D10550,T005,2023-02-11,2023-02-28,1681,1275.25,SKU-053,118
D10551,T004,2023-04-01,2023-04-05,621,603.49,SKU-557,108
D10552,T012,2023-01-09,2023-01-12,827,1024.2,SKU-170,56
D10553,T007,2023-09-10,2023-09-16,1485,2089.37,SKU-193,142
D10554,T002,2023-09-14,2023-09-29,1223,1565.21,SKU-033,175
D10555,T011,2023-10-27,2023-11-06,1561,2064.89,SKU-234,78
D10556,T006,2023-04-07,2023-04-09,1136,1585.88,SKU-395,63
D10557,T008,2023-01-08,2023-01-09,1583,2818.1,SKU-291,75
D10558,T006,2023-11-26,2023-12-01,1015,1391.43,SKU-410,195
D10559,T012,2023-04-23,2023-05-06,531,671.22,SKU-347,135
D10560,T012,2023-12-15,2023-12-25,77,104.44,SKU-576,134
D10561,T002,2023-10-24,2023-10-25,970,1311.49,SKU-398,183
D10562,T008,2023-06-27,2023-07-12,1704,2740.4,SKU-502,86
D10563,T009,2023-01-14,2023-01-19,593,955.13,SKU-573,43
D10564,T012,2023-05-25,2023-05-27,304,449.23,SKU-487,90
D10565,T004,2023-07-07,2023-07-14,1097,1057.01,SKU-111,186
D10566,T004,2023-06-25,2023-06-27,1399,1345.19,SKU-007,199
D10567,T004,2023-01-28,2023-01-29,245,198.99,SKU-403,1
D10568,T001,2023-08-21,2023-08-30,1067,1252.46,SKU-205,194
D10569,T002,2023-06-13,2023-06-23,637,810.47,SKU-119,7
D10570,T002,2023-08-11,2023-08-14,350,463.59,SKU-541,145
D10571,T005,2023-06-09,2023-06-23,167,109.05,SKU-514,176
D10572,T008,2023-03-08,2023-03-11,1605,2422.55,SKU-249,50
D10573,T010,2023-02-17,2023-02-24,856,817.93,SKU-597,61
D10574,T002,2023-08-10,2023-08-14,1614,1864.35,SKU-359,31
D10575,T001,2023-09-19,2023-09-25,1284,1638.51,SKU-169,164
D10576,T001,2023-03-06,2023-03-10,708,850.29,SKU-440,26
D10577,T007,2023-10-21,2023-10-25,1647,2696.57,SKU-137,72
D10578,T012,2023-04-22,2023-04-24,1321,2034.92,SKU-343,200
D10579,T002,2023-04-17,2023-04-23,105,133.75,SKU-574,116
D10580,T001,2023-08-03,2023-08-14,531,651.44,SKU-583,102
D10581,T008,2023-04-11,2023-04-21,1729,2371.06,SKU-135,159
D10582,T004,2023-03-28,2023-04-02,1615,1405.28,SKU-209,111
D10583,T004,2023-02-19,2023-02-26,658,642.23,SKU-065,67
D10584,T011,2023-11-12,2023-11-19,507,803.35,SKU-028,52
D10585,T009,2023-01-06,2023-01-10,154,206.51,SKU-327,139
D10586,T002,2023-06-19,2023-06-20,1145,1534.49,SKU-114,15
D10587,T002,2023-02-15,2023-02-20,975,1350.71,SKU-158,96
D10588,T001,2023-12-12,2023-12-17,364,479.31,SKU-494,187
D10589,T004,2023-09-08,2023-09-15,344,285.99,SKU-271,2
D10590,T010,2023-03-13,2023-03-16,677,524.46,SKU-052,15
D10591,T006,2023-11-21,2023-12-10,607,1018.48,SKU-419,95
D10592,T008,2023-05-16,2023-06-04,550,861.2,SKU-022,160
D10593,T011,2023-09-12,2023-09-15,1185,1758.76,SKU-514,8
D10594,T003,2023-11-05,2023-11-13,1583,1091.15,SKU-369,129
D10595,T008,2023-06-18,2023-06-20,502,870.35,SKU-190,55
D10596,T002,2023-01-18,2023-01-29,250,276.59,SKU-356,14
D10597,T011,2023-03-02,2023-03-06,697,1144.27,SKU-505,186
D10598,T008,2023-02-26,2023-03-06,87,124.89,SKU-086,94
D10599,T005,2023-02-06,2023-02-07,1767,1398.15,SKU-043,16
D10600,T005,2023-10-22,2023-10-30,678,553.88,SKU-183,34
D10601,T006,2023-03-13,2023-03-29,796,1167.23,SKU-453,167
D10602,T011,2023-03-17,2023-03-20,229,367.69,SKU-015,114
D10603,T004,2023-12-08,2023-12-12,1085,819.67,SKU-286,102
D10604,T008,2023-06-21,2023-06-25,1768,2594.59,SKU-523,147
D10605,T001,2023-10-17,2023-10-27,928,1146.36,SKU-259,22
D10606,T005,2023-06-09,2023-06-20,354,256.64,SKU-085,88
D10607,T008,2023-07-14,2023-07-29,172,305.99,SKU-121,114
D10608,T008,2023-11-09,2023-11-10,1335,2094.48,SKU-059,57
D10609,T007,2023-01-04,2023-01-16,249,413.51,SKU-419,174
D10610,T010,2023-05-23,2023-05-24,366,302.55,SKU-055,153
D10611,T007,2023-07-23,2023-08-01,1392,2313.62,SKU-594,180
D10612,T006,2023-11-22,2023-11-28,1405,2236.24,SKU-034,35
D10613,T003,2023-08-10,2023-08-17,165,122.24,SKU-243,156
D10614,T011,2023-04-21,2023-04-24,554,711.3,SKU-382,35
D10615,T004,2023-12-21,2023-12-22,1075,1064.48,SKU-392,160
D10616,T008,2023-02-12,2023-02-21,574,1012.39,SKU-328,7
D10617,T004,2023-06-01,2023-06-10,178,139.01,SKU-569,163
D10618,T011,2023-09-13,2023-09-24,1605,2142.11,SKU-278,58
D10619,T003,2023-01-16,2023-01-18,44,37.22,SKU-208,73
D10620,T001,2023-02-05,2023-02-06,1331,1539.68,SKU-579,40
D10621,T005,2023-11-06,2023-11-14,1281,845.17,SKU-085,149
D10622,T003,2023-12-18,2024-01-03,807,526.21,SKU-083,114
D10623,T007,2023-08-06,2023-08-11,631,976.78,SKU-497,102
D10624,T012,2023-04-19,2023-04-22,1094,1599.05,SKU-226,26
D10625,T006,2023-03-27,2023-04-02,1151,1647.53,SKU-470,137
D10626,T010,2023-09-12,2023-09-16,1425,1268.92,SKU-356,31
D10627,T006,2023-02-25,2023-03-06,1028,1366.05,SKU-048,41
D10628,T007,2023-05-12,2023-05-18,1630,2684.15,SKU-392,177
D10629,T006,2023-11-09,2023-11-11,115,160.03,SKU-582,20
D10630,T004,2023-02-09,2023-02-17,1060,1003.95,SKU-046,42
D10631,T002,2023-10-25,2023-10-31,593,638.09,SKU-154,100
D10632,T010,2023-01-04,2023-01-08,313,300.05,SKU-316,77
D10633,T003,2023-07-19,2023-07-20,1711,1151.63,SKU-118,66
D10634,T001,2023-04-27,2023-04-29,1645,2301.26,SKU-148,71
D10635,T011,2023-02-17,2023-02-24,1773,2869.32,SKU-308,183
D10636,T007,2023-08-03,2023-08-11,155,228.45,SKU-111,74
D10637,T012,2023-03-24,2023-04-05,434,562.49,SKU-229,57
D10638,T012,2023-10-24,2023-10-25,1023,1406.59,SKU-429,122
D10639,T011,2023-06-23,2023-06-28,241,380.27,SKU-418,156
D10640,T006,2023-12-13,2023-12-27,236,321.69,SKU-100,166
D10641,T010,2023-06-04,2023-06-11,1402,1073.63,SKU-075,129
D10642,T011,2023-03-12,2023-03-26,612,800.27,SKU-469,121
D10643,T001,2023-01-27,2023-01-30,1752,2058.38,SKU-189,82
D10644,T002,2023-10-17,2023-10-24,938,1179.73,SKU-315,115
D10645,T011,2023-03-14,2023-03-23,252,366.03,SKU-211,176
D10646,T005,2023-06-06,2023-06-14,1076,767.83,SKU-292,114
D10647,T001,2023-07-15,2023-07-21,844,1248.6,SKU-181,74
D10648,T010,2023-06-25,2023-07-03,950,778.01,SKU-347,148
D10649,T006,2023-10-19,2023-10-23,255,331.71,SKU-580,170
D10650,T005,2023-07-21,2023-07-24,1093,868.1,SKU-369,47
D10651,T002,2023-12-13,2023-12-25,1389,1796.87,SKU-424,38
D10652,T001,2023-03-23,2023-03-24,46,57.84,SKU-070,4
D10653,T007,2023-05-06,2023-05-20,1539,2374.35,SKU-436,19
D10654,T011,2023-04-14,2023-04-25,1249,1745.36,SKU-570,69
D10655,T011,2023-07-28,2023-08-12,1586,2336.85,SKU-104,93
D10656,T006,2023-12-22,2023-12-23,267,373.3,SKU-390,92
D10657,T002,2023-11-21,2023-11-30,1504,2025.15,SKU-305,121
D10658,T010,2023-04-06,2023-04-09,984,848.16,SKU-453,72
D10659,T007,2023-06-15,2023-06-25,1477,2441.44,SKU-378,23
D10660,T004,2023-12-01,2023-12-04,77,60.08,SKU-532,40
D10661,T007,2023-02-18,2023-03-02,141,213.57,SKU-454,66
D10662,T010,2023-02-10,2023-02-14,342,333.81,SKU-135,180
D10663,T010,2023-07-16,2023-07-29,1268,1278.44,SKU-201,116
D10664,T001,2023-04-15,2023-05-04,1340,1862.59,SKU-095,125
D10665,T002,2023-11-15,2023-11-21,1461,1838.35,SKU-179,153
D10666,T008,2023-06-18,2023-06-21,352,594.64,SKU-141,46
D10667,T007,2023-12-15,2023-12-19,999,1342.74,SKU-112,132
D10668,T011,2023-04-09,2023-04-17,1750,2379.57,SKU-542,144
D10669,T004,2023-05-28,2023-06-13,64,59.07,SKU-151,65
D10670,T004,2023-02-18,2023-02-21,70,59.68,SKU-433,148
D10671,T010,2023-05-09,2023-05-18,693,538.8,SKU-277,9
D10672,T006,2023-01-19,2023-01-26,208,282.82,SKU-262,135
D10673,T003,2023-02-21,2023-02-27,1680,1283.35,SKU-283,137
D10674,T002,2023-07-13,2023-07-20,1347,1438.24,SKU-005,33
D10675,T003,2023-11-07,2023-11-08,1614,1324.54,SKU-578,76
D10676,T007,2023-07-28,2023-07-29,1716,2963.74,SKU-231,155
D10677,T011,2023-04-16,2023-04-19,653,1049.88,SKU-500,70
D10678,T003,2023-02-02,2023-02-16,1769,1317.44,SKU-056,116
D10679,T007,2023-07-21,2023-07-29,701,963.23,SKU-157,198
D10680,T007,2023-03-05,2023-03-22,326,519.01,SKU-523,172
D10681,T007,2023-08-02,2023-08-08,1628,2439.16,SKU-586,160
D10682,T007,2023-10-22,2023-10-26,109,192.38,SKU-173,138
D10683,T007,2023-10-11,2023-10-19,418,615.0,SKU-383,140
D10684,T012,2023-05-19,2023-06-03,849,1124.45,SKU-346,31
D10685,T007,2023-10-20,2023-10-21,805,1334.92,SKU-542,186
D10686,T001,2023-07-09,2023-07-18,1321,1889.51,SKU-235,60
D10687,T010,2023-03-16,2023-03-17,607,577.83,SKU-412,117
D10688,T003,2023-06-18,2023-06-30,711,511.53,SKU-582,23
D10689,T004,2023-01-03,2023-01-07,1001,879.79,SKU-529,147
D10690,T006,2023-08-18,2023-08-26,424,559.13,SKU-446,126
D10691,T011,2023-03-11,2023-03-12,1114,1825.5,SKU-201,127
D10692,T011,2023-07-16,2023-07-18,1424,1809.8,SKU-152,190
D10693,T003,2023-10-05,2023-10-11,852,590.04,SKU-165,85
D10694,T001,2023-02-18,2023-02-24,1413,1757.73,SKU-546,156
D10695,T010,2023-02-09,2023-02-22,1050,842.53,SKU-006,102
D10696,T012,2023-06-20,2023-06-29,840,1217.7,SKU-479,196
D10697,T010,2023-11-22,2023-12-01,1338,1245.04,SKU-050,18
D10698,T004,2023-12-28,2024-01-08,617,479.01,SKU-360,114
D10699,T010,2023-07-24,2023-08-04,1455,1148.64,SKU-143,22
D10700,T007,2023-02-18,2023-02-21,765,1107.49,SKU-146,123
D10701,T010,2023-12-04,2023-12-17,1530,1329.34,SKU-197,16
D10702,T005,2023-03-05,2023-03-11,1139,938.21,SKU-416,118
D10703,T001,2023-04-18,2023-04-23,1020,1378.45,SKU-069,91
D10704,T006,2023-12-23,2023-12-24,274,450.89,SKU-123,130
D10705,T002,2023-11-23,2023-11-28,780,967.01,SKU-057,135
D10706,T012,2023-09-23,2023-10-04,793,1115.46,SKU-498,71
D10707,T003,2023-05-25,2023-06-13,835,595.79,SKU-502,181
D10708,T002,2023-03-20,2023-04-03,767,1022.82,SKU-439,128
D10709,T003,2023-05-11,2023-05-28,1660,1085.74,SKU-568,3
D10710,T008,2023-01-27,2023-02-04,1092,1568.2,SKU-365,119
D10711,T002,2023-12-03,2023-12-21,270,338.27,SKU-098,125
D10712,T003,2023-02-01,2023-02-04,401,308.53,SKU-291,114
D10713,T002,2023-03-13,2023-03-22,1403,1650.94,SKU-074,195
D10714,T011,2023-10-16,2023-10-18,1340,1878.1,SKU-110,119
D10715,T009,2023-01-11,2023-01-23,1156,1676.66,SKU-131,54
D10716,T007,2023-09-19,2023-10-02,906,1517.31,SKU-089,187
D10717,T004,2023-12-15,2023-12-20,242,191.32,SKU-282,132
D10718,T005,2023-08-25,2023-08-26,184,127.99,SKU-172,187
D10719,T011,2023-10-16,2023-10-21,1097,1420.77,SKU-473,60
D10720,T008,2023-01-11,2023-01-13,1758,3061.22,SKU-013,31
D10721,T006,2023-09-10,2023-09-13,1048,1737.72,SKU-574,199
D10722,T003,2023-07-14,2023-07-29,909,755.04,SKU-553,122
D10723,T010,2023-01-05,2023-01-10,387,296.6,SKU-087,57
D10724,T003,2023-11-17,2023-11-27,723,499.72,SKU-191,169
D10725,T005,2023-08-04,2023-08-05,484,352.44,SKU-233,121
D10726,T010,2023-09-11,2023-09-23,1217,1095.8,SKU-191,123
D10727,T011,2023-01-03,2023-01-04,329,550.24,SKU-574,165
D10728,T004,2023-08-17,2023-08-31,1322,1217.97,SKU-458,198
D10729,T006,2023-06-02,2023-06-10,976,1435.66,SKU-347,43
D10730,T006,2023-12-11,2023-12-20,272,456.01,SKU-399,53
D10731,T010,2023-06-26,2023-07-05,1272,1294.5,SKU-540,72
D10732,T006,2023-09-11,2023-09-28,989,1425.61,SKU-294,63
D10733,T006,2023-11-15,2023-11-20,367,592.63,SKU-469,33
D10734,T011,2023-03-25,2023-03-26,1063,1392.67,SKU-455,76
D10735,T011,2023-01-27,2023-02-01,670,988.63,SKU-234,96
D10736,T011,2023-09-05,2023-09-23,1696,2808.8,SKU-504,115
D10737,T012,2023-02-13,2023-02-20,1325,1881.51,SKU-206,13
D10738,T006,2023-10-09,2023-10-12,1396,2200.91,SKU-150,54
D10739,T012,2023-12-03,2023-12-07,1298,1840.2,SKU-429,51
D10740,T003,2023-04-06,2023-04-11,1449,1031.29,SKU-072,6
D10741,T001,2023-05-13,2023-05-16,1408,1639.69,SKU-422,13
D10742,T006,2023-04-11,2023-04-17,1341,2217.27,SKU-485,88
D10743,T003,2023-01-11,2023-01-15,526,383.79,SKU-370,170
D10744,T005,2023-05-07,2023-05-20,571,459.38,SKU-466,98
D10745,T007,2023-02-12,2023-02-22,1431,2548.55,SKU-536,162
D10746,T002,2023-04-07,2023-04-21,254,348.2,SKU-520,46
D10747,T006,2023-09-24,2023-09-27,723,1079.47,SKU-591,183
D10748,T003,2023-01-12,2023-01-15,1313,931.1,SKU-392,87
D10749,T009,2023-05-02,2023-05-08,183,243.01,SKU-561,136
D10750,T010,2023-05-22,2023-06-04,1300,1007.98,SKU-480,97
D10751,T005,2023-09-06,2023-09-17,802,681.64,SKU-263,31
D10752,T011,2023-09-20,2023-10-07,1101,1777.25,SKU-428,76
D10753,T007,2023-08-01,2023-08-19,1077,1750.15,SKU-456,18
D10754,T006,2023-03-26,2023-04-01,836,1160.53,SKU-408,63
D10755,T006,2023-02-02,2023-02-10,1329,1922.86,SKU-365,113
D10756,T007,2023-10-08,2023-10-18,1100,1881.01,SKU-358,199
D10757,T002,2023-10-26,2023-10-28,1585,2035.34,SKU-369,118
D10758,T005,2023-02-22,2023-02-28,49,39.09,SKU-549,10
D10759,T012,2023-05-10,2023-05-18,138,199.84,SKU-457,59
D10760,T009,2023-03-18,2023-03-23,240,382.84,SKU-544,152
D10761,T006,2023-08-28,2023-09-01,331,438.49,SKU-257,198
D10762,T004,2023-07-27,2023-07-28,1530,1265.68,SKU-111,10
D10763,T008,2023-10-12,2023-10-15,1539,2662.57,SKU-594,80
D10764,T006,2023-05-15,2023-05-23,1430,1862.52,SKU-137,84
D10765,T011,2023-02-13,2023-02-19,1749,2238.65,SKU-457,140
D10766,T003,2023-07-01,2023-07-06,1117,777.2,SKU-337,176
D10767,T004,2023-10-02,2023-10-11,89,82.96,SKU-050,196
D10768,T002,2023-01-05,2023-01-13,899,1064.75,SKU-054,116
D10769,T003,2023-11-14,2023-12-02,915,685.01,SKU-596,11
D10770,T003,2023-10-24,2023-11-02,899,702.58,SKU-038,144
D10771,T007,2023-10-26,2023-11-05,1396,2374.13,SKU-373,93
D10772,T007,2023-05-15,2023-05-16,1506,2182.55,SKU-571,135
D10773,T010,2023-09-16,2023-09-20,507,392.7,SKU-282,17
D10774,T006,2023-10-27,2023-11-02,599,870.48,SKU-459,138
D10775,T005,2023-09-19,2023-09-20,260,198.0,SKU-217,99
D10776,T008,2023-08-11,2023-08-28,217,318.4,SKU-590,188
D10777,T006,2023-10-19,2023-10-23,493,778.02,SKU-123,55
D10778,T009,2023-07-11,2023-07-12,558,751.28,SKU-299,198
D10779,T001,2023-01-14,2023-01-17,174,254.51,SKU-419,51
D10780,T010,2023-04-18,2023-04-21,609,604.34,SKU-387,48
D10781,T007,2023-04-10,2023-04-20,1267,2195.41,SKU-228,188
D10782,T008,2023-10-12,2023-10-18,484,670.9,SKU-342,103
D10783,T006,2023-10-25,2023-11-03,1314,2212.6,SKU-118,23
D10784,T007,2023-08-08,2023-08-09,424,730.97,SKU-343,92
D10785,T010,2023-11-25,2023-12-07,943,745.16,SKU-599,4
D10786,T002,2023-03-07,2023-03-09,1468,1980.95,SKU-427,43
D10787,T006,2023-09-05,2023-09-12,733,962.13,SKU-312,35
D10788,T011,2023-12-04,2023-12-19,96,138.9,SKU-512,46
D10789,T012,2023-10-14,2023-10-18,1207,1559.06,SKU-440,138
D10790,T001,2023-09-02,2023-09-05,1475,1913.05,SKU-389,141
D10791,T005,2023-04-27,2023-04-29,1689,1432.62,SKU-214,89
D10792,T007,2023-05-10,2023-05-20,1090,1819.16,SKU-079,1
D10793,T008,2023-06-13,2023-06-14,1414,1951.93,SKU-562,25
D10794,T002,2023-01-15,2023-01-16,1726,1820.54,SKU-372,146
D10795,T009,2023-02-24,2023-03-02,255,382.58,SKU-330,101
D10796,T003,2023-02-25,2023-02-27,1381,1101.5,SKU-127,162
D10797,T006,2023-04-20,2023-04-21,495,639.19,SKU-521,101
D10798,T004,2023-03-12,2023-03-19,1248,1205.39,SKU-050,196
D10799,T002,2023-03-01,2023-03-07,688,850.52,SKU-326,152
D10800,T010,2023-04-13,2023-04-20,1628,1443.34,SKU-299,107
D10801,T005,2023-10-17,2023-10-24,799,675.82,SKU-018,54
D10802,T006,2023-08-20,2023-08-23,117,169.32,SKU-313,152
D10803,T006,2023-12-14,2023-12-28,1784,2610.28,SKU-581,188
D10804,T008,2023-09-03,2023-09-14,192,327.06,SKU-088,118
D10805,T004,2023-10-20,2023-10-25,480,401.53,SKU-487,27
D10806,T012,2023-11-24,2023-12-05,319,414.88,SKU-246,14
D10807,T006,2023-02-17,2023-02-18,963,1641.44,SKU-302,72
D10808,T008,2023-12-14,2023-12-17,1592,2189.31,SKU-188,64
D10809,T003,2023-10-06,2023-10-12,558,383.55,SKU-082,25
D10810,T012,2023-01-26,2023-01-31,965,1288.91,SKU-037,189
D10811,T004,2023-06-11,2023-06-14,1697,1280.4,SKU-016,145
D10812,T011,2023-11-08,2023-11-15,1291,1965.87,SKU-286,66
D10813,T007,2023-04-19,2023-04-26,113,182.95,SKU-321,158
D10814,T012,2023-08-21,2023-08-28,638,914.69,SKU-085,26
D10815,T009,2023-05-02,2023-05-05,1731,2734.88,SKU-573,169
D10816,T002,2023-07-18,2023-07-21,1603,2001.67,SKU-272,157
D10817,T010,2023-03-13,2023-03-21,778,675.52,SKU-274,50
D10818,T003,2023-09-04,2023-09-17,1771,1476.98,SKU-230,140
D10819,T004,2023-12-18,2023-12-31,1543,1420.34,SKU-421,101
D10820,T012,2023-02-15,2023-02-26,735,914.24,SKU-478,14
D10821,T009,2023-02-02,2023-02-03,1145,1842.99,SKU-169,114
D10822,T009,2023-06-26,2023-07-03,1556,2081.12,SKU-179,196
D10823,T009,2023-10-14,2023-10-20,1503,2459.74,SKU-417,82
D10824,T006,2023-06-15,2023-07-02,1724,2671.32,SKU-302,49
D10825,T001,2023-06-22,2023-07-04,997,1388.35,SKU-007,106
D10826,T007,2023-08-05,2023-08-12,1648,2893.67,SKU-525,8
D10827,T011,2023-04-19,2023-04-23,1516,2448.77,SKU-191,25
D10828,T008,2023-10-24,2023-11-06,942,1286.54,SKU-566,198
D10829,T008,2023-06-05,2023-06-15,134,208.21,SKU-216,57
D10830,T010,2023-06-06,2023-06-08,1761,1491.85,SKU-041,68
D10831,T011,2023-01-01,2023-01-03,1218,1758.82,SKU-252,144
D10832,T011,2023-04-22,2023-05-06,1776,2704.58,SKU-409,106
D10833,T002,2023-01-21,2023-01-27,530,737.17,SKU-125,72
D10834,T002,2023-12-18,2023-12-29,793,1023.65,SKU-319,58
D10835,T005,2023-01-01,2023-01-09,76,50.6,SKU-410,141
D10836,T008,2023-04-06,2023-04-09,357,498.99,SKU-063,3
D10837,T003,2023-12-24,2023-12-27,395,308.72,SKU-167,130
D10838,T007,2023-05-10,2023-05-21,197,324.74,SKU-247,74
D10839,T007,2023-09-14,2023-09-19,636,973.74,SKU-492,129
D10840,T011,2023-09-04,2023-09-23,686,1088.44,SKU-410,123
D10841,T006,2023-07-14,2023-07-19,1630,2771.33,SKU-007,105
D10842,T004,2023-08-22,2023-08-31,511,490.22,SKU-025,185
D10843,T007,2023-04-03,2023-04-11,228,355.09,SKU-197,63
D10844,T003,2023-04-26,2023-05-03,1387,1196.21,SKU-411,29
D10845,T012,2023-10-02,2023-10-15,437,540.44,SKU-187,134
D10846,T008,2023-04-11,2023-04-16,1250,1811.81,SKU-321,88
D10847,T012,2023-04-25,2023-05-02,90,116.06,SKU-196,16
D10848,T004,2023-09-15,2023-09-17,1778,1584.49,SKU-102,59
D10849,T001,2023-05-14,2023-05-28,818,972.6,SKU-202,38
D10850,T001,2023-09-21,2023-10-09,1611,2184.04,SKU-352,7
D10851,T010,2023-08-19,2023-08-25,367,342.06,SKU-111,70
D10852,T001,2023-04-10,2023-04-11,1445,2150.28,SKU-391,79
D10853,T001,2023-11-22,2023-11-26,775,1157.43,SKU-532,24
D10854,T010,2023-12-27,2024-01-07,941,814.93,SKU-564,92
D10855,T008,2023-07-11,2023-07-16,876,1386.31,SKU-288,142
D10856,T011,2023-12-04,2023-12-10,165,271.95,SKU-189,116
D10857,T011,2023-10-11,2023-10-24,850,1293.24,SKU-205,138
D10858,T007,2023-01-13,2023-01-19,1487,2466.6,SKU-033,72
D10859,T003,2023-05-25,2023-05-30,519,371.92,SKU-544,55
D10860,T010,2023-04-28,2023-05-12,1787,1604.79,SKU-133,105
D10861,T012,2023-04-16,2023-04-29,1237,1588.39,SKU-034,10
D10862,T012,2023-07-01,2023-07-02,73,90.56,SKU-526,189
D10863,T002,2023-05-06,2023-05-12,712,952.0,SKU-312,152
D10864,T009,2023-11-19,2023-11-26,46,74.5,SKU-129,39
D10865,T005,2023-10-21,2023-10-27,348,227.56,SKU-023,83
D10866,T012,2023-12-19,2023-12-21,314,483.18,SKU-126,173
D10867,T003,2023-04-12,2023-04-20,796,570.21,SKU-553,110
D10868,T012,2023-10-16,2023-10-25,1458,1984.92,SKU-199,191
D10869,T006,2023-07-26,2023-08-06,954,1448.6,SKU-593,2
D10870,T006,2023-03-27,2023-04-05,49,64.9,SKU-370,102
D10871,T004,2023-05-15,2023-05-18,1124,999.02,SKU-026,64
D10872,T007,2023-04-18,2023-04-19,1514,2277.63,SKU-135,161
D10873,T002,2023-07-03,2023-07-11,1138,1205.79,SKU-443,42
D10874,T012,2023-04-19,2023-04-24,889,1242.56,SKU-595,162
D10875,T008,2023-08-16,2023-08-31,606,1043.94,SKU-418,15
D10876,T003,2023-02-21,2023-02-24,226,185.6,SKU-079,106
D10877,T005,2023-02-26,2023-03-09,475,317.42,SKU-527,108
D10878,T001,2023-09-08,2023-09-21,480,631.77,SKU-334,169
D10879,T006,2023-06-02,2023-06-06,1326,1785.83,SKU-265,192
D10880,T007,2023-07-07,2023-07-11,1446,2128.78,SKU-260,64
D10881,T004,2023-08-13,2023-08-28,1705,1650.84,SKU-531,18
D10882,T012,2023-05-18,2023-06-06,1460,1942.82,SKU-193,87
D10883,T003,2023-10-20,2023-10-30,1689,1121.31,SKU-309,152
D10884,T010,2023-12-18,2023-12-20,1231,996.13,SKU-086,177
D10885,T002,2023-06-26,2023-07-08,1099,1259.42,SKU-377,76
D10886,T004,2023-01-02,2023-01-11,552,434.99,SKU-056,174
D10887,T007,2023-09-02,2023-09-11,995,1584.49,SKU-562,132
D10888,T003,2023-05-21,2023-05-23,1798,1388.16,SKU-147,148
D10889,T004,2023-02-18,2023-02-19,1185,1005.69,SKU-432,136
D10890,T002,2023-08-04,2023-08-19,989,1344.52,SKU-439,124
D10891,T010,2023-01-22,2023-01-26,961,939.91,SKU-037,131
D10892,T003,2023-10-03,2023-10-11,1431,934.95,SKU-179,94
D10893,T002,2023-02-22,2023-03-01,126,164.06,SKU-189,6
D10894,T008,2023-03-22,2023-04-01,1498,2098.86,SKU-042,98
D10895,T005,2023-03-25,2023-04-07,427,305.39,SKU-454,88
D10896,T003,2023-10-07,2023-10-10,723,535.94,SKU-335,147
D10897,T001,2023-05-18,2023-05-25,1765,2365.34,SKU-028,197
D10898,T004,2023-09-18,2023-09-24,1658,1509.27,SKU-334,195
D10899,T006,2023-02-11,2023-02-12,1748,2695.49,SKU-076,200
D10900,T012,2023-11-11,2023-11-12,274,333.51,SKU-362,45
D10901,T006,2023-02-20,2023-03-04,76,121.37,SKU-321,56
D10902,T009,2023-09-23,2023-10-09,1102,1842.39,SKU-492,172
D10903,T003,2023-05-20,2023-05-27,1233,846.33,SKU-002,170
D10904,T004,2023-11-03,2023-11-13,1289,965.26,SKU-533,38
D10905,T009,2023-09-18,2023-09-26,1740,2826.06,SKU-009,178
D10906,T003,2023-06-04,2023-06-07,1549,1135.15,SKU-208,115
D10907,T004,2023-01-16,2023-01-27,578,515.67,SKU-155,84
D10908,T004,2023-02-14,2023-02-16,1537,1287.06,SKU-247,178
D10909,T003,2023-10-14,2023-10-15,486,369.37,SKU-104,150
D10910,T001,2023-05-04,2023-05-09,790,984.29,SKU-210,175
D10911,T011,2023-02-12,2023-02-26,232,336.55,SKU-065,41
D10912,T011,2023-03-17,2023-03-22,142,224.03,SKU-291,26
D10913,T005,2023-06-22,2023-06-25,276,205.63,SKU-329,119
D10914,T001,2023-07-25,2023-07-26,529,780.11,SKU-270,195
D10915,T005,2023-10-18,2023-10-27,146,122.08,SKU-420,188
D10916,T002,2023-04-16,2023-04-18,915,1153.47,SKU-097,90
D10917,T003,2023-10-09,2023-10-18,750,626.63,SKU-089,158
D10918,T011,2023-05-15,2023-05-18,183,268.6,SKU-201,123
D10919,T009,2023-05-24,2023-05-26,1566,2043.51,SKU-500,187
D10920,T012,2023-11-05,2023-11-24,653,946.56,SKU-228,69
D10921,T001,2023-08-05,2023-08-12,550,779.1,SKU-315,48
D10922,T010,2023-07-07,2023-07-09,818,734.33,SKU-326,102
D10923,T006,2023-06-27,2023-07-01,318,461.05,SKU-196,172
D10924,T012,2023-09-13,2023-09-20,102,132.59,SKU-128,74
D10925,T002,2023-10-25,2023-10-28,1269,1724.28,SKU-525,33
D10926,T006,2023-11-16,2023-11-26,573,983.07,SKU-349,181
D10927,T010,2023-11-09,2023-11-15,1193,1081.73,SKU-185,34
D10928,T006,2023-08-27,2023-09-05,455,648.39,SKU-511,66
D10929,T001,2023-03-19,2023-03-22,375,447.83,SKU-368,185
D10930,T006,2023-06-26,2023-06-28,133,225.21,SKU-409,77
D10931,T008,2023-01-23,2023-01-29,589,937.57,SKU-473,72
D10932,T004,2023-12-19,2024-01-01,622,579.62,SKU-398,121
D10933,T012,2023-06-17,2023-07-03,1521,2409.14,SKU-135,107
D10934,T002,2023-04-23,2023-05-07,834,1069.29,SKU-179,160
D10935,T004,2023-06-11,2023-06-28,365,312.11,SKU-482,153
D10936,T011,2023-02-10,2023-02-20,91,139.02,SKU-157,14
D10937,T006,2023-03-04,2023-03-10,786,1276.27,SKU-116,180
D10938,T012,2023-09-14,2023-09-16,923,1396.11,SKU-326,8
D10939,T010,2023-09-12,2023-09-13,1751,1467.92,SKU-420,164
D10940,T002,2023-09-17,2023-10-03,678,823.76,SKU-056,171
D10941,T001,2023-04-05,2023-04-14,1554,1808.24,SKU-183,104
D10942,T002,2023-10-24,2023-10-30,301,329.3,SKU-340,44
D10943,T010,2023-04-17,2023-04-26,213,202.53,SKU-290,42
D10944,T011,2023-07-22,2023-07-31,568,872.33,SKU-238,194
D10945,T010,2023-02-21,2023-02-23,559,568.68,SKU-040,164
D10946,T003,2023-11-17,2023-11-26,741,533.93,SKU-189,197
D10947,T010,2023-10-16,2023-10-26,1033,942.53,SKU-328,11
D10948,T002,2023-10-21,2023-10-28,738,930.76,SKU-155,41
D10949,T012,2023-06-14,2023-06-15,124,181.56,SKU-563,110
D10950,T003,2023-01-23,2023-02-09,844,662.5,SKU-569,141
D10951,T005,2023-07-14,2023-07-17,63,51.08,SKU-553,9
D10952,T006,2023-11-24,2023-12-01,843,1295.91,SKU-377,69
D10953,T011,2023-09-08,2023-09-26,1130,1632.79,SKU-411,69
D10954,T006,2023-09-16,2023-09-30,1717,2897.0,SKU-181,24
D10955,T011,2023-12-01,2023-12-04,1328,1765.31,SKU-043,170
D10956,T003,2023-04-07,2023-04-09,1531,1285.78,SKU-437,18
D10957,T002,2023-06-26,2023-07-01,738,955.41,SKU-397,64
D10958,T008,2023-08-10,2023-08-13,1279,2195.58,SKU-487,20
D10959,T009,2023-08-02,2023-08-04,1484,2444.99,SKU-260,140
D10960,T007,2023-04-16,2023-04-28,1568,2410.78,SKU-509,82
D10961,T004,2023-08-08,2023-08-16,838,753.12,SKU-350,176
D10962,T005,2023-06-14,2023-06-23,378,275.77,SKU-496,135
D10963,T012,2023-08-06,2023-08-09,1717,2540.17,SKU-577,14
D10964,T001,2023-09-28,2023-10-06,625,784.1,SKU-568,113
D10965,T006,2023-05-12,2023-05-15,893,1204.55,SKU-389,2
D10966,T001,2023-04-21,2023-05-05,1597,2233.58,SKU-034,30
D10967,T008,2023-01-06,2023-01-17,1078,1497.6,SKU-452,80
D10968,T003,2023-05-10,2023-05-18,1336,1048.88,SKU-205,82
D10969,T010,2023-10-15,2023-10-23,1669,1281.49,SKU-568,4
D10970,T004,2023-12-18,2024-01-01,799,729.58,SKU-339,127
D10971,T008,2023-11-21,2023-11-27,1243,1715.65,SKU-084,104
D10972,T010,2023-06-02,2023-06-06,103,78.82,SKU-415,186
D10973,T002,2023-10-05,2023-10-23,1585,1840.95,SKU-106,189
D10974,T002,2023-09-17,2023-09-25,632,693.47,SKU-018,18
D10975,T008,2023-04-24,2023-05-01,120,185.92,SKU-584,51
D10976,T004,2023-10-26,2023-10-29,1470,1264.31,SKU-123,186
D10977,T010,2023-08-16,2023-09-01,1011,801.02,SKU-050,158
D10978,T011,2023-05-13,2023-05-20,947,1208.79,SKU-287,128
D10979,T002,2023-10-07,2023-10-10,1435,1777.88,SKU-487,74
D10980,T006,2023-09-28,2023-10-10,1262,2135.2,SKU-326,4
D10981,T003,2023-05-10,2023-05-18,437,367.44,SKU-194,189
D10982,T005,2023-10-24,2023-10-30,1095,763.27,SKU-096,186
D10983,T008,2023-02-04,2023-02-05,370,587.11,SKU-421,80
D10984,T006,2023-08-17,2023-08-18,1504,2011.04,SKU-420,49
D10985,T001,2023-01-16,2023-01-23,1599,1945.49,SKU-347,87
D10986,T009,2023-02-03,2023-02-09,1651,2491.71,SKU-261,146
D10987,T012,2023-08-25,2023-08-28,680,1022.4,SKU-416,61
D10988,T005,2023-03-06,2023-03-14,983,831.3,SKU-558,185
D10989,T001,2023-06-08,2023-06-26,698,815.09,SKU-519,157
D10990,T011,2023-03-12,2023-03-24,689,963.16,SKU-334,165
D10991,T011,2023-01-26,2023-02-08,211,276.12,SKU-164,108
D10992,T002,2023-04-15,2023-04-24,1033,1174.75,SKU-446,68
D10993,T004,2023-04-12,2023-04-21,859,778.09,SKU-080,175
D10994,T002,2023-04-27,2023-05-07,695,775.82,SKU-227,170
D10995,T012,2023-11-20,2023-12-03,100,138.72,SKU-370,159
D10996,T005,2023-04-26,2023-04-28,1495,1262.9,SKU-240,111
D10997,T008,2023-12-28,2023-12-31,1144,1902.89,SKU-030,49
D10998,T012,2023-10-12,2023-10-21,609,854.38,SKU-260,87
D10999,T003,2023-11-24,2023-11-29,1533,1233.51,SKU-591,112
D11000,T002,2023-09-05,2023-09-16,483,638.35,SKU-179,172
D11001,T005,2023-02-03,2023-02-09,764,560.78,SKU-196,35
D11002,T005,2023-06-27,2023-07-06,988,797.71,SKU-401,168
D11003,T004,2023-09-16,2023-10-04,1030,932.34,SKU-092,19
D11004,T003,2023-04-27,2023-05-15,132,106.18,SKU-174,6
D11005,T004,2023-05-20,2023-06-01,645,539.09,SKU-045,64
D11006,T005,2023-08-18,2023-08-19,301,219.87,SKU-463,85
D11007,T003,2023-03-03,2023-03-10,937,746.07,SKU-072,170
D11008,T008,2023-03-13,2023-03-28,1674,2977.47,SKU-550,67
D11009,T004,2023-08-24,2023-09-02,956,767.24,SKU-017,140
D11010,T012,2023-06-08,2023-06-13,321,456.43,SKU-593,27
D11011,T012,2023-05-28,2023-06-02,541,757.06,SKU-014,5
D11012,T012,2023-10-15,2023-10-23,994,1387.09,SKU-065,79
D11013,T010,2023-12-26,2024-01-08,974,842.66,SKU-320,195
D11014,T001,2023-06-18,2023-07-05,790,998.51,SKU-507,107
D11015,T009,2023-07-11,2023-07-14,1053,1761.74,SKU-238,199
D11016,T008,2023-05-28,2023-06-10,1465,2239.2,SKU-317,112
D11017,T012,2023-09-02,2023-09-13,1028,1470.71,SKU-473,166
D11018,T006,2023-04-13,2023-04-18,1675,2812.83,SKU-323,191
D11019,T003,2023-05-04,2023-05-20,824,697.19,SKU-460,88
D11020,T007,2023-04-14,2023-04-24,1539,2209.63,SKU-458,157
D11021,T012,2023-03-05,2023-03-08,679,901.02,SKU-248,1
D11022,T001,2023-07-23,2023-07-31,1048,1474.42,SKU-138,70
D11023,T001,2023-01-05,2023-01-09,855,1162.25,SKU-275,97
D11024,T002,2023-02-25,2023-02-26,1162,1320.0,SKU-598,182
D11025,T008,2023-12-15,2023-12-17,137,234.72,SKU-173,45
D11026,T002,2023-11-27,2023-12-06,1727,2138.12,SKU-001,74
D11027,T004,2023-08-25,2023-08-27,1594,1220.02,SKU-599,128
D11028,T002,2023-12-19,2023-12-20,433,521.0,SKU-342,70
D11029,T006,2023-03-20,2023-03-24,1308,2070.96,SKU-115,96
D11030,T012,2023-08-11,2023-08-19,1119,1761.38,SKU-447,3
D11031,T006,2023-02-16,2023-02-17,68,87.9,SKU-089,91
D11032,T012,2023-02-21,2023-02-27,275,379.86,SKU-220,13
D11033,T011,2023-05-24,2023-05-26,1629,2702.25,SKU-315,115
D11034,T002,2023-01-17,2023-01-25,60,82.7,SKU-173,29
D11035,T007,2023-10-28,2023-11-03,1572,2531.25,SKU-253,176
D11036,T012,2023-06-03,2023-06-05,244,301.46,SKU-004,119
D11037,T002,2023-06-13,2023-06-23,919,1237.08,SKU-240,11
D11038,T001,2023-12-18,2023-12-28,1217,1792.99,SKU-152,19
D11039,T006,2023-05-07,2023-05-10,1504,2542.6,SKU-173,180
D11040,T009,2023-08-10,2023-08-14,1295,1871.58,SKU-407,67
D11041,T003,2023-02-02,2023-02-05,136,90.06,SKU-092,117
D11042,T003,2023-05-24,2023-06-02,1014,813.67,SKU-403,176
D11043,T001,2023-03-14,2023-03-15,375,552.77,SKU-549,123
D11044,T007,2023-12-10,2023-12-12,304,438.55,SKU-546,82
D11045,T010,2023-05-21,2023-05-23,407,341.31,SKU-207,80
D11046,T003,2023-11-06,2023-11-14,1500,1045.02,SKU-343,76
D11047,T007,2023-08-23,2023-09-05,579,866.84,SKU-298,100
D11048,T009,2023-12-17,2023-12-31,765,971.55,SKU-482,182
D11049,T010,2023-09-09,2023-09-14,1044,835.36,SKU-568,20
D11050,T005,2023-03-25,2023-04-03,681,576.12,SKU-225,121
D11051,T007,2023-08-07,2023-08-13,355,527.67,SKU-050,197
D11052,T001,2023-11-11,2023-11-24,1595,2126.17,SKU-486,63
D11053,T011,2023-01-10,2023-01-16,1489,2021.19,SKU-166,70
D11054,T011,2023-09-18,2023-10-01,989,1572.86,SKU-322,59
D11055,T008,2023-03-08,2023-03-15,597,822.41,SKU-034,23
D11056,T007,2023-10-20,2023-10-31,1485,2531.09,SKU-242,39
D11057,T010,2023-03-16,2023-03-20,1484,1350.14,SKU-520,22
D11058,T003,2023-01-12,2023-01-23,1080,713.53,SKU-474,172
D11059,T002,2023-07-15,2023-07-26,1716,2056.98,SKU-185,122
D11060,T011,2023-06-03,2023-06-19,1557,2290.65,SKU-519,86
D11061,T005,2023-11-28,2023-12-08,1355,1001.4,SKU-401,198
D11062,T008,2023-04-18,2023-04-25,1183,1673.91,SKU-093,65
D11063,T008,2023-12-22,2023-12-28,1685,2562.81,SKU-017,146
D11064,T004,2023-06-20,2023-06-24,922,832.64,SKU-298,68
D11065,T011,2023-12-01,2023-12-16,1711,2641.34,SKU-049,147
D11066,T003,2023-04-09,2023-04-18,591,459.37,SKU-385,96
D11067,T010,2023-04-07,2023-04-14,1455,1479.71,SKU-149,55
D11068,T008,2023-03-16,2023-03-20,1727,2614.87,SKU-008,157
D11069,T008,2023-09-20,2023-09-27,171,270.58,SKU-411,199
D11070,T006,2023-02-18,2023-02-24,544,894.17,SKU-399,195
D11071,T005,2023-03-24,2023-04-01,1090,726.53,SKU-526,22
D11072,T002,2023-07-24,2023-08-02,347,440.05,SKU-432,197
D11073,T008,2023-11-02,2023-11-17,1791,2668.11,SKU-332,72
D11074,T009,2023-12-17,2023-12-24,1430,2014.37,SKU-083,2
D11075,T010,2023-01-20,2023-01-29,406,386.63,SKU-415,157
D11076,T002,2023-04-14,2023-04-15,434,489.19,SKU-504,165
D11077,T005,2023-09-08,2023-09-12,1524,1273.17,SKU-002,167
D11078,T002,2023-10-14,2023-10-21,1177,1525.98,SKU-364,5
D11079,T005,2023-10-14,2023-10-18,1145,786.2,SKU-575,149
D11080,T008,2023-08-01,2023-08-08,559,833.41,SKU-373,4
D11081,T011,2023-01-01,2023-01-08,1240,1772.44,SKU-441,185
D11082,T007,2023-08-28,2023-09-14,270,381.0,SKU-256,170
D11083,T009,2023-03-15,2023-03-30,1238,1708.2,SKU-146,116
D11084,T008,2023-02-07,2023-02-09,1312,1818.48,SKU-167,13
D11085,T005,2023-04-21,2023-04-22,982,810.89,SKU-401,162
D11086,T011,2023-08-25,2023-08-31,1365,1929.74,SKU-509,76
D11087,T005,2023-01-01,2023-01-03,1718,1342.48,SKU-039,152
D11088,T007,2023-12-25,2024-01-03,1615,2333.92,SKU-420,20
D11089,T010,2023-05-20,2023-06-01,327,322.02,SKU-566,163
D11090,T007,2023-04-22,2023-04-23,734,1004.81,SKU-541,103
D11091,T011,2023-04-10,2023-04-12,1177,1727.32,SKU-014,11
D11092,T010,2023-08-12,2023-08-21,1071,1045.05,SKU-382,112
D11093,T007,2023-03-10,2023-03-19,145,237.51,SKU-032,5
D11094,T007,2023-02-22,2023-02-26,1580,2546.4,SKU-473,68
D11095,T003,2023-05-04,2023-05-19,1295,1068.13,SKU-175,182
D11096,T012,2023-09-22,2023-09-25,1286,1776.12,SKU-060,49
D11097,T010,2023-10-15,2023-10-19,116,98.38,SKU-184,71
D11098,T008,2023-12-22,2023-12-30,390,673.65,SKU-512,135
D11099,T001,2023-05-15,2023-05-16,738,913.88,SKU-600,11
D11100,T003,2023-11-19,2023-12-06,755,490.81,SKU-470,1
D11101,T005,2023-01-15,2023-01-27,1307,883.63,SKU-291,36
D11102,T011,2023-01-16,2023-02-04,865,1389.91,SKU-573,47
D11103,T005,2023-06-07,2023-06-18,973,766.68,SKU-248,103
D11104,T001,2023-08-18,2023-09-02,1646,2105.39,SKU-221,10
D11105,T008,2023-07-06,2023-07-16,1411,2164.01,SKU-287,185
D11106,T007,2023-04-08,2023-04-09,323,487.61,SKU-040,55
D11107,T006,2023-11-01,2023-11-10,402,528.59,SKU-170,153
D11108,T012,2023-07-06,2023-07-13,807,1190.73,SKU-242,164
D11109,T006,2023-12-27,2024-01-07,1201,1679.8,SKU-370,38
D11110,T012,2023-01-13,2023-01-31,791,962.97,SKU-134,176
D11111,T012,2023-11-02,2023-11-12,1126,1707.53,SKU-049,161
D11112,T002,2023-01-18,2023-01-22,804,962.36,SKU-083,148
D11113,T010,2023-09-24,2023-09-30,1475,1161.91,SKU-491,83
D11114,T011,2023-11-03,2023-11-04,1481,2281.84,SKU-341,71
D11115,T009,2023-12-01,2023-12-08,1239,2008.71,SKU-014,63
D11116,T012,2023-06-22,2023-07-04,1370,1885.11,SKU-007,94
D11117,T012,2023-10-18,2023-10-29,333,435.03,SKU-377,188
D11118,T011,2023-10-13,2023-10-18,337,540.78,SKU-357,49
D11119,T002,2023-12-15,2023-12-21,284,308.95,SKU-301,199
D11120,T011,2023-11-16,2023-11-25,610,977.16,SKU-269,45
D11121,T010,2023-12-01,2023-12-09,670,545.8,SKU-390,95
D11122,T008,2023-06-20,2023-06-27,688,1036.17,SKU-454,100
D11123,T011,2023-07-12,2023-07-17,1640,2540.71,SKU-346,105
D11124,T004,2023-11-01,2023-11-09,1172,1034.76,SKU-356,158
D11125,T008,2023-06-21,2023-06-23,181,307.59,SKU-023,123
D11126,T010,2023-06-06,2023-06-20,1697,1352.86,SKU-584,197
D11127,T005,2023-05-09,2023-05-14,503,396.05,SKU-316,159
D11128,T011,2023-07-17,2023-07-21,579,750.01,SKU-058,21
D11129,T009,2023-11-15,2023-11-19,727,1210.49,SKU-151,36
D11130,T008,2023-11-10,2023-11-23,180,256.02,SKU-116,27
D11131,T004,2023-03-20,2023-03-27,1169,1095.9,SKU-598,19
D11132,T005,2023-08-16,2023-08-30,1285,1058.28,SKU-006,192
D11133,T005,2023-09-23,2023-10-02,1493,1220.47,SKU-340,182
D11134,T001,2023-09-17,2023-09-28,106,150.5,SKU-439,189
D11135,T007,2023-03-01,2023-03-14,503,742.51,SKU-189,51
D11136,T002,2023-06-05,2023-06-15,1237,1495.89,SKU-179,78
D11137,T012,2023-03-08,2023-03-15,590,932.82,SKU-302,122
D11138,T006,2023-12-10,2023-12-18,1508,2215.58,SKU-471,148
D11139,T005,2023-10-16,2023-10-17,372,289.72,SKU-231,104
D11140,T009,2023-01-22,2023-02-05,579,972.7,SKU-097,82
D11141,T001,2023-12-18,2023-12-25,313,419.47,SKU-070,147
D11142,T005,2023-04-15,2023-04-20,966,798.35,SKU-052,52
D11143,T011,2023-10-08,2023-10-09,1059,1346.77,SKU-313,109
D11144,T004,2023-07-18,2023-07-26,371,328.3,SKU-577,91
D11145,T008,2023-03-10,2023-03-21,714,1270.57,SKU-044,17
D11146,T010,2023-05-19,2023-05-20,1589,1262.36,SKU-594,89
D11147,T006,2023-10-24,2023-10-27,681,1048.61,SKU-371,134
D11148,T002,2023-09-08,2023-09-14,537,655.29,SKU-228,93
D11149,T008,2023-09-07,2023-09-20,1004,1361.79,SKU-173,95
D11150,T005,2023-08-06,2023-08-07,134,108.55,SKU-283,183
D11151,T003,2023-07-02,2023-07-14,1087,752.36,SKU-599,145
D11152,T005,2023-03-09,2023-03-13,863,558.97,SKU-433,74
D11153,T001,2023-08-10,2023-08-16,218,313.75,SKU-265,54
D11154,T007,2023-09-18,2023-09-20,1132,1969.19,SKU-322,179
D11155,T004,2023-02-17,2023-02-22,1483,1216.0,SKU-384,157
D11156,T005,2023-09-14,2023-09-20,714,581.11,SKU-290,26
D11157,T003,2023-07-26,2023-08-03,679,458.9,SKU-115,115
D11158,T004,2023-02-24,2023-03-02,1021,953.08,SKU-021,168
D11159,T001,2023-03-22,2023-03-29,92,131.67,SKU-231,77
D11160,T010,2023-09-15,2023-09-21,1010,1002.29,SKU-378,141
D11161,T003,2023-10-26,2023-11-02,509,381.12,SKU-303,87
D11162,T001,2023-05-05,2023-05-09,758,904.42,SKU-593,177
D11163,T004,2023-03-10,2023-03-17,163,136.59,SKU-304,19
D11164,T012,2023-11-03,2023-11-07,1151,1816.01,SKU-244,75
D11165,T003,2023-12-05,2023-12-10,1120,844.19,SKU-025,14
D11166,T012,2023-11-13,2023-11-19,584,708.62,SKU-102,11
D11167,T006,2023-06-19,2023-06-22,1572,2631.25,SKU-073,30
D11168,T011,2023-12-23,2023-12-24,906,1151.38,SKU-538,150
D11169,T012,2023-08-23,2023-08-27,781,1146.41,SKU-282,104
D11170,T001,2023-06-27,2023-07-06,1636,1894.54,SKU-463,129
D11171,T006,2023-03-09,2023-03-16,1184,1576.99,SKU-498,75
D11172,T002,2023-12-27,2024-01-06,1386,1819.64,SKU-501,109
D11173,T007,2023-09-11,2023-09-16,847,1344.91,SKU-589,128
D11174,T008,2023-05-08,2023-05-16,1030,1764.56,SKU-326,10
D11175,T012,2023-06-03,2023-06-19,1696,2612.59,SKU-542,121
D11176,T006,2023-08-08,2023-08-09,834,1164.25,SKU-122,151
D11177,T004,2023-06-10,2023-06-14,46,37.06,SKU-100,18
D11178,T008,2023-09-03,2023-09-18,563,1002.07,SKU-287,40
D11179,T003,2023-03-01,2023-03-16,1281,847.91,SKU-383,179
D11180,T008,2023-06-13,2023-06-17,1062,1621.0,SKU-260,14
D11181,T003,2023-09-08,2023-09-11,365,238.46,SKU-518,42
D11182,T008,2023-10-06,2023-10-16,820,1349.29,SKU-190,180
D11183,T011,2023-04-26,2023-05-04,1469,1929.16,SKU-150,32
D11184,T012,2023-01-16,2023-01-27,1684,2202.79,SKU-600,94
D11185,T001,2023-05-10,2023-05-12,58,76.44,SKU-358,20
D11186,T008,2023-02-27,2023-03-04,701,1173.23,SKU-145,143
D11187,T011,2023-05-20,2023-05-22,742,1022.16,SKU-423,196
D11188,T001,2023-12-03,2023-12-10,120,174.36,SKU-402,85
D11189,T001,2023-06-08,2023-06-10,1696,2365.51,SKU-065,20
D11190,T002,2023-03-16,2023-04-04,356,465.91,SKU-008,31
D11191,T011,2023-11-20,2023-11-23,956,1259.1,SKU-598,40
D11192,T012,2023-06-08,2023-06-13,846,1174.01,SKU-128,6
D11193,T007,2023-10-17,2023-11-02,664,1045.93,SKU-431,54
D11194,T003,2023-07-06,2023-07-12,551,454.61,SKU-119,31
D11195,T005,2023-04-25,2023-05-02,560,456.83,SKU-006,6
D11196,T008,2023-09-02,2023-09-18,1601,2400.11,SKU-390,154
D11197,T007,2023-11-21,2023-11-28,126,217.19,SKU-524,132
D11198,T007,2023-11-05,2023-11-14,716,1095.45,SKU-538,107
D11199,T008,2023-09-20,2023-09-25,520,715.92,SKU-440,155
D11200,T009,2023-04-07,2023-04-21,799,1304.57,SKU-278,2
D11201,T004,2023-07-10,2023-07-19,1231,1201.48,SKU-522,78
D11202,T007,2023-01-17,2023-02-02,388,617.56,SKU-253,2
D11203,T002,2023-04-11,2023-04-12,293,371.21,SKU-318,163
D11204,T008,2023-09-21,2023-10-06,1460,2582.81,SKU-104,56
D11205,T002,2023-10-19,2023-10-27,866,1011.45,SKU-170,38
D11206,T010,2023-06-23,2023-06-30,873,751.51,SKU-401,25
D11207,T012,2023-04-08,2023-04-14,1356,1983.52,SKU-107,155
D11208,T005,2023-01-21,2023-01-26,975,667.32,SKU-554,9
D11209,T005,2023-02-08,2023-02-12,1639,1189.25,SKU-370,183
D11210,T003,2023-12-24,2023-12-29,1642,1391.52,SKU-302,172
D11211,T010,2023-08-20,2023-09-06,1152,1056.67,SKU-456,91
D11212,T009,2023-04-18,2023-04-29,252,333.14,SKU-083,181
D11213,T010,2023-11-11,2023-11-24,79,74.77,SKU-028,175
D11214,T010,2023-08-22,2023-08-29,902,750.78,SKU-401,65
D11215,T002,2023-09-05,2023-09-20,596,713.22,SKU-089,97
D11216,T002,2023-11-09,2023-11-15,1336,1439.48,SKU-171,187
D11217,T006,2023-06-28,2023-07-07,1007,1543.02,SKU-006,93
D11218,T006,2023-08-11,2023-08-19,562,898.82,SKU-296,191
D11219,T007,2023-02-02,2023-02-04,636,858.22,SKU-445,183
D11220,T008,2023-10-15,2023-10-18,1313,2078.4,SKU-362,173
D11221,T005,2023-03-22,2023-04-07,204,156.35,SKU-354,161
D11222,T004,2023-10-20,2023-10-30,438,384.31,SKU-151,144
D11223,T005,2023-01-12,2023-01-25,368,248.83,SKU-070,128
D11224,T001,2023-08-07,2023-08-08,1304,1765.57,SKU-038,45
D11225,T001,2023-03-03,2023-03-22,392,548.01,SKU-082,37
D11226,T009,2023-09-23,2023-09-26,138,215.72,SKU-364,75
D11227,T001,2023-10-20,2023-11-02,1283,1509.77,SKU-563,144
D11228,T011,2023-02-17,2023-03-02,536,744.31,SKU-223,79
D11229,T003,2023-08-02,2023-08-11,178,142.59,SKU-446,50
D11230,T006,2023-07-28,2023-08-13,1580,2150.34,SKU-449,79
D11231,T012,2023-12-19,2023-12-22,1250,1969.18,SKU-238,44
D11232,T009,2023-11-17,2023-11-21,813,1139.83,SKU-253,180
D11233,T012,2023-07-02,2023-07-17,874,1127.14,SKU-107,144
D11234,T008,2023-07-14,2023-07-25,664,1097.26,SKU-448,131
D11235,T008,2023-04-16,2023-04-22,1153,1629.78,SKU-039,193
D11236,T006,2023-01-02,2023-01-09,1698,2846.64,SKU-487,181
D11237,T011,2023-01-06,2023-01-14,817,1180.11,SKU-195,45
D11238,T011,2023-11-14,2023-11-23,1663,2718.16,SKU-399,155
D11239,T012,2023-03-28,2023-04-02,1630,2606.67,SKU-143,49
D11240,T010,2023-01-25,2023-02-11,393,368.64,SKU-381,102
D11241,T012,2023-09-16,2023-09-18,125,154.65,SKU-281,110
D11242,T005,2023-03-20,2023-03-22,539,402.2,SKU-488,40
D11243,T003,2023-05-02,2023-05-06,1008,757.52,SKU-452,139
D11244,T009,2023-09-01,2023-09-11,1187,1562.08,SKU-483,102
D11245,T004,2023-04-28,2023-05-12,1491,1272.06,SKU-566,154
D11246,T012,2023-01-01,2023-01-10,1151,1597.87,SKU-056,195
D11247,T004,2023-11-01,2023-11-04,793,778.79,SKU-016,58
D11248,T007,2023-07-04,2023-07-10,1580,2153.25,SKU-247,24
D11249,T011,2023-10-16,2023-10-23,390,568.72,SKU-265,188
D11250,T006,2023-06-11,2023-06-19,710,936.84,SKU-085,56
D11251,T001,2023-09-04,2023-09-07,1474,2075.53,SKU-597,2
D11252,T012,2023-11-20,2023-11-22,1317,1861.26,SKU-497,162
D11253,T002,2023-01-28,2023-01-31,1518,1684.97,SKU-407,48
D11254,T002,2023-06-26,2023-06-29,378,471.28,SKU-551,191
D11255,T004,2023-03-03,2023-03-12,674,551.94,SKU-345,153
D11256,T005,2023-10-14,2023-10-23,1703,1329.02,SKU-195,79
D11257,T011,2023-10-18,2023-10-24,980,1280.51,SKU-446,17
D11258,T010,2023-06-20,2023-06-29,1108,871.76,SKU-177,83
D11259,T011,2023-03-04,2023-03-10,1389,1781.14,SKU-235,174
D11260,T012,2023-10-05,2023-10-10,1235,1948.28,SKU-478,163
D11261,T004,2023-09-12,2023-09-24,213,194.04,SKU-207,146
D11262,T009,2023-07-21,2023-07-30,634,862.55,SKU-477,4
D11263,T002,2023-04-20,2023-04-30,1543,1672.43,SKU-329,136
D11264,T004,2023-05-08,2023-05-12,1474,1260.95,SKU-435,134
D11265,T009,2023-03-23,2023-03-28,1012,1633.11,SKU-090,44
D11266,T011,2023-03-01,2023-03-15,374,512.02,SKU-353,22
D11267,T005,2023-08-07,2023-08-17,1080,740.31,SKU-130,175
D11268,T011,2023-12-13,2023-12-14,1078,1645.69,SKU-108,9
D11269,T012,2023-03-27,2023-04-02,502,764.2,SKU-108,189
D11270,T011,2023-06-23,2023-07-04,1407,1928.85,SKU-372,145
D11271,T005,2023-07-25,2023-08-02,1166,785.2,SKU-206,132
D11272,T001,2023-05-02,2023-05-13,1712,2250.65,SKU-176,136
D11273,T002,2023-05-20,2023-05-31,1573,1710.66,SKU-441,149
D11274,T008,2023-01-07,2023-01-12,225,352.17,SKU-552,151
D11275,T005,2023-04-20,2023-04-24,1176,782.47,SKU-364,50
D11276,T003,2023-04-24,2023-05-03,1412,1054.55,SKU-523,148
D11277,T002,2023-11-14,2023-12-01,1569,1778.44,SKU-436,147
D11278,T004,2023-02-05,2023-02-16,1558,1199.7,SKU-486,36
D11279,T009,2023-06-17,2023-07-01,130,213.35,SKU-176,117
D11280,T006,2023-07-12,2023-07-20,1783,2984.62,SKU-076,126
D11281,T008,2023-09-11,2023-09-18,146,220.09,SKU-457,115
D11282,T003,2023-04-24,2023-04-26,245,202.05,SKU-184,5
D11283,T005,2023-06-06,2023-06-12,715,599.33,SKU-580,140
D11284,T010,2023-11-17,2023-11-27,833,678.59,SKU-581,176
D11285,T011,2023-12-03,2023-12-16,1334,2165.26,SKU-211,139
D11286,T006,2023-06-04,2023-06-11,1592,2085.35,SKU-113,111
D11287,T006,2023-03-10,2023-03-16,936,1448.04,SKU-131,131
D11288,T007,2023-04-12,2023-04-19,1061,1741.19,SKU-354,166
D11289,T010,2023-06-11,2023-06-18,922,736.63,SKU-355,24
D11290,T004,2023-06-21,2023-07-07,634,546.82,SKU-408,100
D11291,T001,2023-06-11,2023-06-21,1722,2257.56,SKU-066,83
D11292,T011,2023-12-03,2023-12-19,189,314.34,SKU-057,148
D11293,T012,2023-01-06,2023-01-15,1643,2517.35,SKU-299,175
D11294,T009,2023-03-25,2023-04-09,43,67.91,SKU-468,101
D11295,T005,2023-01-27,2023-01-29,593,492.42,SKU-419,123
D11296,T001,2023-03-04,2023-03-10,829,1018.85,SKU-007,53
D11297,T011,2023-07-19,2023-07-26,1703,2274.17,SKU-140,125
D11298,T001,2023-05-03,2023-05-13,226,333.19,SKU-238,42
D11299,T004,2023-05-12,2023-05-24,1216,1210.26,SKU-568,141
D11300,T009,2023-11-27,2023-12-05,101,134.84,SKU-035,91
D11301,T001,2023-12-25,2023-12-30,435,597.89,SKU-187,51
D11302,T006,2023-03-19,2023-04-04,99,148.83,SKU-244,131
D11303,T011,2023-04-23,2023-04-24,1434,2331.61,SKU-510,186
D11304,T010,2023-04-27,2023-04-28,805,622.17,SKU-284,59
D11305,T004,2023-02-07,2023-02-14,312,258.26,SKU-178,183
D11306,T007,2023-01-22,2023-01-29,660,935.08,SKU-059,198
D11307,T003,2023-04-04,2023-04-05,836,572.75,SKU-499,94
D11308,T005,2023-02-02,2023-02-08,1220,977.1,SKU-177,107
D11309,T012,2023-09-16,2023-09-18,1730,2532.95,SKU-323,146
D11310,T007,2023-01-06,2023-01-12,1524,2417.85,SKU-320,108
D11311,T003,2023-07-04,2023-07-12,907,776.52,SKU-132,173
D11312,T007,2023-08-18,2023-08-25,1478,1987.38,SKU-558,43
D11313,T002,2023-04-10,2023-04-17,1791,2338.59,SKU-074,128
D11314,T001,2023-06-28,2023-07-09,1346,1625.24,SKU-477,80
D11315,T005,2023-07-17,2023-07-20,1490,1002.97,SKU-589,167
D11316,T001,2023-09-20,2023-09-28,1084,1279.97,SKU-124,99
D11317,T009,2023-09-16,2023-09-20,1061,1572.28,SKU-472,107
D11318,T003,2023-03-17,2023-03-27,783,598.66,SKU-280,162
D11319,T009,2023-11-08,2023-11-09,331,524.73,SKU-499,2
D11320,T010,2023-07-24,2023-07-25,1681,1399.76,SKU-447,80
D11321,T003,2023-01-22,2023-01-29,1647,1204.15,SKU-541,135
D11322,T009,2023-04-13,2023-04-30,1489,1985.11,SKU-315,41
D11323,T009,2023-10-26,2023-11-02,604,901.26,SKU-209,156
D11324,T008,2023-07-13,2023-07-22,462,765.79,SKU-365,12
D11325,T010,2023-05-09,2023-05-12,1529,1436.27,SKU-561,7
D11326,T010,2023-05-16,2023-05-28,1788,1760.02,SKU-199,24
D11327,T001,2023-03-23,2023-04-05,790,1101.65,SKU-251,71
D11328,T002,2023-03-14,2023-03-21,962,1332.38,SKU-306,158
D11329,T007,2023-04-12,2023-04-16,1785,2830.82,SKU-140,126
D11330,T001,2023-12-23,2023-12-26,1230,1396.07,SKU-380,52
D11331,T003,2023-06-02,2023-06-06,285,189.36,SKU-307,76
D11332,T006,2023-09-28,2023-10-14,1520,1989.55,SKU-572,185
D11333,T001,2023-03-11,2023-03-22,375,505.03,SKU-274,125
D11334,T012,2023-08-13,2023-08-23,47,66.0,SKU-314,159
D11335,T005,2023-07-19,2023-07-20,1656,1159.97,SKU-518,37
D11336,T005,2023-08-21,2023-08-24,890,667.38,SKU-402,5
D11337,T006,2023-06-28,2023-07-01,772,1174.36,SKU-597,54
D11338,T009,2023-02-12,2023-02-17,787,1091.12,SKU-346,175
D11339,T009,2023-11-23,2023-12-02,187,311.17,SKU-087,160
D11340,T011,2023-03-24,2023-04-04,226,289.1,SKU-034,188
D11341,T012,2023-02-21,2023-03-10,667,946.53,SKU-079,199
D11342,T009,2023-02-12,2023-02-27,686,942.11,SKU-193,81
D11343,T009,2023-05-14,2023-05-24,1178,1675.18,SKU-142,27
D11344,T010,2023-02-08,2023-02-20,112,112.12,SKU-323,161
D11345,T009,2023-07-16,2023-07-24,1225,1956.12,SKU-049,153
D11346,T010,2023-09-19,2023-09-27,1442,1254.27,SKU-116,10
D11347,T007,2023-04-10,2023-04-11,47,83.7,SKU-111,11
D11348,T008,2023-09-05,2023-09-14,812,1114.57,SKU-078,76
D11349,T004,2023-02-25,2023-03-02,823,797.94,SKU-068,146
D11350,T002,2023-06-19,2023-06-28,1438,1790.94,SKU-574,89
D11351,T012,2023-10-28,2023-11-01,1548,2365.75,SKU-154,153
D11352,T003,2023-12-02,2023-12-19,1258,935.61,SKU-197,40
D11353,T002,2023-02-07,2023-02-14,1247,1313.25,SKU-206,31
D11354,T007,2023-10-26,2023-11-03,969,1639.29,SKU-390,149
D11355,T003,2023-01-23,2023-02-11,859,606.53,SKU-169,159
D11356,T012,2023-02-18,2023-02-22,1698,2331.07,SKU-453,11
D11357,T005,2023-11-27,2023-12-15,185,156.09,SKU-110,19
D11358,T004,2023-02-17,2023-02-18,380,376.49,SKU-155,95
D11359,T010,2023-10-22,2023-10-28,1457,1455.33,SKU-322,131
D11360,T008,2023-11-24,2023-11-25,1172,1846.14,SKU-510,10
D11361,T011,2023-06-14,2023-06-22,1279,1929.19,SKU-117,102
D11362,T009,2023-06-24,2023-06-25,260,410.6,SKU-365,100
D11363,T009,2023-08-24,2023-08-30,490,734.92,SKU-551,97
D11364,T002,2023-04-25,2023-05-01,970,1043.2,SKU-018,150
D11365,T011,2023-10-17,2023-10-20,1200,1769.65,SKU-144,161
D11366,T012,2023-11-25,2023-12-03,775,1041.22,SKU-348,167
D11367,T004,2023-03-03,2023-03-11,1700,1456.56,SKU-179,120
D11368,T006,2023-01-22,2023-01-28,711,926.13,SKU-474,124
D11369,T011,2023-05-08,2023-05-09,866,1169.27,SKU-592,26
D11370,T009,2023-03-26,2023-04-01,618,867.55,SKU-532,157
D11371,T004,2023-05-21,2023-06-06,351,277.82,SKU-203,142
D11372,T010,2023-07-28,2023-08-07,798,776.98,SKU-344,37
D11373,T008,2023-03-18,2023-03-19,1301,1900.08,SKU-562,188
D11374,T002,2023-09-25,2023-10-02,1158,1312.14,SKU-412,147
D11375,T001,2023-02-19,2023-03-01,256,290.9,SKU-072,86
D11376,T008,2023-12-08,2023-12-27,1285,2144.63,SKU-289,162
D11377,T002,2023-06-15,2023-06-19,1321,1598.08,SKU-270,5
D11378,T003,2023-10-02,2023-10-03,282,231.99,SKU-122,153
D11379,T002,2023-07-10,2023-07-22,761,829.64,SKU-300,54
D11380,T008,2023-04-01,2023-04-07,627,1057.69,SKU-031,100
D11381,T008,2023-09-23,2023-09-28,114,198.86,SKU-565,127
D11382,T010,2023-06-05,2023-06-11,118,94.13,SKU-050,196
D11383,T006,2023-01-20,2023-01-23,439,654.99,SKU-156,32
D11384,T004,2023-05-27,2023-06-04,623,600.02,SKU-092,43
D11385,T004,2023-10-03,2023-10-16,1725,1310.99,SKU-299,166
D11386,T003,2023-12-21,2023-12-31,467,362.96,SKU-120,16
D11387,T010,2023-08-16,2023-08-22,1281,1140.74,SKU-528,81
D11388,T003,2023-11-19,2023-11-23,929,649.19,SKU-430,30
D11389,T009,2023-11-04,2023-11-06,1775,2657.83,SKU-096,9
D11390,T007,2023-09-25,2023-10-01,719,991.71,SKU-343,114
D11391,T004,2023-06-27,2023-07-02,1628,1311.94,SKU-209,194
D11392,T007,2023-03-17,2023-03-21,124,176.42,SKU-138,24
D11393,T001,2023-09-17,2023-09-21,594,760.16,SKU-483,1
D11394,T007,2023-05-23,2023-06-02,956,1474.73,SKU-377,1
D11395,T006,2023-02-06,2023-02-20,1132,1581.53,SKU-585,83
D11396,T007,2023-08-26,2023-09-07,924,1438.07,SKU-517,57
D11397,T004,2023-05-20,2023-05-21,1784,1628.51,SKU-372,149
D11398,T011,2023-12-26,2024-01-01,1392,1768.47,SKU-138,18
D11399,T007,2023-11-27,2023-12-10,603,887.09,SKU-214,185
D11400,T010,2023-06-13,2023-06-19,762,769.06,SKU-342,39
D11401,T002,2023-05-05,2023-05-11,742,791.0,SKU-141,11
D11402,T012,2023-05-24,2023-06-01,883,1294.26,SKU-472,168
D11403,T003,2023-01-03,2023-01-15,498,416.58,SKU-381,23
D11404,T005,2023-10-08,2023-10-15,977,751.43,SKU-447,91
D11405,T001,2023-01-11,2023-01-13,575,762.88,SKU-071,92
D11406,T005,2023-02-02,2023-02-14,529,421.71,SKU-361,30
D11407,T009,2023-08-14,2023-08-17,1759,2252.55,SKU-085,63
D11408,T012,2023-12-18,2023-12-28,1480,2114.2,SKU-239,55
D11409,T004,2023-01-10,2023-01-23,1451,1090.63,SKU-081,69
D11410,T009,2023-01-17,2023-01-18,1449,2011.52,SKU-176,200
D11411,T002,2023-04-11,2023-04-19,348,420.68,SKU-492,148
D11412,T007,2023-11-21,2023-11-30,86,118.94,SKU-506,195
D11413,T007,2023-07-10,2023-07-15,1765,2421.37,SKU-584,10
D11414,T004,2023-04-28,2023-05-06,1644,1326.99,SKU-509,195
D11415,T007,2023-01-13,2023-01-25,378,522.73,SKU-188,62
D11416,T002,2023-10-20,2023-10-29,1520,1981.96,SKU-329,47
D11417,T004,2023-03-26,2023-04-01,1649,1607.92,SKU-063,129
D11418,T009,2023-07-25,2023-07-30,1448,2369.45,SKU-537,194
D11419,T004,2023-07-16,2023-07-23,211,194.96,SKU-586,4
D11420,T005,2023-02-19,2023-03-05,1045,856.89,SKU-284,111
D11421,T004,2023-04-05,2023-04-12,443,423.33,SKU-366,188
D11422,T006,2023-07-09,2023-07-15,1728,2804.17,SKU-009,149
D11423,T006,2023-01-05,2023-01-06,1505,2232.71,SKU-001,55
D11424,T010,2023-12-22,2023-12-26,359,283.65,SKU-510,43
D11425,T006,2023-05-21,2023-05-23,371,530.49,SKU-157,184
D11426,T008,2023-06-08,2023-06-22,733,1247.2,SKU-091,165
D11427,T009,2023-12-26,2024-01-03,1686,2338.2,SKU-057,2
D11428,T005,2023-09-01,2023-09-06,368,293.03,SKU-163,38
D11429,T003,2023-03-03,2023-03-18,1030,699.17,SKU-276,109
D11430,T003,2023-11-09,2023-11-19,1430,1175.7,SKU-302,190
D11431,T005,2023-04-07,2023-04-08,331,261.28,SKU-212,77
D11432,T007,2023-10-08,2023-10-13,320,502.97,SKU-231,107
D11433,T007,2023-06-15,2023-06-20,1337,2008.74,SKU-543,16
D11434,T008,2023-08-23,2023-09-01,654,1021.39,SKU-293,99
D11435,T002,2023-09-04,2023-09-09,190,266.66,SKU-317,101
D11436,T005,2023-03-13,2023-03-19,1676,1212.62,SKU-086,191
D11437,T011,2023-10-16,2023-10-26,349,508.2,SKU-087,165
D11438,T007,2023-12-16,2023-12-22,1052,1663.83,SKU-090,200
D11439,T012,2023-04-20,2023-04-26,459,665.88,SKU-202,86
D11440,T010,2023-05-13,2023-05-18,363,282.08,SKU-043,172
D11441,T009,2023-07-22,2023-07-30,1745,2238.36,SKU-091,82
D11442,T007,2023-11-26,2023-12-08,511,777.38,SKU-074,154
D11443,T006,2023-01-28,2023-02-05,1195,2001.94,SKU-141,12
D11444,T007,2023-10-16,2023-10-17,1357,2198.09,SKU-297,174
D11445,T004,2023-07-12,2023-07-18,962,845.59,SKU-309,105
D11446,T010,2023-09-02,2023-09-12,1428,1161.12,SKU-567,41
D11447,T009,2023-12-27,2024-01-04,248,397.07,SKU-246,122
D11448,T011,2023-04-04,2023-04-10,1112,1488.13,SKU-140,23
D11449,T008,2023-09-01,2023-09-02,1203,1847.13,SKU-445,197
D11450,T005,2023-12-26,2023-12-30,477,305.96,SKU-130,200
D11451,T003,2023-10-17,2023-10-24,440,378.76,SKU-012,50
D11452,T012,2023-12-24,2024-01-03,1136,1712.52,SKU-093,188
D11453,T009,2023-10-22,2023-10-23,581,958.75,SKU-309,76
D11454,T012,2023-11-28,2023-12-04,1445,1882.09,SKU-220,190
D11455,T009,2023-04-24,2023-05-12,89,112.97,SKU-352,35
D11456,T012,2023-08-17,2023-08-21,1212,1474.57,SKU-341,153
D11457,T011,2023-11-02,2023-11-14,266,402.28,SKU-439,131
D11458,T008,2023-11-22,2023-11-30,1751,3064.04,SKU-464,3
D11459,T012,2023-08-13,2023-08-21,814,985.21,SKU-281,89
D11460,T003,2023-05-24,2023-05-25,369,247.87,SKU-255,113
D11461,T006,2023-12-06,2023-12-20,556,824.91,SKU-336,87
D11462,T003,2023-11-07,2023-11-14,684,496.4,SKU-257,20
D11463,T003,2023-11-21,2023-12-05,702,525.07,SKU-435,42
D11464,T006,2023-03-21,2023-03-24,765,1275.92,SKU-204,149
D11465,T011,2023-06-07,2023-06-13,141,179.67,SKU-484,146
D11466,T005,2023-08-06,2023-08-16,1109,829.63,SKU-021,56
D11467,T002,2023-12-12,2023-12-17,985,1228.72,SKU-108,94
D11468,T003,2023-04-12,2023-04-30,1213,872.6,SKU-395,139
D11469,T008,2023-01-22,2023-02-05,1300,2036.09,SKU-545,17
D11470,T010,2023-02-25,2023-03-02,1579,1377.96,SKU-109,195
D11471,T012,2023-01-13,2023-01-17,210,307.8,SKU-194,50
D11472,T004,2023-03-11,2023-03-17,44,36.68,SKU-327,41
D11473,T006,2023-05-03,2023-05-11,237,342.55,SKU-308,127
D11474,T006,2023-12-13,2023-12-20,477,632.44,SKU-051,169
D11475,T011,2023-03-04,2023-03-08,1481,2455.24,SKU-379,185
D11476,T012,2023-12-09,2023-12-16,1230,1689.75,SKU-530,115
D11477,T006,2023-06-25,2023-07-03,1712,2485.89,SKU-409,157
D11478,T010,2023-08-25,2023-09-07,1741,1439.95,SKU-525,124
D11479,T004,2023-08-09,2023-08-21,757,576.94,SKU-055,40
D11480,T005,2023-01-21,2023-02-03,1544,1204.3,SKU-402,135
D11481,T012,2023-01-02,2023-01-03,728,1075.28,SKU-395,67
D11482,T011,2023-11-21,2023-11-24,716,1195.19,SKU-444,127
D11483,T004,2023-09-01,2023-09-10,845,802.05,SKU-211,6
D11484,T011,2023-08-15,2023-08-16,865,1285.51,SKU-426,43
D11485,T003,2023-10-26,2023-11-04,1591,1037.79,SKU-225,127
D11486,T009,2023-06-22,2023-06-28,1372,2189.7,SKU-142,175
D11487,T012,2023-01-12,2023-01-25,637,919.96,SKU-210,191
D11488,T007,2023-07-05,2023-07-12,607,863.24,SKU-151,5
D11489,T006,2023-03-10,2023-03-14,160,223.07,SKU-304,73
D11490,T009,2023-08-12,2023-08-19,460,609.43,SKU-600,183
D11491,T007,2023-05-09,2023-05-18,547,954.93,SKU-433,58
D11492,T001,2023-01-11,2023-01-18,1458,2000.76,SKU-124,107
D11493,T007,2023-01-18,2023-01-24,967,1531.79,SKU-500,129
D11494,T002,2023-02-24,2023-02-28,286,345.47,SKU-147,179
D11495,T007,2023-11-22,2023-12-06,288,481.61,SKU-391,9
D11496,T007,2023-01-17,2023-01-22,1565,2301.78,SKU-588,25
D11497,T004,2023-08-16,2023-09-01,297,258.1,SKU-063,140
D11498,T006,2023-04-16,2023-04-23,1207,2037.23,SKU-091,149
D11499,T001,2023-11-06,2023-11-09,279,329.03,SKU-423,100
D11500,T011,2023-10-02,2023-10-08,823,1301.63,SKU-347,191
D11501,T007,2023-03-24,2023-03-30,802,1228.08,SKU-341,128
D11502,T007,2023-07-07,2023-07-11,806,1186.73,SKU-320,145
D11503,T007,2023-12-11,2023-12-20,290,452.73,SKU-278,11
D11504,T011,2023-01-26,2023-02-10,169,278.71,SKU-371,91
D11505,T010,2023-12-04,2023-12-06,116,99.51,SKU-339,87
D11506,T010,2023-07-02,2023-07-09,619,488.02,SKU-169,21
D11507,T009,2023-03-19,2023-03-30,138,191.97,SKU-287,194
D11508,T012,2023-07-25,2023-08-07,367,540.28,SKU-399,13
D11509,T011,2023-07-22,2023-08-05,1676,2579.99,SKU-015,101
D11510,T007,2023-08-25,2023-09-07,1395,2044.54,SKU-080,94
D11511,T008,2023-09-28,2023-10-02,384,548.42,SKU-595,135
D11512,T002,2023-11-13,2023-11-18,717,938.86,SKU-011,155
D11513,T009,2023-12-22,2024-01-01,88,122.86,SKU-446,70
D11514,T010,2023-08-20,2023-08-27,192,153.1,SKU-281,58
D11515,T005,2023-02-07,2023-02-15,342,234.96,SKU-410,40
D11516,T003,2023-05-02,2023-05-09,742,506.4,SKU-326,145
D11517,T002,2023-11-11,2023-11-20,264,357.09,SKU-165,197
D11518,T005,2023-03-16,2023-03-17,527,401.59,SKU-559,149
D11519,T010,2023-12-27,2024-01-02,1665,1276.16,SKU-172,26
D11520,T009,2023-12-04,2023-12-05,613,809.11,SKU-518,79
D11521,T011,2023-04-10,2023-04-18,310,498.61,SKU-212,172
D11522,T006,2023-10-27,2023-11-01,1744,2846.16,SKU-110,175
D11523,T006,2023-09-24,2023-09-30,1278,1923.96,SKU-534,20
D11524,T009,2023-07-16,2023-08-03,1470,1913.39,SKU-360,65
D11525,T003,2023-05-16,2023-05-29,1184,1002.71,SKU-447,163
D11526,T011,2023-05-14,2023-06-02,121,202.86,SKU-518,51
D11527,T006,2023-02-17,2023-02-25,855,1315.96,SKU-170,163
D11528,T003,2023-06-18,2023-06-24,1791,1488.48,SKU-106,167
D11529,T011,2023-08-23,2023-08-26,54,73.81,SKU-403,7
D11530,T006,2023-05-11,2023-05-23,1050,1658.02,SKU-155,58
D11531,T012,2023-08-04,2023-08-15,235,351.93,SKU-393,136
D11532,T007,2023-06-21,2023-06-30,1176,1963.33,SKU-360,81
D11533,T005,2023-10-11,2023-10-17,1099,919.91,SKU-271,118
D11534,T006,2023-06-10,2023-06-14,652,1046.07,SKU-491,6
D11535,T005,2023-02-25,2023-03-10,1064,680.86,SKU-571,73
D11536,T010,2023-04-08,2023-04-17,1196,1064.78,SKU-046,49
D11537,T009,2023-02-06,2023-02-14,1330,1866.63,SKU-266,41
D11538,T001,2023-02-17,2023-02-25,824,1105.82,SKU-347,155
D11539,T004,2023-05-12,2023-05-15,1052,804.13,SKU-587,16
D11540,T010,2023-01-19,2023-01-29,118,107.99,SKU-533,97
D11541,T007,2023-12-28,2024-01-01,1604,2822.67,SKU-371,194
D11542,T006,2023-01-13,2023-01-16,1596,2084.44,SKU-525,77
D11543,T012,2023-11-19,2023-11-26,788,1093.35,SKU-030,24
D11544,T001,2023-09-16,2023-09-17,847,1145.62,SKU-529,11
D11545,T004,2023-12-04,2023-12-07,1474,1465.48,SKU-427,189
D11546,T004,2023-06-20,2023-06-27,302,275.61,SKU-037,14
D11547,T010,2023-12-10,2023-12-19,1033,976.27,SKU-006,196
D11548,T006,2023-11-06,2023-11-17,1216,1756.27,SKU-003,39
D11549,T007,2023-07-03,2023-07-06,152,267.75,SKU-484,54
D11550,T010,2023-05-10,2023-05-19,416,392.36,SKU-533,163
D11551,T003,2023-08-27,2023-08-30,859,621.63,SKU-414,153
D11552,T009,2023-06-15,2023-06-19,48,68.86,SKU-474,163
D11553,T007,2023-05-13,2023-05-18,1043,1806.11,SKU-257,174
D11554,T004,2023-10-23,2023-11-03,1776,1726.22,SKU-053,193
D11555,T012,2023-11-03,2023-11-08,690,1034.66,SKU-489,188
D11556,T010,2023-05-12,2023-05-18,992,955.87,SKU-404,186
D11557,T003,2023-07-25,2023-07-29,171,117.66,SKU-001,81
D11558,T009,2023-01-21,2023-01-29,377,537.03,SKU-321,180
D11559,T012,2023-03-23,2023-04-05,1583,1923.98,SKU-060,163
D11560,T007,2023-02-18,2023-02-19,1426,2493.84,SKU-404,132
D11561,T006,2023-02-05,2023-02-18,1049,1714.32,SKU-138,164
D11562,T002,2023-11-03,2023-11-06,1261,1599.62,SKU-297,171
D11563,T011,2023-09-10,2023-09-18,382,510.12,SKU-120,133
D11564,T001,2023-10-28,2023-11-07,1747,2388.04,SKU-035,113
D11565,T005,2023-02-01,2023-02-08,1005,840.69,SKU-083,165
D11566,T004,2023-04-25,2023-05-03,130,113.11,SKU-026,151
D11567,T005,2023-04-19,2023-04-23,1010,797.18,SKU-387,7
D11568,T010,2023-10-04,2023-10-20,1670,1463.77,SKU-275,54
D11569,T004,2023-08-26,2023-08-30,1287,1197.71,SKU-426,101
D11570,T010,2023-02-13,2023-02-20,497,428.18,SKU-145,52
D11571,T004,2023-03-26,2023-04-11,1252,976.92,SKU-246,174
D11572,T004,2023-08-04,2023-08-06,921,890.06,SKU-041,88
D11573,T010,2023-04-02,2023-04-07,673,521.85,SKU-055,50
D11574,T010,2023-12-18,2023-12-24,1284,1012.92,SKU-430,122
D11575,T005,2023-05-19,2023-05-27,404,270.02,SKU-237,199
D11576,T003,2023-02-26,2023-03-08,658,520.77,SKU-491,46
D11577,T009,2023-03-10,2023-03-24,1670,2485.81,SKU-473,178
D11578,T007,2023-04-23,2023-04-28,952,1434.37,SKU-420,113
D11579,T005,2023-08-06,2023-08-17,234,170.01,SKU-251,171
D11580,T009,2023-03-01,2023-03-06,314,455.16,SKU-405,33
D11581,T002,2023-08-23,2023-09-02,202,229.44,SKU-071,151
D11582,T005,2023-05-05,2023-05-10,1630,1325.96,SKU-021,166
D11583,T006,2023-12-27,2023-12-29,129,215.92,SKU-042,115
D11584,T004,2023-10-12,2023-10-16,838,785.28,SKU-506,199
D11585,T002,2023-01-25,2023-01-26,637,751.98,SKU-242,120
D11586,T008,2023-06-25,2023-07-05,1375,2326.07,SKU-301,92
D11587,T010,2023-09-11,2023-09-12,1004,988.32,SKU-203,188
D11588,T004,2023-11-18,2023-11-22,1350,1126.11,SKU-240,188
D11589,T010,2023-06-09,2023-06-15,1581,1500.78,SKU-578,109
D11590,T009,2023-12-12,2023-12-19,1312,1733.33,SKU-570,15
D11591,T009,2023-05-06,2023-05-19,1411,1849.48,SKU-298,177
D11592,T008,2023-12-10,2023-12-13,1238,1833.81,SKU-203,111
D11593,T007,2023-10-18,2023-10-24,446,615.19,SKU-374,28
D11594,T001,2023-01-24,2023-01-29,500,699.9,SKU-056,186
D11595,T008,2023-07-13,2023-07-17,1547,2355.03,SKU-351,164
D11596,T004,2023-08-02,2023-08-20,1244,1114.15,SKU-137,1
D11597,T011,2023-12-13,2023-12-25,1504,2139.97,SKU-393,199
D11598,T005,2023-08-28,2023-09-08,1617,1292.16,SKU-574,80
D11599,T002,2023-06-07,2023-06-14,155,166.3,SKU-304,75
D11600,T011,2023-09-06,2023-09-11,585,805.6,SKU-416,143
D11601,T007,2023-01-24,2023-02-03,989,1619.18,SKU-202,106
D11602,T009,2023-08-05,2023-08-20,170,286.51,SKU-004,79
D11603,T001,2023-01-19,2023-01-20,1735,2414.0,SKU-159,145
D11604,T009,2023-08-03,2023-08-07,874,1422.05,SKU-557,97
D11605,T009,2023-04-28,2023-05-03,1038,1508.42,SKU-291,145
D11606,T010,2023-06-07,2023-06-13,1672,1617.81,SKU-174,199
D11607,T002,2023-06-12,2023-06-18,480,650.63,SKU-108,184
D11608,T005,2023-05-07,2023-05-16,1385,1136.52,SKU-452,61
D11609,T004,2023-05-27,2023-05-28,1750,1511.09,SKU-360,165
D11610,T005,2023-02-09,2023-02-19,908,753.04,SKU-517,168
D11611,T010,2023-08-28,2023-09-06,247,231.27,SKU-135,113
D11612,T008,2023-05-11,2023-05-18,118,160.65,SKU-143,197
D11613,T006,2023-05-25,2023-05-29,1614,2469.9,SKU-128,152
D11614,T011,2023-08-02,2023-08-08,1230,1821.52,SKU-510,154
D11615,T006,2023-11-03,2023-11-06,836,1336.71,SKU-401,94
D11616,T005,2023-04-23,2023-04-26,1757,1462.02,SKU-333,149
D11617,T006,2023-01-25,2023-01-28,467,777.32,SKU-128,159
D11618,T007,2023-06-25,2023-06-26,752,1137.91,SKU-012,119
D11619,T012,2023-03-01,2023-03-15,1444,1801.22,SKU-582,13
D11620,T001,2023-11-24,2023-12-05,318,441.43,SKU-257,45
D11621,T009,2023-12-27,2024-01-06,921,1181.72,SKU-014,23
D11622,T002,2023-02-12,2023-02-23,538,741.14,SKU-056,36
D11623,T003,2023-11-03,2023-11-09,404,276.57,SKU-065,84
D11624,T006,2023-05-03,2023-05-13,700,1186.81,SKU-466,162
D11625,T007,2023-10-16,2023-10-30,1352,2196.55,SKU-390,133
D11626,T005,2023-09-07,2023-09-12,475,314.61,SKU-467,33
D11627,T011,2023-07-16,2023-07-31,738,975.93,SKU-176,52
D11628,T003,2023-08-27,2023-08-31,329,233.55,SKU-110,189
D11629,T002,2023-08-25,2023-08-29,698,894.79,SKU-296,109
D11630,T008,2023-02-05,2023-02-06,100,157.46,SKU-018,135
D11631,T005,2023-06-16,2023-07-04,1302,949.16,SKU-009,186
D11632,T010,2023-05-06,2023-05-07,548,491.07,SKU-225,173
D11633,T008,2023-06-26,2023-07-03,440,601.46,SKU-407,73
D11634,T005,2023-03-09,2023-03-15,728,471.5,SKU-215,122
D11635,T005,2023-10-12,2023-10-22,1718,1297.99,SKU-169,168
D11636,T010,2023-11-28,2023-11-29,667,581.49,SKU-487,91
D11637,T010,2023-07-14,2023-07-21,441,374.63,SKU-059,132
D11638,T003,2023-04-04,2023-04-10,1732,1364.82,SKU-161,199
D11639,T011,2023-04-27,2023-04-30,243,308.61,SKU-019,112
D11640,T005,2023-12-14,2023-12-30,826,556.49,SKU-439,113
D11641,T011,2023-06-17,2023-06-22,847,1392.3,SKU-200,94
D11642,T002,2023-06-10,2023-06-15,591,729.87,SKU-215,106
D11643,T002,2023-06-20,2023-06-30,1572,2000.38,SKU-488,137
D11644,T006,2023-04-11,2023-04-15,144,238.57,SKU-411,3
D11645,T010,2023-05-07,2023-05-08,799,766.95,SKU-461,74
D11646,T005,2023-11-26,2023-12-02,787,623.38,SKU-344,127
D11647,T009,2023-11-26,2023-12-14,941,1372.8,SKU-580,51
D11648,T010,2023-03-03,2023-03-08,548,500.4,SKU-103,124
D11649,T008,2023-02-26,2023-03-12,1326,1945.64,SKU-183,141
D11650,T005,2023-10-07,2023-10-15,412,313.49,SKU-248,28
D11651,T006,2023-03-26,2023-03-30,1039,1704.92,SKU-397,66
D11652,T006,2023-04-01,2023-04-02,118,196.24,SKU-055,23
D11653,T006,2023-06-17,2023-06-22,844,1238.63,SKU-153,161
D11654,T011,2023-12-15,2024-01-02,1261,2027.41,SKU-170,5
D11655,T011,2023-02-27,2023-03-04,1051,1694.79,SKU-189,19
D11656,T008,2023-02-06,2023-02-17,661,1112.97,SKU-061,200
D11657,T009,2023-03-11,2023-03-12,971,1521.01,SKU-351,73
D11658,T007,2023-01-15,2023-01-17,1065,1451.2,SKU-093,24
D11659,T011,2023-09-17,2023-09-22,1218,1890.58,SKU-238,183
D11660,T009,2023-11-06,2023-11-09,265,439.91,SKU-018,9
D11661,T012,2023-06-10,2023-06-20,674,1023.55,SKU-119,170
D11662,T005,2023-12-12,2023-12-29,58,43.32,SKU-067,95
D11663,T009,2023-12-10,2023-12-15,972,1341.85,SKU-044,21
D11664,T005,2023-05-21,2023-05-29,354,285.08,SKU-418,5
D11665,T008,2023-04-07,2023-04-16,203,329.8,SKU-415,191
D11666,T005,2023-08-26,2023-09-01,1347,1106.69,SKU-491,10
D11667,T001,2023-10-06,2023-10-09,1769,2485.13,SKU-349,172
D11668,T007,2023-01-13,2023-01-24,466,670.04,SKU-117,23
D11669,T012,2023-02-12,2023-02-26,1076,1430.25,SKU-219,55
D11670,T008,2023-09-04,2023-09-12,145,241.14,SKU-223,71
D11671,T008,2023-11-23,2023-12-02,1767,2576.57,SKU-037,113
D11672,T008,2023-04-20,2023-05-01,507,782.17,SKU-300,45
D11673,T007,2023-11-12,2023-11-28,625,924.57,SKU-221,182
D11674,T011,2023-03-08,2023-03-24,1507,2406.44,SKU-144,125
D11675,T005,2023-07-18,2023-07-24,167,120.65,SKU-225,147
D11676,T010,2023-11-12,2023-11-14,1437,1209.34,SKU-106,153
D11677,T011,2023-08-17,2023-08-25,429,550.61,SKU-412,33
D11678,T006,2023-01-17,2023-02-05,643,883.89,SKU-297,18
D11679,T005,2023-07-04,2023-07-05,726,517.44,SKU-033,102
D11680,T002,2023-04-27,2023-05-04,1389,1670.26,SKU-062,155
D11681,T003,2023-04-05,2023-04-06,69,58.04,SKU-251,84
D11682,T006,2023-03-10,2023-03-13,383,600.97,SKU-231,16
D11683,T012,2023-07-01,2023-07-17,1723,2688.82,SKU-134,77
D11684,T001,2023-03-06,2023-03-20,1297,1602.35,SKU-428,142
D11685,T007,2023-09-28,2023-10-03,758,1161.4,SKU-521,8
D11686,T008,2023-05-09,2023-05-25,1357,2016.28,SKU-195,56
D11687,T007,2023-09-28,2023-10-03,1704,2292.18,SKU-094,73
D11688,T002,2023-03-02,2023-03-13,693,774.16,SKU-197,145
D11689,T003,2023-06-16,2023-06-23,1743,1436.69,SKU-383,9
D11690,T011,2023-12-19,2024-01-01,1116,1738.48,SKU-336,32
D11691,T012,2023-05-06,2023-05-10,1197,1774.2,SKU-014,48
D11692,T005,2023-05-18,2023-05-24,967,625.95,SKU-249,46
D11693,T006,2023-09-13,2023-09-30,748,1020.78,SKU-447,97
D11694,T012,2023-11-08,2023-11-12,396,625.81,SKU-413,60
D11695,T003,2023-12-19,2023-12-22,335,282.31,SKU-076,62
D11696,T008,2023-02-03,2023-02-07,593,818.68,SKU-494,7
D11697,T012,2023-03-27,2023-03-31,700,858.79,SKU-145,99
D11698,T007,2023-05-01,2023-05-02,161,287.22,SKU-068,132
D11699,T010,2023-06-03,2023-06-12,451,409.97,SKU-525,11
D11700,T005,2023-09-06,2023-09-10,1440,922.53,SKU-094,181
D11701,T003,2023-12-22,2023-12-29,42,27.87,SKU-515,74
D11702,T009,2023-04-21,2023-05-01,1202,1589.56,SKU-198,61
D11703,T010,2023-06-13,2023-06-23,1404,1204.48,SKU-025,136
D11704,T009,2023-02-22,2023-03-09,1134,1591.4,SKU-557,10
D11705,T009,2023-08-07,2023-08-13,180,239.54,SKU-141,95
D11706,T005,2023-04-05,2023-04-07,332,216.85,SKU-524,21
D11707,T010,2023-06-19,2023-06-25,702,688.73,SKU-427,80
D11708,T001,2023-03-07,2023-03-12,100,128.1,SKU-495,116
D11709,T006,2023-04-16,2023-04-29,767,1093.4,SKU-446,48
D11710,T002,2023-12-01,2023-12-09,497,591.53,SKU-398,76
D11711,T011,2023-01-21,2023-01-27,505,642.32,SKU-190,157
D11712,T009,2023-07-26,2023-08-07,114,186.02,SKU-582,150
D11713,T001,2023-08-02,2023-08-11,323,410.56,SKU-337,196
D11714,T004,2023-12-09,2023-12-12,738,690.5,SKU-427,179
D11715,T012,2023-09-02,2023-09-10,1776,2721.98,SKU-067,39
D11716,T012,2023-03-05,2023-03-19,291,413.56,SKU-498,138
D11717,T009,2023-10-10,2023-10-11,1577,2438.14,SKU-198,67
D11718,T010,2023-01-28,2023-02-06,252,256.66,SKU-553,97
D11719,T004,2023-12-11,2023-12-27,380,326.84,SKU-476,71
D11720,T008,2023-12-13,2023-12-16,503,873.67,SKU-033,120
D11721,T010,2023-10-06,2023-10-12,811,772.13,SKU-171,8
D11722,T010,2023-04-04,2023-04-10,1762,1727.38,SKU-291,174
D11723,T004,2023-06-08,2023-06-10,584,516.74,SKU-497,85
D11724,T002,2023-04-21,2023-04-28,1557,1761.35,SKU-141,153
D11725,T005,2023-06-27,2023-07-07,313,255.33,SKU-361,46
D11726,T011,2023-01-01,2023-01-07,301,497.54,SKU-308,114
D11727,T003,2023-08-12,2023-08-21,1580,1210.04,SKU-101,131
D11728,T003,2023-03-03,2023-03-07,1284,1084.21,SKU-017,4
D11729,T009,2023-05-15,2023-05-28,407,584.46,SKU-248,25
D11730,T007,2023-04-20,2023-04-24,1298,2177.67,SKU-272,186
D11731,T001,2023-12-19,2024-01-01,1703,2342.12,SKU-173,79
D11732,T012,2023-12-24,2023-12-27,79,104.23,SKU-332,70
D11733,T007,2023-03-23,2023-04-04,1373,2076.65,SKU-385,102
D11734,T005,2023-12-27,2024-01-01,1012,820.4,SKU-411,33
D11735,T004,2023-06-16,2023-06-23,343,323.74,SKU-163,165
D11736,T011,2023-02-28,2023-03-02,616,855.33,SKU-350,142
D11737,T002,2023-08-17,2023-08-25,590,643.02,SKU-208,185
D11738,T011,2023-04-09,2023-04-24,1017,1348.91,SKU-101,49
D11739,T003,2023-02-23,2023-03-05,729,588.36,SKU-323,162
D11740,T005,2023-11-12,2023-11-18,85,57.71,SKU-033,198
D11741,T006,2023-06-07,2023-06-13,253,378.41,SKU-213,11
D11742,T007,2023-10-12,2023-10-28,249,352.51,SKU-509,109
D11743,T006,2023-06-20,2023-07-01,1541,2298.29,SKU-333,89
D11744,T012,2023-08-14,2023-08-26,850,1103.78,SKU-404,79
D11745,T007,2023-02-19,2023-02-28,1746,2509.42,SKU-263,179
D11746,T010,2023-08-05,2023-08-14,120,93.46,SKU-493,144
D11747,T006,2023-01-06,2023-01-13,598,977.44,SKU-304,132
D11748,T001,2023-07-15,2023-07-21,1386,1765.62,SKU-285,52
D11749,T009,2023-12-26,2023-12-30,195,307.37,SKU-591,112
D11750,T001,2023-02-01,2023-02-03,1661,2452.6,SKU-077,72
D11751,T010,2023-02-13,2023-02-23,1237,1120.16,SKU-128,67
D11752,T003,2023-05-07,2023-05-18,1450,1088.2,SKU-555,19
D11753,T009,2023-03-06,2023-03-22,275,434.48,SKU-466,25
D11754,T003,2023-12-02,2023-12-17,275,236.59,SKU-555,185
D11755,T012,2023-09-13,2023-09-23,540,783.65,SKU-431,107
D11756,T004,2023-05-16,2023-05-21,673,569.76,SKU-416,63
D11757,T006,2023-10-18,2023-10-21,1427,2187.44,SKU-494,38
D11758,T004,2023-09-12,2023-09-15,1256,1074.14,SKU-025,50
D11759,T012,2023-08-07,2023-08-22,380,531.42,SKU-279,91
D11760,T003,2023-02-19,2023-03-05,141,108.24,SKU-124,24
D11761,T009,2023-01-02,2023-01-05,270,443.57,SKU-055,7
D11762,T009,2023-09-06,2023-09-19,1224,2054.77,SKU-196,200
D11763,T009,2023-07-09,2023-07-16,1629,2175.98,SKU-492,31
D11764,T008,2023-03-12,2023-03-15,887,1375.06,SKU-238,64
D11765,T002,2023-11-14,2023-11-23,1340,1774.39,SKU-579,129
D11766,T006,2023-06-05,2023-06-20,209,286.05,SKU-230,114
D11767,T006,2023-08-09,2023-08-20,401,545.9,SKU-415,65
D11768,T001,2023-08-06,2023-08-07,602,848.67,SKU-003,105
D11769,T002,2023-08-21,2023-09-08,1438,1931.41,SKU-555,112
D11770,T008,2023-05-28,2023-05-31,1260,1718.62,SKU-008,54
D11771,T001,2023-08-28,2023-09-01,758,1059.0,SKU-438,183
D11772,T003,2023-09-20,2023-10-06,1246,874.4,SKU-560,196
D11773,T011,2023-02-23,2023-03-02,773,1098.97,SKU-319,109
D11774,T010,2023-04-21,2023-04-26,1256,1238.64,SKU-079,144
D11775,T005,2023-11-27,2023-12-04,1084,817.68,SKU-075,17
D11776,T002,2023-01-18,2023-01-29,371,445.22,SKU-190,114
D11777,T006,2023-04-19,2023-04-29,131,203.95,SKU-292,170
D11778,T007,2023-03-26,2023-04-08,539,925.17,SKU-210,154
D11779,T012,2023-09-10,2023-09-16,644,788.45,SKU-484,21
D11780,T004,2023-08-22,2023-08-29,686,652.78,SKU-042,99
D11781,T009,2023-12-10,2023-12-26,1339,1815.31,SKU-466,12
D11782,T012,2023-08-19,2023-09-05,1011,1266.36,SKU-357,45
D11783,T011,2023-06-16,2023-06-17,1085,1567.02,SKU-365,26
D11784,T007,2023-03-20,2023-04-05,699,1189.83,SKU-293,171
D11785,T010,2023-03-10,2023-03-14,1744,1704.01,SKU-396,171
D11786,T009,2023-04-23,2023-04-26,873,1292.55,SKU-185,193
D11787,T002,2023-12-10,2023-12-15,1698,2197.46,SKU-172,88
D11788,T006,2023-05-25,2023-06-02,543,829.08,SKU-294,119
D11789,T005,2023-12-20,2023-12-26,162,103.96,SKU-483,7
D11790,T002,2023-10-03,2023-10-07,476,660.92,SKU-540,122
D11791,T003,2023-10-14,2023-10-18,107,74.68,SKU-455,86
D11792,T008,2023-12-24,2024-01-01,1668,2798.26,SKU-167,18
D11793,T004,2023-03-02,2023-03-15,1613,1372.03,SKU-431,74
D11794,T007,2023-03-27,2023-03-31,996,1567.22,SKU-404,68
D11795,T012,2023-04-28,2023-05-11,828,1204.38,SKU-374,73
D11796,T003,2023-06-18,2023-06-19,216,171.36,SKU-112,178
D11797,T002,2023-06-24,2023-07-05,1545,1891.73,SKU-268,81
D11798,T002,2023-07-26,2023-08-13,1204,1399.35,SKU-589,41
D11799,T001,2023-09-21,2023-09-29,462,566.71,SKU-416,127
