product_id,sku,category,subcategory,brand,unit_cost
1,SKU-00001,Beverage,Water,GreenLine,38.54
2,SKU-00002,Grocery,Oil,PureLife,7.97
3,SKU-00003,Dairy,Cheese,NovaFresh,25.47
4,SKU-00004,Grocery,Pasta,NovaFresh,38.52
5,SKU-00005,Snacks,Nuts,PureLife,33.64
6,SKU-00006,Beverage,Soda,AlphaFoods,14.83
7,SKU-00007,Dairy,Milk,Sunrise,19.24
8,SKU-00008,Beverage,Water,GreenLine,31.25
9,SKU-00009,Snacks,Biscuits,PureLife,5.9
10,SKU-00010,PersonalCare,Toothpaste,Sunrise,21.76
11,SKU-00011,Dairy,Yogurt,UrbanTaste,26.35
12,SKU-00012,Beverage,Juice,NovaFresh,2.92
13,SKU-00013,PersonalCare,Soap,AlphaFoods,2.52
14,SKU-00014,Frozen,Dessert,GreenLine,35.38
15,SKU-00015,Dairy,Cheese,PureLife,27.74
16,SKU-00016,Frozen,Dessert,UrbanTaste,35.99
17,SKU-00017,Frozen,Dessert,GreenLine,8.27
18,SKU-00018,PersonalCare,Shampoo,NovaFresh,1.08
19,SKU-00019,Grocery,Pasta,AlphaFoods,31.47
20,SKU-00020,Frozen,Dessert,PureLife,18.7
21,SKU-00021,Dairy,Milk,Sunrise,29.48
22,SKU-00022,Beverage,Soda,GreenLine,6.23
23,SKU-00023,Frozen,Veg,NovaFresh,26.64
24,SKU-00024,Frozen,Dessert,GreenLine,20.98
25,SKU-00025,Snacks,Biscuits,Sunrise,24.67
26,SKU-00026,Beverage,Soda,AlphaFoods,6.26
27,SKU-00027,Beverage,Soda,AlphaFoods,25.41
28,SKU-00028,Grocery,Oil,UrbanTaste,34.08
29,SKU-00029,Snacks,Biscuits,NovaFresh,38.39
30,SKU-00030,PersonalCare,Soap,UrbanTaste,26.69
31,SKU-00031,Beverage,Soda,GreenLine,34.87
32,SKU-00032,Snacks,Chips,Sunrise,33.89
33,SKU-00033,Beverage,Water,GreenLine,17.44
34,SKU-00034,Snacks,Chips,NovaFresh,33.36
35,SKU-00035,Grocery,Pasta,Sunrise,6.27
36,SKU-00036,Snacks,Nuts,AlphaFoods,13.06
37,SKU-00037,Snacks,Biscuits,GreenLine,24.56
38,SKU-00038,Grocery,Oil,AlphaFoods,39.81
39,SKU-00039,Beverage,Soda,PureLife,22.44
40,SKU-00040,PersonalCare,Shampoo,UrbanTaste,15.96
41,SKU-00041,Dairy,Milk,NovaFresh,28.17
42,SKU-00042,Snacks,Chips,AlphaFoods,14.86
43,SKU-00043,Beverage,Soda,GreenLine,34.13
44,SKU-00044,PersonalCare,Soap,PureLife,35.0
45,SKU-00045,Snacks,Nuts,PureLife,24.78
46,SKU-00046,Frozen,Veg,UrbanTaste,21.16
47,SKU-00047,PersonalCare,Shampoo,AlphaFoods,35.2
48,SKU-00048,Grocery,Oil,NovaFresh,21.83
49,SKU-00049,Dairy,Cheese,UrbanTaste,36.23
50,SKU-00050,Snacks,Biscuits,Sunrise,26.25
51,SKU-00051,Grocery,Oil,PureLife,12.38
52,SKU-00052,Beverage,Water,Sunrise,4.06
53,SKU-00053,Frozen,Pizza,NovaFresh,4.12
54,SKU-00054,Beverage,Juice,AlphaFoods,7.77
55,SKU-00055,Beverage,Soda,AlphaFoods,30.24
56,SKU-00056,Dairy,Cheese,Sunrise,21.8
57,SKU-00057,Frozen,Dessert,NovaFresh,18.2
58,SKU-00058,Dairy,Cheese,GreenLine,16.83
59,SKU-00059,Snacks,Chips,AlphaFoods,36.75
60,SKU-00060,Beverage,Juice,Sunrise,5.62
61,SKU-00061,Grocery,Pasta,PureLife,22.87
62,SKU-00062,PersonalCare,Soap,PureLife,21.0
63,SKU-00063,Beverage,Water,NovaFresh,16.73
64,SKU-00064,Snacks,Biscuits,GreenLine,38.81
65,SKU-00065,Grocery,Rice,GreenLine,36.5
66,SKU-00066,Dairy,Yogurt,PureLife,14.26
67,SKU-00067,Snacks,Nuts,NovaFresh,13.8
68,SKU-00068,Grocery,Oil,Sunrise,32.6
69,SKU-00069,PersonalCare,Shampoo,GreenLine,21.89
70,SKU-00070,Snacks,Biscuits,UrbanTaste,6.38
71,SKU-00071,Grocery,Oil,Sunrise,11.7
72,SKU-00072,Grocery,Oil,AlphaFoods,17.56
73,SKU-00073,Beverage,Soda,Sunrise,27.18
74,SKU-00074,PersonalCare,Soap,UrbanTaste,12.48
75,SKU-00075,Snacks,Biscuits,AlphaFoods,35.25
76,SKU-00076,Grocery,Pasta,PureLife,7.88
77,SKU-00077,Frozen,Pizza,NovaFresh,9.7
78,SKU-00078,Dairy,Cheese,NovaFresh,7.05
79,SKU-00079,Grocery,Pasta,AlphaFoods,1.74
80,SKU-00080,Dairy,Yogurt,Sunrise,36.49
81,SKU-00081,Grocery,Pasta,NovaFresh,27.52
82,SKU-00082,Grocery,Pasta,UrbanTaste,24.94
83,SKU-00083,PersonalCare,Toothpaste,AlphaFoods,34.18
84,SKU-00084,Grocery,Pasta,GreenLine,2.27
85,SKU-00085,Snacks,Chips,AlphaFoods,18.04
86,SKU-00086,PersonalCare,Toothpaste,UrbanTaste,23.56
87,SKU-00087,PersonalCare,Soap,Sunrise,19.06
88,SKU-00088,Beverage,Water,GreenLine,2.51
89,SKU-00089,Beverage,Water,UrbanTaste,29.04
90,SKU-00090,Snacks,Nuts,UrbanTaste,9.79
91,SKU-00091,Frozen,Dessert,UrbanTaste,32.92
92,SKU-00092,Snacks,Biscuits,NovaFresh,33.84
93,SKU-00093,Frozen,Dessert,AlphaFoods,36.75
94,SKU-00094,Beverage,Soda,GreenLine,7.54
95,SKU-00095,PersonalCare,Soap,NovaFresh,33.9
96,SKU-00096,PersonalCare,Soap,UrbanTaste,12.45
97,SKU-00097,Frozen,Pizza,AlphaFoods,22.43
98,SKU-00098,Dairy,Milk,GreenLine,35.77
99,SKU-00099,Dairy,Milk,GreenLine,7.26
100,SKU-00100,Snacks,Biscuits,UrbanTaste,20.6
101,SKU-00101,Grocery,Rice,UrbanTaste,5.49
102,SKU-00102,Beverage,Soda,Sunrise,29.64
103,SKU-00103,PersonalCare,Shampoo,UrbanTaste,32.95
104,SKU-00104,PersonalCare,Shampoo,UrbanTaste,35.02
105,SKU-00105,Grocery,Rice,NovaFresh,31.41
106,SKU-00106,Frozen,Pizza,AlphaFoods,32.18
107,SKU-00107,Snacks,Nuts,GreenLine,33.72
108,SKU-00108,PersonalCare,Shampoo,NovaFresh,2.12
109,SKU-00109,Beverage,Water,PureLife,24.35
110,SKU-00110,Frozen,Dessert,NovaFresh,9.47
111,SKU-00111,Dairy,Milk,PureLife,6.32
112,SKU-00112,Grocery,Oil,UrbanTaste,27.89
113,SKU-00113,PersonalCare,Toothpaste,AlphaFoods,14.64
114,SKU-00114,Grocery,Pasta,Sunrise,16.19
115,SKU-00115,Frozen,Veg,Sunrise,23.93
116,SKU-00116,Beverage,Soda,GreenLine,16.41
117,SKU-00117,Snacks,Chips,PureLife,7.88
118,SKU-00118,PersonalCare,Shampoo,PureLife,7.39
119,SKU-00119,Beverage,Juice,PureLife,38.81
120,SKU-00120,Grocery,Oil,GreenLine,2.66
121,SKU-00121,PersonalCare,Shampoo,AlphaFoods,37.64
122,SKU-00122,Frozen,Dessert,PureLife,6.44
123,SKU-00123,Grocery,Pasta,PureLife,27.18
124,SKU-00124,Snacks,Biscuits,Sunrise,7.56
125,SKU-00125,PersonalCare,Soap,UrbanTaste,34.86
126,SKU-00126,Grocery,Rice,AlphaFoods,25.85
127,SKU-00127,Snacks,Chips,NovaFresh,14.23
128,SKU-00128,Snacks,Biscuits,Sunrise,8.17
129,SKU-00129,Dairy,Cheese,Sunrise,36.07
130,SKU-00130,Beverage,Soda,AlphaFoods,24.88
131,SKU-00131,Beverage,Water,NovaFresh,38.03
132,SKU-00132,Beverage,Water,NovaFresh,18.13
133,SKU-00133,Grocery,Rice,PureLife,1.97
134,SKU-00134,Snacks,Chips,UrbanTaste,24.61
135,SKU-00135,Beverage,Water,GreenLine,20.47
136,SKU-00136,Snacks,Chips,PureLife,23.98
137,SKU-00137,PersonalCare,Shampoo,PureLife,7.77
138,SKU-00138,Snacks,Biscuits,PureLife,14.46
139,SKU-00139,Frozen,Dessert,Sunrise,8.64
140,SKU-00140,PersonalCare,Soap,AlphaFoods,7.68
141,SKU-00141,Dairy,Yogurt,Sunrise,23.21
142,SKU-00142,Grocery,Oil,NovaFresh,29.16
143,SKU-00143,Grocery,Pasta,AlphaFoods,13.29
144,SKU-00144,Grocery,Oil,AlphaFoods,8.91
145,SKU-00145,Frozen,Dessert,NovaFresh,18.87
146,SKU-00146,Dairy,Cheese,Sunrise,9.7
147,SKU-00147,Beverage,Juice,AlphaFoods,22.47
148,SKU-00148,Snacks,Nuts,AlphaFoods,8.29
149,SKU-00149,Beverage,Juice,PureLife,11.35
150,SKU-00150,Grocery,Oil,GreenLine,39.27
151,SKU-00151,Dairy,Milk,Sunrise,7.23
152,SKU-00152,PersonalCare,Shampoo,UrbanTaste,27.37
153,SKU-00153,Frozen,Dessert,NovaFresh,25.44
154,SKU-00154,Dairy,Milk,AlphaFoods,14.09
155,SKU-00155,PersonalCare,Shampoo,AlphaFoods,27.26
156,SKU-00156,Snacks,Chips,PureLife,20.55
157,SKU-00157,PersonalCare,Shampoo,PureLife,23.09
158,SKU-00158,Frozen,Pizza,AlphaFoods,6.91
159,SKU-00159,Dairy,Cheese,GreenLine,10.89
160,SKU-00160,Frozen,Dessert,NovaFresh,25.8
161,SKU-00161,Beverage,Juice,AlphaFoods,8.71
162,SKU-00162,Dairy,Cheese,Sunrise,30.32
163,SKU-00163,Frozen,Dessert,Sunrise,28.03
164,SKU-00164,PersonalCare,Shampoo,GreenLine,12.89
165,SKU-00165,Dairy,Yogurt,PureLife,14.21
166,SKU-00166,PersonalCare,Toothpaste,UrbanTaste,15.68
167,SKU-00167,Frozen,Veg,PureLife,2.23
168,SKU-00168,Beverage,Juice,GreenLine,26.0
169,SKU-00169,Grocery,Rice,PureLife,38.52
170,SKU-00170,Beverage,Soda,Sunrise,4.31
171,SKU-00171,Dairy,Milk,GreenLine,29.11
172,SKU-00172,PersonalCare,Shampoo,Sunrise,20.1
173,SKU-00173,Dairy,Yogurt,AlphaFoods,30.75
174,SKU-00174,Dairy,Yogurt,PureLife,17.35
175,SKU-00175,Frozen,Dessert,Sunrise,25.28
176,SKU-00176,Frozen,Veg,UrbanTaste,5.25
177,SKU-00177,Grocery,Pasta,Sunrise,12.59
178,SKU-00178,Dairy,Yogurt,Sunrise,5.99
179,SKU-00179,Grocery,Pasta,PureLife,16.28
180,SKU-00180,PersonalCare,Shampoo,NovaFresh,33.27
181,SKU-00181,PersonalCare,Toothpaste,UrbanTaste,13.1
182,SKU-00182,Frozen,Veg,NovaFresh,32.52
183,SKU-00183,Snacks,Biscuits,UrbanTaste,39.42
184,SKU-00184,Grocery,Rice,AlphaFoods,17.56
185,SKU-00185,Beverage,Juice,Sunrise,32.44
186,SKU-00186,Frozen,Veg,PureLife,4.78
187,SKU-00187,Dairy,Milk,AlphaFoods,26.32
188,SKU-00188,Snacks,Biscuits,Sunrise,36.4
189,SKU-00189,Beverage,Soda,AlphaFoods,21.71
190,SKU-00190,PersonalCare,Shampoo,GreenLine,39.38
191,SKU-00191,Dairy,Yogurt,AlphaFoods,5.63
192,SKU-00192,Dairy,Milk,GreenLine,38.64
193,SKU-00193,PersonalCare,Toothpaste,AlphaFoods,23.13
194,SKU-00194,Grocery,Oil,NovaFresh,30.92
195,SKU-00195,Grocery,Pasta,UrbanTaste,1.25
196,SKU-00196,PersonalCare,Toothpaste,AlphaFoods,21.76
197,SKU-00197,PersonalCare,Toothpaste,NovaFresh,30.08
198,SKU-00198,Beverage,Soda,GreenLine,17.36
199,SKU-00199,PersonalCare,Soap,Sunrise,19.3
200,SKU-00200,PersonalCare,Shampoo,Sunrise,30.5
201,SKU-00201,Grocery,Rice,GreenLine,30.8
202,SKU-00202,PersonalCare,Soap,AlphaFoods,35.95
203,SKU-00203,Snacks,Nuts,GreenLine,3.56
204,SKU-00204,Dairy,Yogurt,UrbanTaste,14.99
205,SKU-00205,Beverage,Juice,UrbanTaste,5.44
206,SKU-00206,Dairy,Yogurt,Sunrise,20.6
207,SKU-00207,Beverage,Soda,UrbanTaste,39.36
208,SKU-00208,Grocery,Oil,AlphaFoods,20.07
209,SKU-00209,Grocery,Pasta,AlphaFoods,39.78
210,SKU-00210,Beverage,Juice,UrbanTaste,24.48
211,SKU-00211,Snacks,Chips,Sunrise,13.75
212,SKU-00212,Grocery,Oil,GreenLine,26.4
213,SKU-00213,Frozen,Dessert,AlphaFoods,5.0
214,SKU-00214,Grocery,Rice,NovaFresh,13.93
215,SKU-00215,Grocery,Oil,UrbanTaste,24.24
216,SKU-00216,Frozen,Dessert,PureLife,12.88
217,SKU-00217,PersonalCare,Shampoo,GreenLine,13.48
218,SKU-00218,Frozen,Veg,PureLife,1.61
219,SKU-00219,Dairy,Yogurt,GreenLine,2.23
220,SKU-00220,PersonalCare,Toothpaste,Sunrise,37.8
221,SKU-00221,Beverage,Juice,PureLife,8.54
222,SKU-00222,Snacks,Nuts,AlphaFoods,13.65
223,SKU-00223,PersonalCare,Soap,NovaFresh,13.47
224,SKU-00224,Beverage,Water,GreenLine,33.69
225,SKU-00225,Frozen,Dessert,GreenLine,28.7
226,SKU-00226,Snacks,Biscuits,GreenLine,27.51
227,SKU-00227,Grocery,Oil,PureLife,35.22
228,SKU-00228,Snacks,Biscuits,PureLife,10.16
229,SKU-00229,Snacks,Chips,Sunrise,5.74
230,SKU-00230,Dairy,Yogurt,UrbanTaste,3.34
231,SKU-00231,Frozen,Dessert,AlphaFoods,9.97
232,SKU-00232,Frozen,Dessert,AlphaFoods,3.83
233,SKU-00233,PersonalCare,Shampoo,GreenLine,10.99
234,SKU-00234,Beverage,Soda,UrbanTaste,11.57
235,SKU-00235,Beverage,Juice,NovaFresh,17.89
236,SKU-00236,Beverage,Juice,UrbanTaste,31.14
237,SKU-00237,Dairy,Yogurt,Sunrise,6.0
238,SKU-00238,Grocery,Rice,Sunrise,31.4
239,SKU-00239,Frozen,Dessert,UrbanTaste,20.65
240,SKU-00240,Beverage,Water,UrbanTaste,38.61
241,SKU-00241,Beverage,Water,GreenLine,12.61
242,SKU-00242,PersonalCare,Toothpaste,UrbanTaste,10.08
243,SKU-00243,Dairy,Yogurt,AlphaFoods,34.51
244,SKU-00244,Beverage,Soda,NovaFresh,15.46
245,SKU-00245,PersonalCare,Toothpaste,Sunrise,0.65
246,SKU-00246,Snacks,Biscuits,GreenLine,24.48
247,SKU-00247,Dairy,Milk,GreenLine,22.44
248,SKU-00248,Dairy,Cheese,GreenLine,22.61
249,SKU-00249,Snacks,Biscuits,GreenLine,36.78
250,SKU-00250,PersonalCare,Toothpaste,GreenLine,39.28
251,SKU-00251,Beverage,Soda,GreenLine,22.65
252,SKU-00252,Snacks,Biscuits,UrbanTaste,13.8
253,SKU-00253,Beverage,Juice,Sunrise,24.46
254,SKU-00254,PersonalCare,Toothpaste,GreenLine,2.71
255,SKU-00255,PersonalCare,Toothpaste,Sunrise,30.51
256,SKU-00256,Frozen,Dessert,NovaFresh,13.0
257,SKU-00257,Grocery,Oil,AlphaFoods,9.13
258,SKU-00258,Frozen,Veg,Sunrise,22.16
259,SKU-00259,Frozen,Veg,NovaFresh,12.2
260,SKU-00260,Dairy,Milk,UrbanTaste,34.76
261,SKU-00261,Dairy,Cheese,GreenLine,31.98
262,SKU-00262,Frozen,Pizza,GreenLine,37.98
263,SKU-00263,Beverage,Soda,AlphaFoods,25.17
264,SKU-00264,Grocery,Pasta,UrbanTaste,29.96
265,SKU-00265,PersonalCare,Soap,AlphaFoods,17.63
266,SKU-00266,Snacks,Nuts,PureLife,19.35
267,SKU-00267,Dairy,Cheese,Sunrise,32.32
268,SKU-00268,Snacks,Biscuits,Sunrise,6.2
269,SKU-00269,PersonalCare,Soap,AlphaFoods,20.86
270,SKU-00270,Grocery,Oil,NovaFresh,19.01
271,SKU-00271,Beverage,Water,PureLife,35.97
272,SKU-00272,Grocery,Rice,PureLife,35.96
273,SKU-00273,Beverage,Soda,NovaFresh,31.15
274,SKU-00274,Grocery,Rice,PureLife,10.57
275,SKU-00275,PersonalCare,Toothpaste,NovaFresh,8.68
276,SKU-00276,Snacks,Nuts,GreenLine,35.28
277,SKU-00277,PersonalCare,Shampoo,AlphaFoods,23.61
278,SKU-00278,Frozen,Veg,AlphaFoods,21.73
279,SKU-00279,Snacks,Nuts,NovaFresh,14.49
280,SKU-00280,Grocery,Rice,AlphaFoods,7.57
281,SKU-00281,Beverage,Juice,PureLife,24.4
282,SKU-00282,Snacks,Nuts,NovaFresh,7.88
283,SKU-00283,Frozen,Pizza,AlphaFoods,38.5
284,SKU-00284,Dairy,Yogurt,NovaFresh,14.58
285,SKU-00285,Beverage,Juice,PureLife,39.2
286,SKU-00286,Frozen,Pizza,AlphaFoods,3.58
287,SKU-00287,Dairy,Milk,Sunrise,12.32
288,SKU-00288,Grocery,Pasta,AlphaFoods,26.52
289,SKU-00289,Dairy,Yogurt,PureLife,35.25
290,SKU-00290,Dairy,Milk,UrbanTaste,25.01
291,SKU-00291,Snacks,Biscuits,AlphaFoods,14.01
292,SKU-00292,Dairy,Yogurt,AlphaFoods,7.74
293,SKU-00293,Grocery,Oil,Sunrise,21.78
294,SKU-00294,Snacks,Chips,GreenLine,12.33
295,SKU-00295,Dairy,Cheese,UrbanTaste,7.61
296,SKU-00296,PersonalCare,Shampoo,NovaFresh,31.88
297,SKU-00297,Snacks,Biscuits,UrbanTaste,11.25
298,SKU-00298,Beverage,Soda,Sunrise,32.86
299,SKU-00299,Snacks,Nuts,PureLife,33.77
300,SKU-00300,Grocery,Rice,Sunrise,22.2
301,SKU-00301,Frozen,Veg,AlphaFoods,26.38
302,SKU-00302,PersonalCare,Shampoo,GreenLine,12.19
303,SKU-00303,Snacks,Chips,PureLife,15.0
304,SKU-00304,Snacks,Chips,PureLife,35.4
305,SKU-00305,PersonalCare,Toothpaste,PureLife,22.52
306,SKU-00306,Dairy,Cheese,UrbanTaste,30.57
307,SKU-00307,Dairy,Cheese,Sunrise,36.01
308,SKU-00308,Dairy,Yogurt,Sunrise,7.25
309,SKU-00309,Grocery,Pasta,PureLife,19.22
310,SKU-00310,PersonalCare,Toothpaste,PureLife,34.88
311,SKU-00311,PersonalCare,Toothpaste,Sunrise,35.19
312,SKU-00312,Beverage,Water,NovaFresh,8.12
313,SKU-00313,Grocery,Pasta,NovaFresh,12.7
314,SKU-00314,Frozen,Pizza,AlphaFoods,28.48
315,SKU-00315,Dairy,Milk,UrbanTaste,37.11
316,SKU-00316,Grocery,Pasta,AlphaFoods,2.24
317,SKU-00317,PersonalCare,Shampoo,PureLife,32.35
318,SKU-00318,Frozen,Veg,PureLife,30.46
319,SKU-00319,Snacks,Chips,Sunrise,30.76
320,SKU-00320,Snacks,Nuts,AlphaFoods,36.77
321,SKU-00321,Snacks,Chips,NovaFresh,29.52
322,SKU-00322,Frozen,Dessert,Sunrise,5.2
323,SKU-00323,Frozen,Dessert,UrbanTaste,7.01
324,SKU-00324,Beverage,Soda,Sunrise,16.75
325,SKU-00325,Snacks,Nuts,GreenLine,4.01
326,SKU-00326,Grocery,Oil,UrbanTaste,23.93
327,SKU-00327,Snacks,Nuts,GreenLine,32.5
328,SKU-00328,PersonalCare,Soap,NovaFresh,7.88
329,SKU-00329,Dairy,Yogurt,AlphaFoods,37.17
330,SKU-00330,Beverage,Soda,Sunrise,17.5
331,SKU-00331,Grocery,Pasta,UrbanTaste,9.02
332,SKU-00332,Frozen,Dessert,Sunrise,11.58
333,SKU-00333,Frozen,Pizza,GreenLine,29.49
334,SKU-00334,Beverage,Water,AlphaFoods,16.49
335,SKU-00335,Dairy,Cheese,GreenLine,21.98
336,SKU-00336,PersonalCare,Soap,NovaFresh,30.6
337,SKU-00337,Snacks,Biscuits,UrbanTaste,3.24
338,SKU-00338,Dairy,Yogurt,GreenLine,11.8
339,SKU-00339,Snacks,Nuts,UrbanTaste,26.49
340,SKU-00340,Beverage,Water,PureLife,19.66
341,SKU-00341,Grocery,Rice,NovaFresh,0.5
342,SKU-00342,Frozen,Veg,UrbanTaste,16.39
343,SKU-00343,Snacks,Nuts,AlphaFoods,29.23
344,SKU-00344,Beverage,Soda,PureLife,36.96
345,SKU-00345,Grocery,Rice,NovaFresh,22.17
346,SKU-00346,PersonalCare,Shampoo,GreenLine,17.79
347,SKU-00347,Beverage,Soda,AlphaFoods,13.15
348,SKU-00348,Snacks,Nuts,Sunrise,3.07
349,SKU-00349,Grocery,Pasta,NovaFresh,1.42
350,SKU-00350,Dairy,Cheese,GreenLine,21.29
351,SKU-00351,Dairy,Cheese,GreenLine,37.88
352,SKU-00352,Beverage,Soda,GreenLine,26.4
353,SKU-00353,PersonalCare,Soap,AlphaFoods,36.41
354,SKU-00354,PersonalCare,Toothpaste,GreenLine,39.22
355,SKU-00355,Frozen,Veg,GreenLine,10.25
356,SKU-00356,PersonalCare,Shampoo,Sunrise,22.09
357,SKU-00357,Frozen,Veg,Sunrise,11.95
358,SKU-00358,Grocery,Pasta,NovaFresh,26.07
359,SKU-00359,Frozen,Veg,PureLife,39.92
360,SKU-00360,Frozen,Dessert,NovaFresh,29.79
361,SKU-00361,Dairy,Yogurt,AlphaFoods,16.54
362,SKU-00362,PersonalCare,Shampoo,AlphaFoods,16.41
363,SKU-00363,Snacks,Nuts,AlphaFoods,30.41
364,SKU-00364,Dairy,Milk,Sunrise,22.78
365,SKU-00365,Snacks,Nuts,NovaFresh,22.65
366,SKU-00366,Snacks,Biscuits,NovaFresh,20.89
367,SKU-00367,Snacks,Biscuits,UrbanTaste,4.12
368,SKU-00368,Frozen,Veg,AlphaFoods,2.99
369,SKU-00369,Grocery,Pasta,Sunrise,4.67
370,SKU-00370,Dairy,Cheese,AlphaFoods,31.79
371,SKU-00371,Snacks,Biscuits,UrbanTaste,6.9
372,SKU-00372,Snacks,Chips,GreenLine,6.78
373,SKU-00373,Beverage,Juice,Sunrise,4.03
374,SKU-00374,Beverage,Water,PureLife,35.48
375,SKU-00375,Grocery,Pasta,Sunrise,14.77
376,SKU-00376,Frozen,Pizza,NovaFresh,15.79
377,SKU-00377,PersonalCare,Soap,PureLife,38.08
378,SKU-00378,Snacks,Chips,GreenLine,35.04
379,SKU-00379,Beverage,Water,NovaFresh,9.51
380,SKU-00380,Dairy,Yogurt,UrbanTaste,39.63
381,SKU-00381,PersonalCare,Toothpaste,PureLife,33.92
382,SKU-00382,Beverage,Juice,NovaFresh,23.11
383,SKU-00383,Dairy,Yogurt,Sunrise,13.25
384,SKU-00384,Frozen,Pizza,PureLife,31.41
385,SKU-00385,Dairy,Milk,PureLife,32.66
386,SKU-00386,PersonalCare,Shampoo,GreenLine,31.12
387,SKU-00387,Dairy,Yogurt,GreenLine,24.4
388,SKU-00388,Dairy,Cheese,NovaFresh,33.67
389,SKU-00389,Grocery,Pasta,AlphaFoods,9.72
390,SKU-00390,PersonalCare,Soap,Sunrise,31.19
391,SKU-00391,Grocery,Pasta,Sunrise,37.74
392,SKU-00392,Dairy,Yogurt,AlphaFoods,37.85
393,SKU-00393,Beverage,Water,Sunrise,4.12
394,SKU-00394,PersonalCare,Toothpaste,Sunrise,17.86
395,SKU-00395,Frozen,Veg,UrbanTaste,35.35
396,SKU-00396,Frozen,Dessert,PureLife,35.97
397,SKU-00397,Frozen,Dessert,NovaFresh,39.63
398,SKU-00398,Snacks,Chips,UrbanTaste,13.93
399,SKU-00399,Frozen,Dessert,Sunrise,28.99
400,SKU-00400,Beverage,Soda,GreenLine,38.16
401,SKU-00401,Dairy,Milk,NovaFresh,29.74
402,SKU-00402,Grocery,Rice,Sunrise,30.15
403,SKU-00403,Beverage,Soda,GreenLine,7.79
404,SKU-00404,Beverage,Soda,PureLife,39.41
405,SKU-00405,Frozen,Pizza,Sunrise,5.34
406,SKU-00406,Grocery,Pasta,UrbanTaste,28.07
407,SKU-00407,Frozen,Dessert,AlphaFoods,16.46
408,SKU-00408,Frozen,Dessert,UrbanTaste,14.44
409,SKU-00409,Frozen,Veg,PureLife,5.4
410,SKU-00410,Snacks,Nuts,AlphaFoods,38.67
411,SKU-00411,Grocery,Pasta,PureLife,1.52
412,SKU-00412,Frozen,Veg,GreenLine,35.85
413,SKU-00413,PersonalCare,Soap,UrbanTaste,38.44
414,SKU-00414,Frozen,Pizza,PureLife,13.17
415,SKU-00415,Beverage,Soda,GreenLine,37.54
416,SKU-00416,Dairy,Yogurt,NovaFresh,24.23
417,SKU-00417,PersonalCare,Soap,NovaFresh,34.56
418,SKU-00418,Dairy,Yogurt,GreenLine,16.76
419,SKU-00419,Frozen,Veg,UrbanTaste,32.02
420,SKU-00420,Dairy,Yogurt,Sunrise,13.03
421,SKU-00421,PersonalCare,Soap,GreenLine,14.98
422,SKU-00422,Dairy,Cheese,UrbanTaste,3.96
423,SKU-00423,Snacks,Chips,AlphaFoods,33.06
424,SKU-00424,Beverage,Soda,UrbanTaste,21.47
425,SKU-00425,PersonalCare,Soap,NovaFresh,4.23
426,SKU-00426,Grocery,Rice,AlphaFoods,23.22
427,SKU-00427,Dairy,Cheese,GreenLine,12.56
428,SKU-00428,Dairy,Milk,PureLife,17.09
429,SKU-00429,Frozen,Pizza,NovaFresh,4.44
430,SKU-00430,Dairy,Yogurt,PureLife,29.55
431,SKU-00431,Frozen,Pizza,UrbanTaste,20.47
432,SKU-00432,PersonalCare,Toothpaste,NovaFresh,10.82
433,SKU-00433,Frozen,Veg,PureLife,39.54
434,SKU-00434,Snacks,Biscuits,Sunrise,31.76
435,SKU-00435,Snacks,Chips,GreenLine,15.31
436,SKU-00436,Frozen,Pizza,Sunrise,34.4
437,SKU-00437,Frozen,Dessert,PureLife,27.65
438,SKU-00438,Beverage,Juice,Sunrise,23.11
439,SKU-00439,Frozen,Pizza,AlphaFoods,28.83
440,SKU-00440,Frozen,Pizza,NovaFresh,28.69
441,SKU-00441,PersonalCare,Soap,Sunrise,14.47
442,SKU-00442,Beverage,Soda,UrbanTaste,14.43
443,SKU-00443,Beverage,Juice,AlphaFoods,16.6
444,SKU-00444,Snacks,Nuts,AlphaFoods,5.78
445,SKU-00445,PersonalCare,Soap,PureLife,24.56
446,SKU-00446,Frozen,Dessert,Sunrise,14.12
447,SKU-00447,Beverage,Soda,NovaFresh,29.49
448,SKU-00448,PersonalCare,Soap,UrbanTaste,3.24
449,SKU-00449,Frozen,Veg,AlphaFoods,18.73
450,SKU-00450,Snacks,Biscuits,GreenLine,2.82
451,SKU-00451,Frozen,Veg,PureLife,24.68
452,SKU-00452,Frozen,Dessert,PureLife,24.47
453,SKU-00453,Snacks,Biscuits,PureLife,17.42
454,SKU-00454,Dairy,Milk,PureLife,5.25
455,SKU-00455,Frozen,Veg,PureLife,30.87
456,SKU-00456,Beverage,Water,AlphaFoods,22.21
457,SKU-00457,PersonalCare,Toothpaste,UrbanTaste,2.06
458,SKU-00458,Beverage,Juice,Sunrise,39.55
459,SKU-00459,Snacks,Nuts,Sunrise,29.15
460,SKU-00460,PersonalCare,Toothpaste,NovaFresh,32.02
461,SKU-00461,Frozen,Veg,GreenLine,11.91
462,SKU-00462,Grocery,Rice,AlphaFoods,25.64
463,SKU-00463,Dairy,Yogurt,AlphaFoods,36.33
464,SKU-00464,Frozen,Veg,Sunrise,8.19
465,SKU-00465,Frozen,Pizza,UrbanTaste,4.35
466,SKU-00466,Beverage,Water,AlphaFoods,31.73
467,SKU-00467,Dairy,Cheese,Sunrise,16.89
468,SKU-00468,PersonalCare,Shampoo,PureLife,3.34
469,SKU-00469,Snacks,Biscuits,AlphaFoods,4.84
470,SKU-00470,PersonalCare,Shampoo,UrbanTaste,24.14
471,SKU-00471,Beverage,Water,UrbanTaste,29.88
472,SKU-00472,PersonalCare,Toothpaste,PureLife,6.17
473,SKU-00473,Snacks,Biscuits,PureLife,26.01
474,SKU-00474,Frozen,Veg,PureLife,30.75
475,SKU-00475,Snacks,Biscuits,UrbanTaste,24.59
476,SKU-00476,PersonalCare,Toothpaste,PureLife,17.63
477,SKU-00477,Dairy,Cheese,NovaFresh,8.54
478,SKU-00478,Grocery,Pasta,Sunrise,25.43
479,SKU-00479,Grocery,Pasta,GreenLine,7.14
480,SKU-00480,Snacks,Biscuits,GreenLine,3.4
481,SKU-00481,Frozen,Pizza,UrbanTaste,30.33
482,SKU-00482,Snacks,Chips,PureLife,22.05
483,SKU-00483,Beverage,Juice,UrbanTaste,1.42
484,SKU-00484,Grocery,Rice,NovaFresh,10.2
485,SKU-00485,Dairy,Milk,UrbanTaste,13.68
486,SKU-00486,Snacks,Chips,Sunrise,34.7
487,SKU-00487,Beverage,Soda,PureLife,38.23
488,SKU-00488,PersonalCare,Shampoo,GreenLine,37.24
489,SKU-00489,Grocery,Pasta,NovaFresh,12.23
490,SKU-00490,Snacks,Nuts,GreenLine,17.12
491,SKU-00491,Grocery,Rice,PureLife,35.73
492,SKU-00492,Dairy,Cheese,GreenLine,5.78
493,SKU-00493,Beverage,Water,AlphaFoods,35.94
494,SKU-00494,Grocery,Rice,UrbanTaste,5.51
495,SKU-00495,Frozen,Pizza,GreenLine,34.79
496,SKU-00496,Snacks,Chips,GreenLine,8.84
497,SKU-00497,Grocery,Rice,Sunrise,37.36
498,SKU-00498,Dairy,Cheese,GreenLine,8.95
499,SKU-00499,Snacks,Nuts,Sunrise,26.83
500,SKU-00500,Beverage,Water,NovaFresh,6.95
501,SKU-00501,Grocery,Oil,PureLife,22.52
502,SKU-00502,Dairy,Cheese,AlphaFoods,23.95
503,SKU-00503,Grocery,Oil,AlphaFoods,33.81
504,SKU-00504,Beverage,Water,AlphaFoods,15.62
505,SKU-00505,Frozen,Dessert,NovaFresh,3.18
506,SKU-00506,Dairy,Cheese,NovaFresh,27.76
507,SKU-00507,Dairy,Cheese,PureLife,8.57
508,SKU-00508,Beverage,Juice,AlphaFoods,35.68
509,SKU-00509,Grocery,Rice,NovaFresh,23.36
510,SKU-00510,Beverage,Water,NovaFresh,1.81
511,SKU-00511,Dairy,Yogurt,PureLife,13.91
512,SKU-00512,Frozen,Pizza,GreenLine,22.14
513,SKU-00513,PersonalCare,Soap,AlphaFoods,19.79
514,SKU-00514,PersonalCare,Soap,GreenLine,5.29
515,SKU-00515,Snacks,Biscuits,NovaFresh,10.76
516,SKU-00516,Grocery,Oil,UrbanTaste,31.54
517,SKU-00517,Frozen,Pizza,PureLife,31.07
518,SKU-00518,Grocery,Rice,UrbanTaste,11.91
519,SKU-00519,PersonalCare,Toothpaste,PureLife,5.53
520,SKU-00520,Frozen,Dessert,UrbanTaste,11.85
521,SKU-00521,Beverage,Soda,Sunrise,6.35
522,SKU-00522,Grocery,Pasta,AlphaFoods,27.85
523,SKU-00523,Dairy,Milk,GreenLine,39.02
524,SKU-00524,Dairy,Yogurt,GreenLine,22.0
525,SKU-00525,Dairy,Cheese,Sunrise,3.87
526,SKU-00526,Dairy,Milk,PureLife,19.32
527,SKU-00527,Snacks,Nuts,NovaFresh,5.45
528,SKU-00528,Snacks,Nuts,PureLife,20.89
529,SKU-00529,Beverage,Soda,AlphaFoods,32.99
530,SKU-00530,Grocery,Oil,AlphaFoods,36.86
531,SKU-00531,PersonalCare,Soap,NovaFresh,7.63
532,SKU-00532,Grocery,Pasta,PureLife,25.03
533,SKU-00533,Snacks,Nuts,NovaFresh,12.15
534,SKU-00534,Snacks,Chips,PureLife,6.53
535,SKU-00535,PersonalCare,Shampoo,Sunrise,18.56
536,SKU-00536,Grocery,Rice,NovaFresh,19.66
537,SKU-00537,Frozen,Dessert,UrbanTaste,1.36
538,SKU-00538,Dairy,Yogurt,Sunrise,28.42
539,SKU-00539,Grocery,Rice,Sunrise,28.41
540,SKU-00540,Dairy,Cheese,Sunrise,24.14
541,SKU-00541,Grocery,Rice,AlphaFoods,38.56
542,SKU-00542,Beverage,Soda,AlphaFoods,16.25
543,SKU-00543,Frozen,Pizza,Sunrise,24.88
544,SKU-00544,Frozen,Pizza,Sunrise,23.87
545,SKU-00545,Grocery,Oil,AlphaFoods,38.24
546,SKU-00546,Beverage,Soda,NovaFresh,34.18
547,SKU-00547,Dairy,Yogurt,NovaFresh,2.38
548,SKU-00548,Snacks,Biscuits,UrbanTaste,34.99
549,SKU-00549,Frozen,Dessert,UrbanTaste,30.59
550,SKU-00550,Frozen,Pizza,NovaFresh,1.73
551,SKU-00551,Grocery,Pasta,UrbanTaste,8.11
552,SKU-00552,Dairy,Yogurt,PureLife,22.61
553,SKU-00553,Grocery,Oil,GreenLine,10.01
554,SKU-00554,Dairy,Cheese,UrbanTaste,26.01
555,SKU-00555,PersonalCare,Soap,UrbanTaste,28.25
556,SKU-00556,Frozen,Pizza,GreenLine,35.81
557,SKU-00557,Grocery,Rice,Sunrise,4.09
558,SKU-00558,PersonalCare,Shampoo,AlphaFoods,30.28
559,SKU-00559,Dairy,Yogurt,GreenLine,11.58
560,SKU-00560,Snacks,Biscuits,AlphaFoods,24.33
561,SKU-00561,Dairy,Yogurt,AlphaFoods,38.13
562,SKU-00562,Frozen,Dessert,UrbanTaste,3.28
563,SKU-00563,Grocery,Pasta,GreenLine,32.14
564,SKU-00564,Snacks,Biscuits,Sunrise,32.45
565,SKU-00565,Grocery,Oil,PureLife,38.47
566,SKU-00566,Grocery,Oil,GreenLine,10.39
567,SKU-00567,Grocery,Oil,GreenLine,31.07
568,SKU-00568,Dairy,Cheese,GreenLine,19.92
569,SKU-00569,PersonalCare,Toothpaste,Sunrise,5.27
570,SKU-00570,PersonalCare,Soap,GreenLine,10.62
571,SKU-00571,Dairy,Milk,UrbanTaste,31.28
572,SKU-00572,Beverage,Juice,AlphaFoods,21.34
573,SKU-00573,PersonalCare,Soap,NovaFresh,1.91
574,SKU-00574,PersonalCare,Shampoo,NovaFresh,10.05
575,SKU-00575,Beverage,Water,UrbanTaste,1.55
576,SKU-00576,Dairy,Cheese,UrbanTaste,27.19
577,SKU-00577,Snacks,Chips,AlphaFoods,33.75
578,SKU-00578,PersonalCare,Soap,GreenLine,3.72
579,SKU-00579,Frozen,Dessert,GreenLine,25.41
580,SKU-00580,Dairy,Cheese,PureLife,5.57
581,SKU-00581,Grocery,Pasta,NovaFresh,18.09
582,SKU-00582,PersonalCare,Soap,UrbanTaste,24.8
583,SKU-00583,Grocery,Pasta,Sunrise,38.33
584,SKU-00584,Grocery,Pasta,PureLife,16.67
585,SKU-00585,Dairy,Yogurt,AlphaFoods,31.3
586,SKU-00586,Snacks,Chips,NovaFresh,6.04
587,SKU-00587,Snacks,Nuts,NovaFresh,9.82
588,SKU-00588,Grocery,Rice,AlphaFoods,31.29
589,SKU-00589,Dairy,Milk,AlphaFoods,32.08
590,SKU-00590,PersonalCare,Shampoo,UrbanTaste,33.12
591,SKU-00591,Grocery,Oil,PureLife,3.33
592,SKU-00592,Frozen,Pizza,AlphaFoods,4.13
593,SKU-00593,Dairy,Yogurt,PureLife,34.79
594,SKU-00594,Snacks,Chips,NovaFresh,28.73
595,SKU-00595,Dairy,Milk,AlphaFoods,18.79
596,SKU-00596,Grocery,Rice,NovaFresh,37.97
597,SKU-00597,PersonalCare,Shampoo,NovaFresh,6.78
598,SKU-00598,Grocery,Oil,GreenLine,33.09
599,SKU-00599,Frozen,Veg,Sunrise,23.03
600,SKU-00600,Dairy,Cheese,PureLife,32.84
601,SKU-00601,Beverage,Juice,Sunrise,6.63
602,SKU-00602,Grocery,Oil,Sunrise,20.28
603,SKU-00603,Grocery,Rice,PureLife,20.02
604,SKU-00604,Dairy,Yogurt,GreenLine,34.41
605,SKU-00605,Frozen,Dessert,Sunrise,29.7
606,SKU-00606,Grocery,Oil,AlphaFoods,29.05
607,SKU-00607,Snacks,Nuts,PureLife,11.65
608,SKU-00608,Frozen,Veg,AlphaFoods,34.77
609,SKU-00609,Beverage,Juice,Sunrise,30.88
610,SKU-00610,Beverage,Juice,UrbanTaste,29.52
611,SKU-00611,Beverage,Soda,GreenLine,33.1
612,SKU-00612,Grocery,Rice,UrbanTaste,28.98
613,SKU-00613,Beverage,Water,AlphaFoods,28.41
614,SKU-00614,Dairy,Milk,AlphaFoods,6.9
615,SKU-00615,Frozen,Veg,AlphaFoods,22.85
616,SKU-00616,Frozen,Veg,UrbanTaste,38.82
617,SKU-00617,Beverage,Juice,UrbanTaste,24.74
618,SKU-00618,Snacks,Biscuits,AlphaFoods,17.23
619,SKU-00619,Frozen,Dessert,NovaFresh,28.95
620,SKU-00620,Beverage,Juice,GreenLine,19.46
621,SKU-00621,Frozen,Veg,PureLife,0.59
622,SKU-00622,Frozen,Veg,GreenLine,33.34
623,SKU-00623,Dairy,Cheese,GreenLine,2.75
624,SKU-00624,Dairy,Cheese,UrbanTaste,21.54
625,SKU-00625,Dairy,Yogurt,NovaFresh,37.09
626,SKU-00626,PersonalCare,Toothpaste,PureLife,11.7
627,SKU-00627,PersonalCare,Soap,GreenLine,4.58
628,SKU-00628,PersonalCare,Toothpaste,AlphaFoods,2.79
629,SKU-00629,Beverage,Soda,AlphaFoods,2.34
630,SKU-00630,Grocery,Rice,AlphaFoods,27.31
631,SKU-00631,Dairy,Cheese,UrbanTaste,14.56
632,SKU-00632,Grocery,Oil,UrbanTaste,36.63
633,SKU-00633,Dairy,Milk,UrbanTaste,9.07
634,SKU-00634,Grocery,Pasta,Sunrise,8.93
635,SKU-00635,Grocery,Rice,GreenLine,11.1
636,SKU-00636,Grocery,Rice,UrbanTaste,9.42
637,SKU-00637,Frozen,Dessert,NovaFresh,20.94
638,SKU-00638,Beverage,Soda,NovaFresh,26.61
639,SKU-00639,Frozen,Veg,GreenLine,33.28
640,SKU-00640,Grocery,Pasta,Sunrise,23.55
641,SKU-00641,Beverage,Water,UrbanTaste,19.93
642,SKU-00642,Dairy,Cheese,GreenLine,16.26
643,SKU-00643,Beverage,Soda,PureLife,17.6
644,SKU-00644,Dairy,Yogurt,PureLife,31.28
645,SKU-00645,PersonalCare,Soap,UrbanTaste,31.32
646,SKU-00646,Frozen,Pizza,GreenLine,19.24
647,SKU-00647,Grocery,Oil,AlphaFoods,18.51
648,SKU-00648,Grocery,Oil,UrbanTaste,27.94
649,SKU-00649,Frozen,Veg,PureLife,8.44
650,SKU-00650,Frozen,Veg,NovaFresh,28.08
651,SKU-00651,Grocery,Pasta,NovaFresh,21.93
652,SKU-00652,Snacks,Nuts,AlphaFoods,5.01
653,SKU-00653,Frozen,Pizza,AlphaFoods,22.05
654,SKU-00654,Grocery,Oil,UrbanTaste,24.85
655,SKU-00655,Frozen,Veg,UrbanTaste,9.67
656,SKU-00656,Frozen,Dessert,NovaFresh,6.69
657,SKU-00657,Beverage,Soda,GreenLine,39.2
658,SKU-00658,Frozen,Veg,NovaFresh,2.28
659,SKU-00659,Dairy,Yogurt,AlphaFoods,6.78
660,SKU-00660,Snacks,Chips,UrbanTaste,5.63
661,SKU-00661,Snacks,Nuts,GreenLine,36.69
662,SKU-00662,Dairy,Milk,NovaFresh,37.91
663,SKU-00663,Dairy,Yogurt,UrbanTaste,22.84
664,SKU-00664,Dairy,Milk,UrbanTaste,24.41
665,SKU-00665,Beverage,Water,AlphaFoods,6.25
666,SKU-00666,Frozen,Veg,GreenLine,27.9
667,SKU-00667,Grocery,Rice,NovaFresh,26.13
668,SKU-00668,Frozen,Dessert,AlphaFoods,22.42
669,SKU-00669,PersonalCare,Shampoo,GreenLine,9.57
670,SKU-00670,Beverage,Water,UrbanTaste,24.5
671,SKU-00671,Dairy,Yogurt,AlphaFoods,11.59
672,SKU-00672,Grocery,Rice,Sunrise,25.5
673,SKU-00673,PersonalCare,Shampoo,NovaFresh,30.02
674,SKU-00674,Frozen,Dessert,PureLife,17.37
675,SKU-00675,Beverage,Soda,AlphaFoods,13.48
676,SKU-00676,Grocery,Pasta,PureLife,18.28
677,SKU-00677,Frozen,Veg,PureLife,33.76
678,SKU-00678,Snacks,Biscuits,UrbanTaste,30.23
679,SKU-00679,Beverage,Juice,NovaFresh,23.28
680,SKU-00680,Dairy,Yogurt,UrbanTaste,17.75
681,SKU-00681,Dairy,Cheese,GreenLine,7.88
682,SKU-00682,Beverage,Juice,UrbanTaste,13.23
683,SKU-00683,Frozen,Dessert,AlphaFoods,15.06
684,SKU-00684,Beverage,Water,UrbanTaste,11.85
685,SKU-00685,PersonalCare,Toothpaste,GreenLine,31.02
686,SKU-00686,Grocery,Rice,AlphaFoods,29.62
687,SKU-00687,Snacks,Chips,PureLife,3.83
688,SKU-00688,PersonalCare,Shampoo,NovaFresh,3.19
689,SKU-00689,PersonalCare,Shampoo,NovaFresh,4.06
690,SKU-00690,PersonalCare,Shampoo,Sunrise,21.9
691,SKU-00691,Snacks,Biscuits,NovaFresh,17.57
692,SKU-00692,PersonalCare,Soap,AlphaFoods,11.3
693,SKU-00693,PersonalCare,Shampoo,Sunrise,12.89
694,SKU-00694,Beverage,Soda,PureLife,3.29
695,SKU-00695,Grocery,Rice,PureLife,19.13
696,SKU-00696,Dairy,Yogurt,PureLife,23.17
697,SKU-00697,Snacks,Nuts,NovaFresh,8.32
698,SKU-00698,Grocery,Rice,AlphaFoods,30.06
699,SKU-00699,Snacks,Biscuits,Sunrise,39.98
700,SKU-00700,Frozen,Pizza,NovaFresh,13.27
701,SKU-00701,PersonalCare,Soap,UrbanTaste,17.17
702,SKU-00702,Grocery,Oil,Sunrise,7.82
703,SKU-00703,PersonalCare,Soap,Sunrise,14.13
704,SKU-00704,Dairy,Cheese,NovaFresh,15.86
705,SKU-00705,Dairy,Cheese,UrbanTaste,33.17
706,SKU-00706,Snacks,Biscuits,AlphaFoods,35.5
707,SKU-00707,Frozen,Veg,Sunrise,36.19
708,SKU-00708,Frozen,Veg,GreenLine,31.71
709,SKU-00709,PersonalCare,Shampoo,NovaFresh,1.54
710,SKU-00710,PersonalCare,Shampoo,PureLife,1.65
711,SKU-00711,Beverage,Soda,NovaFresh,20.42
712,SKU-00712,Beverage,Water,NovaFresh,22.26
713,SKU-00713,Frozen,Pizza,PureLife,5.56
714,SKU-00714,Dairy,Cheese,PureLife,34.79
715,SKU-00715,Beverage,Juice,Sunrise,7.38
716,SKU-00716,Grocery,Pasta,Sunrise,19.26
717,SKU-00717,Frozen,Veg,UrbanTaste,5.24
718,SKU-00718,Frozen,Pizza,GreenLine,12.97
719,SKU-00719,PersonalCare,Soap,Sunrise,18.32
720,SKU-00720,Dairy,Milk,NovaFresh,8.92
721,SKU-00721,Grocery,Oil,AlphaFoods,37.32
722,SKU-00722,Dairy,Milk,UrbanTaste,32.2
723,SKU-00723,Frozen,Pizza,NovaFresh,37.91
724,SKU-00724,Frozen,Pizza,Sunrise,26.55
725,SKU-00725,Grocery,Rice,Sunrise,3.77
726,SKU-00726,Frozen,Pizza,Sunrise,35.75
727,SKU-00727,Grocery,Pasta,AlphaFoods,9.62
728,SKU-00728,Snacks,Biscuits,GreenLine,24.05
729,SKU-00729,Grocery,Pasta,PureLife,15.81
730,SKU-00730,Dairy,Yogurt,NovaFresh,30.38
731,SKU-00731,PersonalCare,Toothpaste,UrbanTaste,5.61
732,SKU-00732,Frozen,Pizza,NovaFresh,10.57
733,SKU-00733,PersonalCare,Shampoo,GreenLine,0.75
734,SKU-00734,Beverage,Juice,PureLife,39.13
735,SKU-00735,Dairy,Milk,NovaFresh,25.37
736,SKU-00736,Snacks,Biscuits,Sunrise,3.62
737,SKU-00737,Beverage,Water,PureLife,34.21
738,SKU-00738,Dairy,Milk,Sunrise,12.3
739,SKU-00739,Dairy,Yogurt,AlphaFoods,31.12
740,SKU-00740,PersonalCare,Shampoo,UrbanTaste,9.22
741,SKU-00741,Snacks,Nuts,PureLife,30.78
742,SKU-00742,Snacks,Biscuits,GreenLine,33.88
743,SKU-00743,PersonalCare,Soap,GreenLine,1.69
744,SKU-00744,Frozen,Veg,GreenLine,34.92
745,SKU-00745,Frozen,Veg,GreenLine,34.19
746,SKU-00746,Snacks,Chips,UrbanTaste,21.96
747,SKU-00747,Frozen,Pizza,Sunrise,27.12
748,SKU-00748,PersonalCare,Shampoo,GreenLine,35.59
749,SKU-00749,Grocery,Rice,GreenLine,4.69
750,SKU-00750,Snacks,Nuts,PureLife,0.68
751,SKU-00751,Dairy,Cheese,NovaFresh,28.5
752,SKU-00752,Beverage,Soda,UrbanTaste,20.88
753,SKU-00753,Dairy,Yogurt,AlphaFoods,24.29
754,SKU-00754,PersonalCare,Toothpaste,PureLife,4.34
755,SKU-00755,Snacks,Biscuits,UrbanTaste,28.22
756,SKU-00756,Dairy,Yogurt,NovaFresh,31.33
757,SKU-00757,Dairy,Yogurt,UrbanTaste,29.12
758,SKU-00758,Snacks,Nuts,GreenLine,20.5
759,SKU-00759,PersonalCare,Shampoo,GreenLine,16.55
760,SKU-00760,Beverage,Water,GreenLine,37.99
761,SKU-00761,Frozen,Pizza,PureLife,18.45
762,SKU-00762,Snacks,Biscuits,Sunrise,33.64
763,SKU-00763,Grocery,Oil,GreenLine,33.41
764,SKU-00764,Grocery,Rice,AlphaFoods,19.58
765,SKU-00765,PersonalCare,Toothpaste,Sunrise,39.82
766,SKU-00766,Dairy,Cheese,NovaFresh,33.49
767,SKU-00767,Beverage,Soda,GreenLine,36.42
768,SKU-00768,PersonalCare,Soap,Sunrise,15.47
769,SKU-00769,PersonalCare,Toothpaste,NovaFresh,27.74
770,SKU-00770,Beverage,Juice,NovaFresh,14.56
771,SKU-00771,Snacks,Nuts,AlphaFoods,10.54
772,SKU-00772,Frozen,Veg,AlphaFoods,21.62
773,SKU-00773,Dairy,Cheese,AlphaFoods,18.38
774,SKU-00774,Snacks,Biscuits,NovaFresh,6.71
775,SKU-00775,Grocery,Rice,AlphaFoods,25.38
776,SKU-00776,Frozen,Dessert,UrbanTaste,29.77
777,SKU-00777,PersonalCare,Toothpaste,GreenLine,26.23
778,SKU-00778,Snacks,Biscuits,UrbanTaste,36.67
779,SKU-00779,Beverage,Water,PureLife,36.82
780,SKU-00780,Snacks,Chips,AlphaFoods,19.51
781,SKU-00781,PersonalCare,Toothpaste,Sunrise,16.54
782,SKU-00782,Snacks,Nuts,Sunrise,31.92
783,SKU-00783,PersonalCare,Shampoo,Sunrise,28.33
784,SKU-00784,PersonalCare,Toothpaste,Sunrise,3.08
785,SKU-00785,Grocery,Rice,GreenLine,9.09
786,SKU-00786,PersonalCare,Soap,UrbanTaste,4.66
787,SKU-00787,Frozen,Pizza,Sunrise,1.51
788,SKU-00788,PersonalCare,Shampoo,NovaFresh,17.04
789,SKU-00789,Grocery,Pasta,NovaFresh,37.76
790,SKU-00790,Snacks,Chips,AlphaFoods,24.37
791,SKU-00791,Grocery,Pasta,UrbanTaste,31.57
792,SKU-00792,Dairy,Cheese,Sunrise,2.66
793,SKU-00793,PersonalCare,Soap,AlphaFoods,22.5
794,SKU-00794,Beverage,Water,PureLife,4.0
795,SKU-00795,Snacks,Chips,PureLife,6.89
796,SKU-00796,PersonalCare,Soap,NovaFresh,3.72
797,SKU-00797,Dairy,Cheese,PureLife,4.58
798,SKU-00798,PersonalCare,Toothpaste,PureLife,19.47
799,SKU-00799,Dairy,Cheese,UrbanTaste,30.56
800,SKU-00800,Beverage,Soda,AlphaFoods,37.87
801,SKU-00801,Dairy,Yogurt,UrbanTaste,14.59
802,SKU-00802,Grocery,Rice,NovaFresh,30.05
803,SKU-00803,Beverage,Water,AlphaFoods,26.53
804,SKU-00804,PersonalCare,Toothpaste,Sunrise,35.86
805,SKU-00805,Snacks,Nuts,NovaFresh,14.07
806,SKU-00806,Beverage,Water,PureLife,24.46
807,SKU-00807,Grocery,Pasta,PureLife,31.4
808,SKU-00808,Frozen,Pizza,UrbanTaste,20.41
809,SKU-00809,Grocery,Pasta,Sunrise,19.37
810,SKU-00810,Snacks,Nuts,GreenLine,4.51
811,SKU-00811,Grocery,Pasta,NovaFresh,33.25
812,SKU-00812,PersonalCare,Soap,UrbanTaste,37.8
813,SKU-00813,Grocery,Rice,AlphaFoods,11.62
814,SKU-00814,Snacks,Chips,UrbanTaste,31.72
815,SKU-00815,PersonalCare,Shampoo,Sunrise,28.37
816,SKU-00816,Grocery,Pasta,PureLife,20.35
817,SKU-00817,Dairy,Cheese,UrbanTaste,17.52
818,SKU-00818,Grocery,Rice,AlphaFoods,4.51
819,SKU-00819,Grocery,Rice,AlphaFoods,36.05
820,SKU-00820,Dairy,Milk,PureLife,5.53
821,SKU-00821,Snacks,Biscuits,AlphaFoods,7.39
822,SKU-00822,Dairy,Cheese,PureLife,13.55
823,SKU-00823,Dairy,Yogurt,PureLife,4.52
824,SKU-00824,Grocery,Oil,PureLife,22.96
825,SKU-00825,PersonalCare,Shampoo,Sunrise,34.04
826,SKU-00826,Grocery,Oil,NovaFresh,31.18
827,SKU-00827,Snacks,Nuts,PureLife,23.19
828,SKU-00828,Beverage,Juice,UrbanTaste,1.43
829,SKU-00829,PersonalCare,Toothpaste,PureLife,4.54
830,SKU-00830,Grocery,Rice,AlphaFoods,1.69
831,SKU-00831,Dairy,Yogurt,PureLife,33.69
832,SKU-00832,PersonalCare,Toothpaste,UrbanTaste,22.26
833,SKU-00833,Dairy,Cheese,GreenLine,24.17
834,SKU-00834,Snacks,Chips,GreenLine,39.21
835,SKU-00835,Snacks,Nuts,Sunrise,20.15
836,SKU-00836,Grocery,Rice,GreenLine,29.74
837,SKU-00837,Dairy,Milk,PureLife,38.82
838,SKU-00838,Dairy,Milk,Sunrise,12.81
839,SKU-00839,Dairy,Yogurt,AlphaFoods,14.43
840,SKU-00840,Grocery,Rice,GreenLine,38.09
841,SKU-00841,Dairy,Yogurt,NovaFresh,39.94
842,SKU-00842,Frozen,Veg,UrbanTaste,28.14
843,SKU-00843,PersonalCare,Shampoo,Sunrise,28.77
844,SKU-00844,Frozen,Dessert,UrbanTaste,8.79
845,SKU-00845,Grocery,Oil,AlphaFoods,38.36
846,SKU-00846,Dairy,Milk,NovaFresh,23.49
847,SKU-00847,PersonalCare,Soap,GreenLine,38.79
848,SKU-00848,Dairy,Milk,UrbanTaste,21.87
849,SKU-00849,Snacks,Nuts,NovaFresh,21.19
850,SKU-00850,Beverage,Water,GreenLine,19.19
851,SKU-00851,Grocery,Rice,AlphaFoods,15.53
852,SKU-00852,Dairy,Milk,UrbanTaste,7.26
853,SKU-00853,Snacks,Nuts,UrbanTaste,1.09
854,SKU-00854,Frozen,Dessert,PureLife,39.29
855,SKU-00855,Grocery,Rice,Sunrise,16.64
856,SKU-00856,Frozen,Dessert,NovaFresh,18.34
857,SKU-00857,PersonalCare,Toothpaste,UrbanTaste,17.0
858,SKU-00858,Beverage,Juice,PureLife,20.9
859,SKU-00859,PersonalCare,Toothpaste,Sunrise,15.01
860,SKU-00860,Beverage,Juice,Sunrise,15.04
861,SKU-00861,Beverage,Soda,UrbanTaste,15.25
862,SKU-00862,Beverage,Juice,UrbanTaste,19.16
863,SKU-00863,PersonalCare,Soap,Sunrise,4.97
864,SKU-00864,Dairy,Yogurt,UrbanTaste,22.63
865,SKU-00865,Dairy,Yogurt,NovaFresh,15.94
866,SKU-00866,Dairy,Yogurt,GreenLine,35.48
867,SKU-00867,Snacks,Biscuits,UrbanTaste,38.86
868,SKU-00868,Dairy,Cheese,Sunrise,2.52
869,SKU-00869,PersonalCare,Soap,Sunrise,31.49
870,SKU-00870,Dairy,Milk,PureLife,29.99
871,SKU-00871,Snacks,Chips,NovaFresh,23.25
872,SKU-00872,PersonalCare,Toothpaste,Sunrise,20.95
873,SKU-00873,Beverage,Water,Sunrise,1.88
874,SKU-00874,Frozen,Veg,GreenLine,26.3
875,SKU-00875,Dairy,Yogurt,Sunrise,24.18
876,SKU-00876,Snacks,Nuts,UrbanTaste,25.81
877,SKU-00877,Frozen,Pizza,AlphaFoods,39.33
878,SKU-00878,Snacks,Nuts,AlphaFoods,6.75
879,SKU-00879,Snacks,Chips,PureLife,19.75
880,SKU-00880,PersonalCare,Shampoo,GreenLine,9.67
881,SKU-00881,Dairy,Cheese,PureLife,26.79
882,SKU-00882,PersonalCare,Toothpaste,GreenLine,36.46
883,SKU-00883,Frozen,Dessert,Sunrise,13.88
884,SKU-00884,Dairy,Yogurt,Sunrise,3.79
885,SKU-00885,Grocery,Pasta,GreenLine,18.08
886,SKU-00886,Beverage,Water,Sunrise,31.37
887,SKU-00887,Grocery,Pasta,AlphaFoods,29.05
888,SKU-00888,Beverage,Soda,PureLife,26.58
889,SKU-00889,Beverage,Soda,NovaFresh,32.7
890,SKU-00890,Grocery,Pasta,UrbanTaste,21.2
891,SKU-00891,Snacks,Chips,UrbanTaste,12.37
892,SKU-00892,Snacks,Nuts,NovaFresh,24.55
893,SKU-00893,Dairy,Milk,GreenLine,15.26
894,SKU-00894,Beverage,Soda,UrbanTaste,39.57
895,SKU-00895,PersonalCare,Toothpaste,GreenLine,34.31
896,SKU-00896,Snacks,Chips,PureLife,25.07
897,SKU-00897,Grocery,Rice,NovaFresh,16.35
898,SKU-00898,Grocery,Oil,NovaFresh,36.01
899,SKU-00899,Grocery,Oil,PureLife,32.02
900,SKU-00900,Beverage,Soda,NovaFresh,7.44
901,SKU-00901,Snacks,Nuts,AlphaFoods,39.85
902,SKU-00902,Snacks,Biscuits,Sunrise,18.67
903,SKU-00903,Snacks,Nuts,NovaFresh,34.78
904,SKU-00904,PersonalCare,Shampoo,Sunrise,3.39
905,SKU-00905,PersonalCare,Toothpaste,PureLife,38.61
906,SKU-00906,Snacks,Biscuits,NovaFresh,9.75
907,SKU-00907,Grocery,Pasta,UrbanTaste,8.08
908,SKU-00908,Dairy,Cheese,AlphaFoods,33.81
909,SKU-00909,Frozen,Pizza,GreenLine,25.03
910,SKU-00910,Grocery,Oil,UrbanTaste,37.05
911,SKU-00911,Dairy,Cheese,PureLife,35.2
912,SKU-00912,Snacks,Biscuits,PureLife,20.22
913,SKU-00913,Grocery,Rice,AlphaFoods,5.81
914,SKU-00914,PersonalCare,Shampoo,AlphaFoods,21.66
915,SKU-00915,Dairy,Milk,PureLife,13.96
916,SKU-00916,Dairy,Cheese,AlphaFoods,26.19
917,SKU-00917,PersonalCare,Shampoo,AlphaFoods,34.7
918,SKU-00918,PersonalCare,Toothpaste,UrbanTaste,13.01
919,SKU-00919,Grocery,Oil,NovaFresh,20.94
920,SKU-00920,Beverage,Juice,GreenLine,21.13
921,SKU-00921,Dairy,Milk,PureLife,0.91
922,SKU-00922,Beverage,Soda,GreenLine,28.6
923,SKU-00923,Grocery,Rice,AlphaFoods,19.52
924,SKU-00924,Grocery,Oil,NovaFresh,3.47
925,SKU-00925,PersonalCare,Toothpaste,UrbanTaste,10.82
926,SKU-00926,Snacks,Nuts,GreenLine,33.61
927,SKU-00927,Grocery,Rice,Sunrise,1.16
928,SKU-00928,Dairy,Milk,AlphaFoods,18.67
929,SKU-00929,PersonalCare,Shampoo,PureLife,16.13
930,SKU-00930,Frozen,Dessert,Sunrise,30.84
931,SKU-00931,Grocery,Pasta,NovaFresh,38.91
932,SKU-00932,Grocery,Oil,UrbanTaste,33.49
933,SKU-00933,Frozen,Pizza,UrbanTaste,37.26
934,SKU-00934,Dairy,Cheese,AlphaFoods,35.44
935,SKU-00935,PersonalCare,Toothpaste,AlphaFoods,0.87
936,SKU-00936,Snacks,Chips,Sunrise,10.32
937,SKU-00937,Snacks,Nuts,NovaFresh,32.88
938,SKU-00938,Frozen,Veg,Sunrise,6.55
939,SKU-00939,Frozen,Veg,NovaFresh,6.25
940,SKU-00940,PersonalCare,Toothpaste,AlphaFoods,30.48
941,SKU-00941,Snacks,Nuts,NovaFresh,21.9
942,SKU-00942,Frozen,Veg,GreenLine,0.59
943,SKU-00943,Grocery,Pasta,Sunrise,20.37
944,SKU-00944,Beverage,Juice,UrbanTaste,5.09
945,SKU-00945,Beverage,Water,UrbanTaste,21.76
946,SKU-00946,PersonalCare,Shampoo,Sunrise,18.95
947,SKU-00947,Grocery,Rice,UrbanTaste,12.59
948,SKU-00948,Snacks,Chips,UrbanTaste,12.44
949,SKU-00949,Dairy,Cheese,AlphaFoods,16.85
950,SKU-00950,Beverage,Water,GreenLine,24.51
951,SKU-00951,Grocery,Oil,Sunrise,19.05
952,SKU-00952,Snacks,Chips,Sunrise,26.19
953,SKU-00953,Grocery,Oil,Sunrise,30.57
954,SKU-00954,Snacks,Nuts,GreenLine,28.47
955,SKU-00955,Beverage,Soda,AlphaFoods,11.4
956,SKU-00956,Beverage,Soda,UrbanTaste,21.45
957,SKU-00957,PersonalCare,Shampoo,PureLife,39.78
958,SKU-00958,Frozen,Dessert,NovaFresh,37.78
959,SKU-00959,Beverage,Juice,AlphaFoods,35.28
960,SKU-00960,PersonalCare,Toothpaste,PureLife,10.3
961,SKU-00961,Snacks,Chips,GreenLine,16.09
962,SKU-00962,Dairy,Milk,PureLife,29.98
963,SKU-00963,Beverage,Juice,Sunrise,21.56
964,SKU-00964,Beverage,Juice,AlphaFoods,20.94
965,SKU-00965,Dairy,Milk,NovaFresh,22.24
966,SKU-00966,Snacks,Biscuits,NovaFresh,35.86
967,SKU-00967,Grocery,Pasta,AlphaFoods,21.24
968,SKU-00968,Frozen,Dessert,UrbanTaste,20.53
969,SKU-00969,PersonalCare,Toothpaste,AlphaFoods,19.9
970,SKU-00970,Snacks,Chips,PureLife,2.17
971,SKU-00971,Snacks,Chips,PureLife,16.91
972,SKU-00972,Grocery,Pasta,NovaFresh,3.85
973,SKU-00973,PersonalCare,Toothpaste,PureLife,16.38
974,SKU-00974,Snacks,Chips,NovaFresh,7.19
975,SKU-00975,Dairy,Yogurt,AlphaFoods,37.65
976,SKU-00976,Snacks,Chips,NovaFresh,8.83
977,SKU-00977,Beverage,Juice,NovaFresh,36.62
978,SKU-00978,Beverage,Soda,NovaFresh,20.03
979,SKU-00979,Frozen,Dessert,NovaFresh,33.05
980,SKU-00980,PersonalCare,Toothpaste,PureLife,2.32
981,SKU-00981,Snacks,Chips,NovaFresh,10.19
982,SKU-00982,Frozen,Dessert,Sunrise,35.62
983,SKU-00983,Grocery,Oil,PureLife,22.54
984,SKU-00984,Snacks,Chips,Sunrise,13.22
985,SKU-00985,Frozen,Pizza,PureLife,13.47
986,SKU-00986,Snacks,Biscuits,GreenLine,38.15
987,SKU-00987,Frozen,Pizza,GreenLine,35.36
988,SKU-00988,Grocery,Pasta,PureLife,23.24
989,SKU-00989,Snacks,Chips,UrbanTaste,31.63
990,SKU-00990,Dairy,Yogurt,GreenLine,23.61
991,SKU-00991,Dairy,Milk,AlphaFoods,19.89
992,SKU-00992,Dairy,Yogurt,UrbanTaste,31.08
993,SKU-00993,Dairy,Milk,PureLife,23.94
994,SKU-00994,Beverage,Soda,AlphaFoods,36.39
995,SKU-00995,Grocery,Oil,Sunrise,2.64
996,SKU-00996,PersonalCare,Soap,GreenLine,20.98
997,SKU-00997,Grocery,Pasta,PureLife,37.29
998,SKU-00998,Beverage,Juice,UrbanTaste,8.85
999,SKU-00999,PersonalCare,Toothpaste,NovaFresh,9.13
1000,SKU-01000,Snacks,Chips,Sunrise,19.27
1001,SKU-01001,PersonalCare,Shampoo,PureLife,27.77
1002,SKU-01002,Snacks,Chips,GreenLine,1.42
1003,SKU-01003,Snacks,Biscuits,NovaFresh,15.67
1004,SKU-01004,PersonalCare,Toothpaste,UrbanTaste,13.38
1005,SKU-01005,Dairy,Yogurt,GreenLine,34.75
1006,SKU-01006,Beverage,Soda,Sunrise,39.79
1007,SKU-01007,Dairy,Cheese,AlphaFoods,37.42
1008,SKU-01008,Grocery,Pasta,GreenLine,35.72
1009,SKU-01009,Dairy,Milk,Sunrise,13.82
1010,SKU-01010,Frozen,Dessert,GreenLine,17.44
1011,SKU-01011,Dairy,Yogurt,UrbanTaste,6.44
1012,SKU-01012,Dairy,Cheese,Sunrise,13.24
1013,SKU-01013,PersonalCare,Toothpaste,GreenLine,37.47
1014,SKU-01014,PersonalCare,Toothpaste,AlphaFoods,6.66
1015,SKU-01015,Snacks,Chips,AlphaFoods,21.58
1016,SKU-01016,Snacks,Nuts,GreenLine,4.68
1017,SKU-01017,Beverage,Juice,GreenLine,8.84
1018,SKU-01018,PersonalCare,Shampoo,GreenLine,24.91
1019,SKU-01019,Frozen,Veg,UrbanTaste,14.16
1020,SKU-01020,Snacks,Chips,UrbanTaste,24.51
1021,SKU-01021,Dairy,Cheese,Sunrise,9.26
1022,SKU-01022,Snacks,Biscuits,Sunrise,12.53
1023,SKU-01023,Grocery,Rice,UrbanTaste,9.49
1024,SKU-01024,PersonalCare,Soap,PureLife,27.43
1025,SKU-01025,Snacks,Chips,NovaFresh,39.26
1026,SKU-01026,Frozen,Veg,UrbanTaste,16.94
1027,SKU-01027,Dairy,Yogurt,GreenLine,29.79
1028,SKU-01028,PersonalCare,Soap,UrbanTaste,37.66
1029,SKU-01029,Frozen,Veg,GreenLine,27.53
1030,SKU-01030,Dairy,Yogurt,GreenLine,38.89
1031,SKU-01031,Dairy,Milk,AlphaFoods,21.59
1032,SKU-01032,Snacks,Nuts,AlphaFoods,29.24
1033,SKU-01033,Frozen,Dessert,NovaFresh,8.32
1034,SKU-01034,Frozen,Pizza,GreenLine,17.93
1035,SKU-01035,PersonalCare,Toothpaste,Sunrise,22.09
1036,SKU-01036,Frozen,Veg,PureLife,2.15
1037,SKU-01037,Grocery,Pasta,UrbanTaste,33.54
1038,SKU-01038,Dairy,Milk,GreenLine,9.77
1039,SKU-01039,Beverage,Water,UrbanTaste,23.97
1040,SKU-01040,PersonalCare,Shampoo,PureLife,22.47
1041,SKU-01041,Snacks,Biscuits,PureLife,2.92
1042,SKU-01042,Beverage,Soda,AlphaFoods,15.95
1043,SKU-01043,Snacks,Chips,UrbanTaste,12.01
1044,SKU-01044,Snacks,Nuts,AlphaFoods,13.77
1045,SKU-01045,PersonalCare,Toothpaste,Sunrise,14.55
1046,SKU-01046,Dairy,Yogurt,UrbanTaste,37.95
1047,SKU-01047,Frozen,Veg,GreenLine,33.59
1048,SKU-01048,Dairy,Yogurt,PureLife,11.9
1049,SKU-01049,PersonalCare,Shampoo,PureLife,2.02
1050,SKU-01050,Frozen,Veg,NovaFresh,20.28
1051,SKU-01051,Snacks,Chips,AlphaFoods,22.25
1052,SKU-01052,Dairy,Yogurt,GreenLine,32.57
1053,SKU-01053,Grocery,Oil,Sunrise,29.71
1054,SKU-01054,Beverage,Water,UrbanTaste,38.07
1055,SKU-01055,Dairy,Milk,AlphaFoods,39.41
1056,SKU-01056,PersonalCare,Toothpaste,Sunrise,27.33
1057,SKU-01057,Dairy,Milk,UrbanTaste,1.88
1058,SKU-01058,PersonalCare,Shampoo,UrbanTaste,3.51
1059,SKU-01059,Snacks,Chips,GreenLine,3.85
1060,SKU-01060,Snacks,Chips,UrbanTaste,9.39
1061,SKU-01061,Frozen,Dessert,AlphaFoods,32.52
1062,SKU-01062,PersonalCare,Toothpaste,NovaFresh,31.6
1063,SKU-01063,PersonalCare,Shampoo,Sunrise,1.58
1064,SKU-01064,Frozen,Pizza,AlphaFoods,31.53
1065,SKU-01065,Frozen,Dessert,UrbanTaste,6.43
1066,SKU-01066,Snacks,Nuts,PureLife,4.89
1067,SKU-01067,Frozen,Dessert,AlphaFoods,23.82
1068,SKU-01068,Beverage,Water,UrbanTaste,3.77
1069,SKU-01069,PersonalCare,Toothpaste,AlphaFoods,33.08
1070,SKU-01070,PersonalCare,Toothpaste,AlphaFoods,7.46
1071,SKU-01071,Beverage,Water,PureLife,9.55
1072,SKU-01072,Grocery,Pasta,Sunrise,22.65
1073,SKU-01073,Snacks,Nuts,PureLife,7.26
1074,SKU-01074,Snacks,Chips,Sunrise,36.3
1075,SKU-01075,PersonalCare,Toothpaste,Sunrise,39.83
1076,SKU-01076,Dairy,Cheese,UrbanTaste,20.13
1077,SKU-01077,Dairy,Cheese,PureLife,22.34
1078,SKU-01078,Beverage,Juice,AlphaFoods,9.68
1079,SKU-01079,Beverage,Water,UrbanTaste,33.35
1080,SKU-01080,Dairy,Yogurt,AlphaFoods,12.89
1081,SKU-01081,Snacks,Biscuits,PureLife,14.98
1082,SKU-01082,Snacks,Nuts,GreenLine,26.75
1083,SKU-01083,PersonalCare,Shampoo,GreenLine,16.83
1084,SKU-01084,PersonalCare,Toothpaste,NovaFresh,10.71
1085,SKU-01085,Snacks,Biscuits,AlphaFoods,32.09
1086,SKU-01086,Beverage,Juice,NovaFresh,34.31
1087,SKU-01087,Beverage,Juice,UrbanTaste,26.3
1088,SKU-01088,Snacks,Chips,Sunrise,24.18
1089,SKU-01089,Grocery,Rice,PureLife,34.82
1090,SKU-01090,Frozen,Dessert,PureLife,10.54
1091,SKU-01091,PersonalCare,Shampoo,UrbanTaste,28.46
1092,SKU-01092,Frozen,Dessert,NovaFresh,12.83
1093,SKU-01093,Dairy,Milk,NovaFresh,17.48
1094,SKU-01094,Beverage,Water,PureLife,35.4
1095,SKU-01095,PersonalCare,Toothpaste,GreenLine,6.91
1096,SKU-01096,PersonalCare,Shampoo,PureLife,1.62
1097,SKU-01097,PersonalCare,Soap,NovaFresh,37.86
1098,SKU-01098,PersonalCare,Toothpaste,UrbanTaste,36.0
1099,SKU-01099,Snacks,Biscuits,UrbanTaste,6.14
1100,SKU-01100,Snacks,Chips,Sunrise,34.61
1101,SKU-01101,Grocery,Rice,PureLife,13.09
1102,SKU-01102,Snacks,Nuts,Sunrise,3.04
1103,SKU-01103,Dairy,Cheese,GreenLine,10.26
1104,SKU-01104,Frozen,Dessert,Sunrise,33.22
1105,SKU-01105,Frozen,Dessert,AlphaFoods,15.18
1106,SKU-01106,Beverage,Water,PureLife,23.12
1107,SKU-01107,Frozen,Veg,AlphaFoods,17.57
1108,SKU-01108,Frozen,Veg,Sunrise,16.05
1109,SKU-01109,Dairy,Yogurt,NovaFresh,7.25
1110,SKU-01110,PersonalCare,Toothpaste,NovaFresh,36.79
1111,SKU-01111,PersonalCare,Soap,GreenLine,4.99
1112,SKU-01112,Beverage,Soda,PureLife,10.94
1113,SKU-01113,Beverage,Soda,AlphaFoods,30.56
1114,SKU-01114,Grocery,Rice,Sunrise,32.12
1115,SKU-01115,Dairy,Milk,GreenLine,37.73
1116,SKU-01116,Dairy,Yogurt,GreenLine,13.41
1117,SKU-01117,Beverage,Soda,UrbanTaste,31.25
1118,SKU-01118,Dairy,Yogurt,NovaFresh,2.27
1119,SKU-01119,Dairy,Milk,UrbanTaste,36.92
1120,SKU-01120,Snacks,Chips,Sunrise,19.9
1121,SKU-01121,Grocery,Rice,UrbanTaste,26.11
1122,SKU-01122,Beverage,Juice,GreenLine,1.9
1123,SKU-01123,Snacks,Biscuits,Sunrise,37.39
1124,SKU-01124,Frozen,Pizza,NovaFresh,10.85
1125,SKU-01125,Dairy,Cheese,Sunrise,24.61
1126,SKU-01126,Dairy,Milk,NovaFresh,12.33
1127,SKU-01127,Grocery,Oil,UrbanTaste,34.98
1128,SKU-01128,Dairy,Yogurt,GreenLine,33.31
1129,SKU-01129,Frozen,Pizza,NovaFresh,6.15
1130,SKU-01130,Beverage,Water,PureLife,2.22
1131,SKU-01131,Dairy,Yogurt,GreenLine,33.09
1132,SKU-01132,PersonalCare,Shampoo,AlphaFoods,0.9
1133,SKU-01133,Dairy,Milk,UrbanTaste,25.11
1134,SKU-01134,Frozen,Pizza,PureLife,4.01
1135,SKU-01135,Beverage,Juice,PureLife,33.37
1136,SKU-01136,Grocery,Pasta,GreenLine,8.92
1137,SKU-01137,PersonalCare,Shampoo,AlphaFoods,36.35
1138,SKU-01138,PersonalCare,Toothpaste,UrbanTaste,13.41
1139,SKU-01139,PersonalCare,Toothpaste,Sunrise,12.69
1140,SKU-01140,Dairy,Cheese,NovaFresh,7.89
1141,SKU-01141,Frozen,Pizza,NovaFresh,23.65
1142,SKU-01142,Beverage,Juice,Sunrise,33.59
1143,SKU-01143,Dairy,Cheese,PureLife,37.37
1144,SKU-01144,Frozen,Dessert,UrbanTaste,13.16
1145,SKU-01145,Beverage,Water,AlphaFoods,19.53
1146,SKU-01146,Beverage,Soda,UrbanTaste,16.08
1147,SKU-01147,Grocery,Pasta,Sunrise,21.71
1148,SKU-01148,PersonalCare,Soap,AlphaFoods,37.71
1149,SKU-01149,PersonalCare,Soap,PureLife,36.34
1150,SKU-01150,PersonalCare,Shampoo,PureLife,18.54
1151,SKU-01151,Grocery,Pasta,Sunrise,28.56
1152,SKU-01152,Frozen,Dessert,Sunrise,36.99
1153,SKU-01153,Dairy,Yogurt,Sunrise,38.54
1154,SKU-01154,Beverage,Soda,GreenLine,25.87
1155,SKU-01155,Dairy,Milk,GreenLine,11.95
1156,SKU-01156,Beverage,Soda,GreenLine,17.6
1157,SKU-01157,Snacks,Biscuits,Sunrise,18.73
1158,SKU-01158,Frozen,Pizza,GreenLine,5.42
1159,SKU-01159,PersonalCare,Soap,GreenLine,34.98
1160,SKU-01160,Snacks,Biscuits,Sunrise,24.12
1161,SKU-01161,Dairy,Yogurt,Sunrise,33.75
1162,SKU-01162,Snacks,Biscuits,AlphaFoods,17.8
1163,SKU-01163,Dairy,Milk,NovaFresh,17.36
1164,SKU-01164,Grocery,Pasta,UrbanTaste,21.57
1165,SKU-01165,Beverage,Soda,GreenLine,18.22
1166,SKU-01166,Frozen,Dessert,Sunrise,38.02
1167,SKU-01167,Frozen,Pizza,NovaFresh,4.88
1168,SKU-01168,PersonalCare,Toothpaste,AlphaFoods,29.88
1169,SKU-01169,Frozen,Veg,AlphaFoods,10.52
1170,SKU-01170,Beverage,Juice,PureLife,28.98
1171,SKU-01171,Dairy,Milk,GreenLine,14.31
1172,SKU-01172,Snacks,Chips,PureLife,21.85
1173,SKU-01173,Dairy,Yogurt,Sunrise,18.8
1174,SKU-01174,PersonalCare,Toothpaste,NovaFresh,12.47
1175,SKU-01175,Dairy,Cheese,AlphaFoods,28.12
1176,SKU-01176,Dairy,Milk,NovaFresh,15.18
1177,SKU-01177,Snacks,Nuts,Sunrise,19.66
1178,SKU-01178,Dairy,Cheese,PureLife,34.87
1179,SKU-01179,Snacks,Nuts,Sunrise,3.69
1180,SKU-01180,Frozen,Pizza,NovaFresh,12.79
1181,SKU-01181,PersonalCare,Toothpaste,Sunrise,16.17
1182,SKU-01182,Beverage,Water,PureLife,21.79
1183,SKU-01183,Frozen,Veg,Sunrise,26.24
1184,SKU-01184,Grocery,Rice,AlphaFoods,3.31
1185,SKU-01185,Beverage,Soda,UrbanTaste,15.21
1186,SKU-01186,Snacks,Chips,AlphaFoods,18.63
1187,SKU-01187,Frozen,Pizza,PureLife,8.7
1188,SKU-01188,Frozen,Dessert,PureLife,26.96
1189,SKU-01189,PersonalCare,Toothpaste,PureLife,22.19
1190,SKU-01190,Snacks,Nuts,UrbanTaste,31.85
1191,SKU-01191,Grocery,Pasta,Sunrise,33.51
1192,SKU-01192,Beverage,Soda,UrbanTaste,22.53
1193,SKU-01193,Frozen,Veg,UrbanTaste,39.85
1194,SKU-01194,Snacks,Chips,UrbanTaste,7.63
1195,SKU-01195,Snacks,Biscuits,GreenLine,24.41
1196,SKU-01196,PersonalCare,Toothpaste,AlphaFoods,21.8
1197,SKU-01197,Frozen,Veg,PureLife,9.8
1198,SKU-01198,PersonalCare,Toothpaste,AlphaFoods,3.4
1199,SKU-01199,Frozen,Veg,Sunrise,0.97
1200,SKU-01200,Snacks,Nuts,AlphaFoods,33.14
1201,SKU-01201,Dairy,Yogurt,Sunrise,5.17
1202,SKU-01202,Grocery,Oil,Sunrise,26.47
1203,SKU-01203,PersonalCare,Shampoo,GreenLine,36.13
1204,SKU-01204,Grocery,Rice,Sunrise,11.86
1205,SKU-01205,Grocery,Oil,UrbanTaste,25.95
1206,SKU-01206,Frozen,Dessert,Sunrise,3.31
1207,SKU-01207,Frozen,Pizza,GreenLine,3.52
1208,SKU-01208,PersonalCare,Soap,Sunrise,15.45
1209,SKU-01209,Dairy,Milk,GreenLine,24.33
1210,SKU-01210,PersonalCare,Shampoo,UrbanTaste,9.14
1211,SKU-01211,Grocery,Oil,Sunrise,5.26
1212,SKU-01212,Snacks,Chips,PureLife,24.74
1213,SKU-01213,Frozen,Dessert,Sunrise,18.04
1214,SKU-01214,Beverage,Water,UrbanTaste,38.51
1215,SKU-01215,Grocery,Rice,NovaFresh,39.28
1216,SKU-01216,Dairy,Cheese,UrbanTaste,18.06
1217,SKU-01217,Frozen,Pizza,GreenLine,14.46
1218,SKU-01218,Grocery,Pasta,NovaFresh,15.24
1219,SKU-01219,Grocery,Pasta,Sunrise,11.38
1220,SKU-01220,Dairy,Cheese,Sunrise,18.14
1221,SKU-01221,Grocery,Rice,NovaFresh,17.58
1222,SKU-01222,Snacks,Chips,PureLife,7.62
1223,SKU-01223,Snacks,Nuts,Sunrise,11.65
1224,SKU-01224,Snacks,Nuts,AlphaFoods,36.09
1225,SKU-01225,Grocery,Rice,UrbanTaste,24.77
1226,SKU-01226,Beverage,Soda,PureLife,3.05
1227,SKU-01227,Beverage,Soda,GreenLine,31.56
1228,SKU-01228,Dairy,Milk,UrbanTaste,10.31
1229,SKU-01229,Beverage,Soda,Sunrise,37.52
1230,SKU-01230,Dairy,Milk,UrbanTaste,18.1
1231,SKU-01231,Beverage,Soda,Sunrise,9.15
1232,SKU-01232,Snacks,Nuts,UrbanTaste,23.68
1233,SKU-01233,Beverage,Soda,AlphaFoods,23.9
1234,SKU-01234,PersonalCare,Soap,PureLife,15.4
1235,SKU-01235,Grocery,Pasta,NovaFresh,32.44
1236,SKU-01236,Beverage,Water,PureLife,24.61
1237,SKU-01237,Dairy,Milk,GreenLine,8.41
1238,SKU-01238,Dairy,Cheese,AlphaFoods,31.93
1239,SKU-01239,Snacks,Biscuits,PureLife,27.33
1240,SKU-01240,Grocery,Rice,Sunrise,28.46
1241,SKU-01241,Frozen,Veg,UrbanTaste,13.66
1242,SKU-01242,Dairy,Milk,PureLife,34.34
1243,SKU-01243,Grocery,Oil,Sunrise,24.65
1244,SKU-01244,Beverage,Water,PureLife,9.98
1245,SKU-01245,Frozen,Dessert,AlphaFoods,23.2
1246,SKU-01246,Dairy,Milk,GreenLine,2.89
1247,SKU-01247,Dairy,Cheese,PureLife,27.59
1248,SKU-01248,Snacks,Chips,GreenLine,4.88
1249,SKU-01249,Beverage,Soda,PureLife,11.46
1250,SKU-01250,Grocery,Rice,Sunrise,19.99
1251,SKU-01251,PersonalCare,Shampoo,UrbanTaste,25.14
1252,SKU-01252,Frozen,Pizza,UrbanTaste,5.74
1253,SKU-01253,PersonalCare,Toothpaste,UrbanTaste,5.09
1254,SKU-01254,PersonalCare,Soap,GreenLine,14.22
1255,SKU-01255,Beverage,Soda,NovaFresh,27.14
1256,SKU-01256,Frozen,Pizza,AlphaFoods,23.87
1257,SKU-01257,Beverage,Soda,UrbanTaste,8.67
1258,SKU-01258,Snacks,Biscuits,NovaFresh,23.12
1259,SKU-01259,Grocery,Pasta,AlphaFoods,1.25
1260,SKU-01260,Dairy,Cheese,GreenLine,10.5
1261,SKU-01261,Dairy,Cheese,NovaFresh,38.5
1262,SKU-01262,PersonalCare,Shampoo,Sunrise,30.2
1263,SKU-01263,Beverage,Juice,PureLife,35.59
1264,SKU-01264,Beverage,Soda,GreenLine,14.25
1265,SKU-01265,Grocery,Pasta,GreenLine,33.31
1266,SKU-01266,Dairy,Yogurt,GreenLine,8.05
1267,SKU-01267,Beverage,Soda,AlphaFoods,28.13
1268,SKU-01268,Dairy,Milk,UrbanTaste,20.64
1269,SKU-01269,Snacks,Chips,NovaFresh,32.35
1270,SKU-01270,Frozen,Dessert,PureLife,35.94
1271,SKU-01271,Dairy,Cheese,PureLife,0.59
1272,SKU-01272,Frozen,Veg,UrbanTaste,23.79
1273,SKU-01273,Snacks,Chips,PureLife,31.55
1274,SKU-01274,Snacks,Chips,GreenLine,7.41
1275,SKU-01275,Grocery,Oil,AlphaFoods,27.43
1276,SKU-01276,Frozen,Veg,NovaFresh,25.69
1277,SKU-01277,Snacks,Chips,GreenLine,3.07
1278,SKU-01278,PersonalCare,Toothpaste,Sunrise,10.26
1279,SKU-01279,Beverage,Soda,Sunrise,5.12
1280,SKU-01280,PersonalCare,Shampoo,PureLife,7.16
1281,SKU-01281,Beverage,Water,Sunrise,0.53
1282,SKU-01282,Beverage,Water,GreenLine,31.74
1283,SKU-01283,Snacks,Nuts,UrbanTaste,24.08
1284,SKU-01284,Grocery,Rice,NovaFresh,35.73
1285,SKU-01285,Grocery,Pasta,Sunrise,8.96
1286,SKU-01286,PersonalCare,Toothpaste,UrbanTaste,23.16
1287,SKU-01287,PersonalCare,Toothpaste,GreenLine,24.48
1288,SKU-01288,Snacks,Biscuits,AlphaFoods,1.49
1289,SKU-01289,Beverage,Soda,PureLife,8.16
1290,SKU-01290,PersonalCare,Shampoo,Sunrise,2.41
1291,SKU-01291,Grocery,Pasta,NovaFresh,29.85
1292,SKU-01292,Dairy,Cheese,PureLife,14.8
1293,SKU-01293,Beverage,Juice,NovaFresh,29.84
1294,SKU-01294,Dairy,Milk,GreenLine,31.92
1295,SKU-01295,Frozen,Pizza,AlphaFoods,14.45
1296,SKU-01296,Grocery,Pasta,Sunrise,20.46
1297,SKU-01297,Grocery,Rice,UrbanTaste,30.0
1298,SKU-01298,Dairy,Yogurt,PureLife,13.21
1299,SKU-01299,Snacks,Chips,GreenLine,39.44
1300,SKU-01300,Grocery,Oil,Sunrise,18.64
1301,SKU-01301,Snacks,Chips,NovaFresh,1.1
1302,SKU-01302,PersonalCare,Shampoo,UrbanTaste,23.77
1303,SKU-01303,Snacks,Nuts,AlphaFoods,20.72
1304,SKU-01304,PersonalCare,Shampoo,GreenLine,13.1
1305,SKU-01305,Dairy,Cheese,AlphaFoods,17.85
1306,SKU-01306,Dairy,Milk,UrbanTaste,14.71
1307,SKU-01307,Beverage,Juice,GreenLine,34.93
1308,SKU-01308,Beverage,Juice,PureLife,16.44
1309,SKU-01309,Grocery,Pasta,PureLife,1.94
1310,SKU-01310,Frozen,Veg,PureLife,5.19
1311,SKU-01311,PersonalCare,Soap,NovaFresh,19.75
1312,SKU-01312,Grocery,Pasta,UrbanTaste,16.27
1313,SKU-01313,Grocery,Oil,UrbanTaste,24.81
1314,SKU-01314,Dairy,Cheese,GreenLine,5.38
1315,SKU-01315,Dairy,Yogurt,GreenLine,24.93
1316,SKU-01316,Grocery,Pasta,Sunrise,28.59
1317,SKU-01317,Snacks,Chips,NovaFresh,27.55
1318,SKU-01318,Snacks,Biscuits,UrbanTaste,10.06
1319,SKU-01319,Snacks,Chips,NovaFresh,32.32
1320,SKU-01320,Grocery,Pasta,AlphaFoods,4.03
1321,SKU-01321,Frozen,Pizza,NovaFresh,2.99
1322,SKU-01322,Frozen,Veg,UrbanTaste,36.49
1323,SKU-01323,Dairy,Cheese,GreenLine,2.57
1324,SKU-01324,Frozen,Dessert,GreenLine,0.99
1325,SKU-01325,Snacks,Nuts,GreenLine,33.94
1326,SKU-01326,Grocery,Oil,Sunrise,39.6
1327,SKU-01327,PersonalCare,Soap,Sunrise,4.4
1328,SKU-01328,Grocery,Pasta,GreenLine,29.26
1329,SKU-01329,Dairy,Cheese,GreenLine,25.35
1330,SKU-01330,Frozen,Pizza,UrbanTaste,11.46
1331,SKU-01331,Beverage,Water,NovaFresh,22.12
1332,SKU-01332,PersonalCare,Soap,PureLife,29.05
1333,SKU-01333,Frozen,Pizza,NovaFresh,7.63
1334,SKU-01334,Grocery,Rice,NovaFresh,26.53
1335,SKU-01335,Dairy,Yogurt,AlphaFoods,32.24
1336,SKU-01336,Frozen,Veg,GreenLine,1.41
1337,SKU-01337,Frozen,Pizza,NovaFresh,0.76
1338,SKU-01338,Grocery,Rice,GreenLine,22.49
1339,SKU-01339,PersonalCare,Shampoo,Sunrise,24.8
1340,SKU-01340,Grocery,Rice,GreenLine,38.51
1341,SKU-01341,Grocery,Oil,Sunrise,22.54
1342,SKU-01342,PersonalCare,Toothpaste,UrbanTaste,25.98
1343,SKU-01343,Snacks,Chips,AlphaFoods,31.72
1344,SKU-01344,Beverage,Water,PureLife,37.29
1345,SKU-01345,Beverage,Juice,GreenLine,10.73
1346,SKU-01346,Grocery,Oil,GreenLine,20.67
1347,SKU-01347,PersonalCare,Shampoo,Sunrise,1.95
1348,SKU-01348,Beverage,Juice,Sunrise,16.69
1349,SKU-01349,Snacks,Nuts,UrbanTaste,32.36
1350,SKU-01350,Beverage,Soda,UrbanTaste,12.65
1351,SKU-01351,Frozen,Pizza,GreenLine,22.63
1352,SKU-01352,Dairy,Yogurt,AlphaFoods,12.77
1353,SKU-01353,Dairy,Yogurt,Sunrise,36.51
1354,SKU-01354,PersonalCare,Soap,UrbanTaste,2.74
1355,SKU-01355,Grocery,Pasta,Sunrise,35.91
1356,SKU-01356,Grocery,Rice,PureLife,16.22
1357,SKU-01357,Grocery,Oil,GreenLine,5.51
1358,SKU-01358,Snacks,Biscuits,UrbanTaste,18.17
1359,SKU-01359,Grocery,Oil,GreenLine,6.39
1360,SKU-01360,Beverage,Soda,UrbanTaste,35.33
1361,SKU-01361,Frozen,Veg,GreenLine,30.43
1362,SKU-01362,Grocery,Pasta,NovaFresh,29.83
1363,SKU-01363,PersonalCare,Shampoo,UrbanTaste,36.72
1364,SKU-01364,PersonalCare,Soap,Sunrise,12.78
1365,SKU-01365,Dairy,Cheese,PureLife,4.49
1366,SKU-01366,Dairy,Cheese,UrbanTaste,25.45
1367,SKU-01367,Grocery,Rice,NovaFresh,0.91
1368,SKU-01368,Grocery,Oil,Sunrise,14.85
1369,SKU-01369,Frozen,Dessert,GreenLine,7.75
1370,SKU-01370,PersonalCare,Toothpaste,PureLife,18.45
1371,SKU-01371,Frozen,Veg,UrbanTaste,16.41
1372,SKU-01372,Dairy,Cheese,GreenLine,19.92
1373,SKU-01373,Snacks,Biscuits,AlphaFoods,5.59
1374,SKU-01374,Snacks,Biscuits,Sunrise,10.05
1375,SKU-01375,Grocery,Rice,AlphaFoods,12.41
1376,SKU-01376,Beverage,Water,GreenLine,26.44
1377,SKU-01377,Beverage,Juice,Sunrise,1.57
1378,SKU-01378,PersonalCare,Toothpaste,GreenLine,18.83
1379,SKU-01379,Grocery,Rice,Sunrise,2.74
1380,SKU-01380,Dairy,Milk,NovaFresh,21.91
1381,SKU-01381,Grocery,Oil,GreenLine,9.21
1382,SKU-01382,Dairy,Cheese,PureLife,20.7
1383,SKU-01383,Dairy,Cheese,Sunrise,36.57
1384,SKU-01384,Snacks,Chips,Sunrise,38.57
1385,SKU-01385,Frozen,Pizza,PureLife,1.39
1386,SKU-01386,Dairy,Yogurt,NovaFresh,11.07
1387,SKU-01387,Dairy,Cheese,PureLife,6.31
1388,SKU-01388,PersonalCare,Toothpaste,GreenLine,2.01
1389,SKU-01389,Frozen,Pizza,PureLife,7.24
1390,SKU-01390,Snacks,Biscuits,GreenLine,4.78
1391,SKU-01391,Grocery,Rice,GreenLine,6.1
1392,SKU-01392,Grocery,Rice,PureLife,22.16
1393,SKU-01393,Grocery,Pasta,AlphaFoods,11.09
1394,SKU-01394,Frozen,Dessert,NovaFresh,30.91
1395,SKU-01395,Snacks,Nuts,PureLife,4.18
1396,SKU-01396,Frozen,Pizza,GreenLine,6.35
1397,SKU-01397,Grocery,Rice,UrbanTaste,6.02
1398,SKU-01398,Dairy,Cheese,GreenLine,0.52
1399,SKU-01399,Beverage,Soda,GreenLine,32.18
1400,SKU-01400,PersonalCare,Soap,AlphaFoods,27.8
1401,SKU-01401,Frozen,Dessert,GreenLine,22.67
1402,SKU-01402,PersonalCare,Soap,PureLife,5.67
1403,SKU-01403,Grocery,Oil,AlphaFoods,24.39
1404,SKU-01404,Snacks,Nuts,Sunrise,30.59
1405,SKU-01405,Snacks,Nuts,UrbanTaste,4.4
1406,SKU-01406,Beverage,Soda,GreenLine,32.39
1407,SKU-01407,Beverage,Water,UrbanTaste,32.98
1408,SKU-01408,Grocery,Rice,Sunrise,3.67
1409,SKU-01409,Beverage,Water,NovaFresh,11.28
1410,SKU-01410,Frozen,Veg,Sunrise,31.89
1411,SKU-01411,Grocery,Pasta,Sunrise,3.61
1412,SKU-01412,Dairy,Cheese,GreenLine,38.18
1413,SKU-01413,Frozen,Dessert,NovaFresh,8.53
1414,SKU-01414,Frozen,Dessert,Sunrise,1.07
1415,SKU-01415,Grocery,Rice,NovaFresh,25.07
1416,SKU-01416,Snacks,Chips,PureLife,27.48
1417,SKU-01417,Snacks,Chips,GreenLine,15.55
1418,SKU-01418,Grocery,Rice,NovaFresh,37.69
1419,SKU-01419,PersonalCare,Toothpaste,GreenLine,24.85
1420,SKU-01420,Grocery,Pasta,NovaFresh,35.8
1421,SKU-01421,Grocery,Oil,PureLife,6.09
1422,SKU-01422,Beverage,Juice,NovaFresh,4.11
1423,SKU-01423,Beverage,Soda,GreenLine,30.85
1424,SKU-01424,Beverage,Juice,PureLife,12.48
1425,SKU-01425,PersonalCare,Toothpaste,NovaFresh,11.24
1426,SKU-01426,Frozen,Veg,PureLife,2.02
1427,SKU-01427,Frozen,Dessert,UrbanTaste,20.35
1428,SKU-01428,Beverage,Juice,PureLife,39.27
1429,SKU-01429,Grocery,Pasta,AlphaFoods,12.2
1430,SKU-01430,Dairy,Milk,AlphaFoods,11.15
1431,SKU-01431,Beverage,Water,UrbanTaste,36.58
1432,SKU-01432,Grocery,Oil,UrbanTaste,25.9
1433,SKU-01433,PersonalCare,Toothpaste,PureLife,38.09
1434,SKU-01434,Frozen,Dessert,NovaFresh,37.29
1435,SKU-01435,Beverage,Juice,NovaFresh,32.12
1436,SKU-01436,Grocery,Rice,AlphaFoods,15.71
1437,SKU-01437,Dairy,Cheese,GreenLine,36.5
1438,SKU-01438,Dairy,Cheese,PureLife,25.46
1439,SKU-01439,Dairy,Yogurt,UrbanTaste,15.31
1440,SKU-01440,Beverage,Soda,UrbanTaste,23.04
1441,SKU-01441,Dairy,Yogurt,Sunrise,36.6
1442,SKU-01442,PersonalCare,Toothpaste,UrbanTaste,21.6
1443,SKU-01443,Dairy,Cheese,AlphaFoods,29.71
1444,SKU-01444,Grocery,Oil,Sunrise,25.78
1445,SKU-01445,PersonalCare,Toothpaste,GreenLine,27.37
1446,SKU-01446,PersonalCare,Shampoo,PureLife,20.74
1447,SKU-01447,Grocery,Rice,NovaFresh,20.51
1448,SKU-01448,Frozen,Pizza,NovaFresh,3.63
1449,SKU-01449,Grocery,Pasta,UrbanTaste,33.55
1450,SKU-01450,Beverage,Water,NovaFresh,17.6
1451,SKU-01451,PersonalCare,Toothpaste,PureLife,4.49
1452,SKU-01452,Dairy,Cheese,Sunrise,6.24
1453,SKU-01453,PersonalCare,Shampoo,AlphaFoods,19.3
1454,SKU-01454,Grocery,Oil,NovaFresh,11.79
1455,SKU-01455,Grocery,Rice,PureLife,21.03
1456,SKU-01456,PersonalCare,Shampoo,PureLife,21.92
1457,SKU-01457,PersonalCare,Soap,PureLife,13.0
1458,SKU-01458,Snacks,Nuts,Sunrise,16.68
1459,SKU-01459,Dairy,Yogurt,PureLife,37.67
1460,SKU-01460,Dairy,Yogurt,UrbanTaste,27.81
1461,SKU-01461,Frozen,Pizza,PureLife,7.09
1462,SKU-01462,Snacks,Biscuits,UrbanTaste,11.19
1463,SKU-01463,Grocery,Pasta,NovaFresh,13.39
1464,SKU-01464,Grocery,Rice,AlphaFoods,32.07
1465,SKU-01465,PersonalCare,Toothpaste,NovaFresh,2.18
1466,SKU-01466,PersonalCare,Toothpaste,Sunrise,20.48
1467,SKU-01467,Frozen,Pizza,GreenLine,30.03
1468,SKU-01468,Beverage,Water,AlphaFoods,5.78
1469,SKU-01469,Beverage,Water,PureLife,13.66
1470,SKU-01470,Frozen,Veg,NovaFresh,14.71
1471,SKU-01471,Dairy,Cheese,Sunrise,1.15
1472,SKU-01472,Dairy,Yogurt,PureLife,27.86
1473,SKU-01473,Dairy,Cheese,NovaFresh,37.7
1474,SKU-01474,Dairy,Cheese,PureLife,21.59
1475,SKU-01475,Snacks,Biscuits,Sunrise,31.92
1476,SKU-01476,Frozen,Veg,NovaFresh,10.18
1477,SKU-01477,Dairy,Milk,UrbanTaste,11.55
1478,SKU-01478,Snacks,Chips,AlphaFoods,12.64
1479,SKU-01479,Beverage,Soda,Sunrise,37.75
1480,SKU-01480,Beverage,Juice,GreenLine,27.58
1481,SKU-01481,Dairy,Milk,PureLife,29.11
1482,SKU-01482,Frozen,Pizza,GreenLine,18.48
1483,SKU-01483,PersonalCare,Toothpaste,UrbanTaste,29.38
1484,SKU-01484,Grocery,Oil,UrbanTaste,4.68
1485,SKU-01485,Grocery,Pasta,GreenLine,33.13
1486,SKU-01486,Grocery,Rice,Sunrise,25.49
1487,SKU-01487,Beverage,Soda,AlphaFoods,16.44
1488,SKU-01488,Frozen,Pizza,NovaFresh,34.31
1489,SKU-01489,Frozen,Dessert,Sunrise,24.17
1490,SKU-01490,Beverage,Water,GreenLine,23.83
1491,SKU-01491,Frozen,Pizza,AlphaFoods,32.22
1492,SKU-01492,PersonalCare,Shampoo,Sunrise,3.41
1493,SKU-01493,Beverage,Juice,Sunrise,19.65
1494,SKU-01494,Beverage,Juice,UrbanTaste,37.87
1495,SKU-01495,Dairy,Milk,UrbanTaste,13.46
1496,SKU-01496,Frozen,Veg,AlphaFoods,10.65
1497,SKU-01497,PersonalCare,Shampoo,PureLife,16.03
1498,SKU-01498,PersonalCare,Soap,PureLife,18.25
1499,SKU-01499,Beverage,Water,AlphaFoods,12.78
1500,SKU-01500,Frozen,Dessert,Sunrise,39.86
1501,SKU-01501,Frozen,Dessert,Sunrise,35.56
1502,SKU-01502,Dairy,Yogurt,Sunrise,24.8
1503,SKU-01503,Beverage,Water,PureLife,11.55
1504,SKU-01504,Snacks,Chips,PureLife,18.47
1505,SKU-01505,Dairy,Milk,NovaFresh,39.0
1506,SKU-01506,Snacks,Chips,AlphaFoods,35.35
1507,SKU-01507,Snacks,Biscuits,AlphaFoods,3.62
1508,SKU-01508,Dairy,Yogurt,UrbanTaste,21.02
1509,SKU-01509,Frozen,Pizza,NovaFresh,2.92
1510,SKU-01510,Beverage,Water,PureLife,16.25
1511,SKU-01511,PersonalCare,Toothpaste,PureLife,1.18
1512,SKU-01512,PersonalCare,Shampoo,AlphaFoods,14.24
1513,SKU-01513,Snacks,Nuts,Sunrise,5.62
1514,SKU-01514,Frozen,Dessert,Sunrise,39.17
1515,SKU-01515,Snacks,Nuts,UrbanTaste,31.97
1516,SKU-01516,PersonalCare,Toothpaste,UrbanTaste,5.69
1517,SKU-01517,Beverage,Soda,Sunrise,21.6
1518,SKU-01518,Grocery,Rice,Sunrise,12.85
1519,SKU-01519,Grocery,Pasta,GreenLine,17.65
1520,SKU-01520,Grocery,Pasta,AlphaFoods,6.77
1521,SKU-01521,Frozen,Veg,GreenLine,29.22
1522,SKU-01522,Snacks,Chips,AlphaFoods,37.67
1523,SKU-01523,Beverage,Soda,NovaFresh,13.45
1524,SKU-01524,Grocery,Pasta,AlphaFoods,22.19
1525,SKU-01525,Dairy,Cheese,GreenLine,36.09
1526,SKU-01526,PersonalCare,Shampoo,Sunrise,13.96
1527,SKU-01527,Beverage,Juice,Sunrise,26.76
1528,SKU-01528,PersonalCare,Soap,GreenLine,13.58
1529,SKU-01529,Snacks,Nuts,AlphaFoods,27.6
1530,SKU-01530,Frozen,Dessert,UrbanTaste,39.95
1531,SKU-01531,PersonalCare,Toothpaste,PureLife,28.02
1532,SKU-01532,PersonalCare,Soap,PureLife,13.47
1533,SKU-01533,Beverage,Water,UrbanTaste,27.32
1534,SKU-01534,Snacks,Nuts,NovaFresh,20.12
1535,SKU-01535,Snacks,Nuts,Sunrise,34.58
1536,SKU-01536,Dairy,Milk,UrbanTaste,1.66
1537,SKU-01537,Snacks,Biscuits,Sunrise,9.33
1538,SKU-01538,Dairy,Yogurt,Sunrise,33.79
1539,SKU-01539,Grocery,Pasta,GreenLine,20.29
1540,SKU-01540,Snacks,Biscuits,NovaFresh,21.24
1541,SKU-01541,Frozen,Dessert,GreenLine,17.26
1542,SKU-01542,Dairy,Cheese,AlphaFoods,35.66
1543,SKU-01543,Grocery,Oil,GreenLine,32.83
1544,SKU-01544,Frozen,Dessert,GreenLine,32.8
1545,SKU-01545,Snacks,Chips,PureLife,28.57
1546,SKU-01546,PersonalCare,Soap,GreenLine,35.41
1547,SKU-01547,PersonalCare,Soap,NovaFresh,31.93
1548,SKU-01548,Dairy,Milk,PureLife,5.1
1549,SKU-01549,PersonalCare,Shampoo,NovaFresh,30.06
1550,SKU-01550,Grocery,Oil,UrbanTaste,20.47
1551,SKU-01551,Dairy,Cheese,Sunrise,0.76
1552,SKU-01552,Frozen,Pizza,AlphaFoods,30.11
1553,SKU-01553,Beverage,Juice,PureLife,12.74
1554,SKU-01554,Dairy,Milk,PureLife,13.91
1555,SKU-01555,PersonalCare,Toothpaste,NovaFresh,10.83
1556,SKU-01556,PersonalCare,Soap,UrbanTaste,23.18
1557,SKU-01557,Frozen,Pizza,PureLife,22.07
1558,SKU-01558,Dairy,Milk,UrbanTaste,35.07
1559,SKU-01559,Frozen,Dessert,UrbanTaste,36.95
1560,SKU-01560,PersonalCare,Toothpaste,NovaFresh,16.29
1561,SKU-01561,Beverage,Juice,NovaFresh,35.34
1562,SKU-01562,Dairy,Yogurt,NovaFresh,32.46
1563,SKU-01563,Beverage,Soda,NovaFresh,11.53
1564,SKU-01564,Frozen,Pizza,AlphaFoods,3.84
1565,SKU-01565,Beverage,Soda,NovaFresh,39.58
1566,SKU-01566,Grocery,Oil,AlphaFoods,33.36
1567,SKU-01567,PersonalCare,Shampoo,NovaFresh,37.61
1568,SKU-01568,Beverage,Juice,AlphaFoods,22.54
1569,SKU-01569,Dairy,Milk,UrbanTaste,2.25
1570,SKU-01570,Dairy,Yogurt,NovaFresh,17.67
1571,SKU-01571,Beverage,Soda,AlphaFoods,6.66
1572,SKU-01572,PersonalCare,Soap,Sunrise,38.85
1573,SKU-01573,Frozen,Dessert,PureLife,25.53
1574,SKU-01574,PersonalCare,Shampoo,NovaFresh,31.2
1575,SKU-01575,Dairy,Cheese,UrbanTaste,13.08
1576,SKU-01576,Beverage,Soda,NovaFresh,34.33
1577,SKU-01577,Snacks,Nuts,NovaFresh,29.18
1578,SKU-01578,Beverage,Juice,GreenLine,32.04
1579,SKU-01579,Dairy,Milk,AlphaFoods,29.62
1580,SKU-01580,Beverage,Soda,AlphaFoods,39.92
1581,SKU-01581,Dairy,Milk,Sunrise,37.18
1582,SKU-01582,Frozen,Dessert,AlphaFoods,15.14
1583,SKU-01583,Frozen,Dessert,UrbanTaste,12.71
1584,SKU-01584,Dairy,Yogurt,PureLife,8.89
1585,SKU-01585,PersonalCare,Shampoo,UrbanTaste,24.95
1586,SKU-01586,PersonalCare,Shampoo,NovaFresh,5.07
1587,SKU-01587,Snacks,Chips,Sunrise,11.11
1588,SKU-01588,Beverage,Water,AlphaFoods,22.83
1589,SKU-01589,Dairy,Cheese,PureLife,33.84
1590,SKU-01590,Snacks,Chips,PureLife,13.92
1591,SKU-01591,Grocery,Rice,NovaFresh,5.55
1592,SKU-01592,Dairy,Yogurt,AlphaFoods,37.83
1593,SKU-01593,PersonalCare,Toothpaste,NovaFresh,32.0
1594,SKU-01594,Snacks,Nuts,UrbanTaste,20.59
1595,SKU-01595,Snacks,Biscuits,Sunrise,11.8
1596,SKU-01596,Dairy,Yogurt,GreenLine,23.8
1597,SKU-01597,PersonalCare,Toothpaste,UrbanTaste,0.85
1598,SKU-01598,Frozen,Pizza,NovaFresh,34.38
1599,SKU-01599,Dairy,Cheese,AlphaFoods,33.08
1600,SKU-01600,PersonalCare,Soap,AlphaFoods,16.64
1601,SKU-01601,Frozen,Dessert,NovaFresh,9.22
1602,SKU-01602,Frozen,Dessert,UrbanTaste,3.81
1603,SKU-01603,PersonalCare,Soap,AlphaFoods,11.86
1604,SKU-01604,Frozen,Pizza,AlphaFoods,35.23
1605,SKU-01605,Grocery,Oil,PureLife,13.99
1606,SKU-01606,Frozen,Pizza,GreenLine,16.94
1607,SKU-01607,Snacks,Biscuits,Sunrise,22.65
1608,SKU-01608,PersonalCare,Toothpaste,Sunrise,9.18
1609,SKU-01609,Frozen,Pizza,NovaFresh,25.85
1610,SKU-01610,Beverage,Soda,NovaFresh,9.4
1611,SKU-01611,Beverage,Water,UrbanTaste,2.69
1612,SKU-01612,Frozen,Veg,GreenLine,26.62
1613,SKU-01613,Dairy,Cheese,UrbanTaste,26.96
1614,SKU-01614,Grocery,Rice,GreenLine,35.3
1615,SKU-01615,Snacks,Chips,Sunrise,13.96
1616,SKU-01616,PersonalCare,Soap,NovaFresh,13.42
1617,SKU-01617,Dairy,Milk,GreenLine,30.0
1618,SKU-01618,Beverage,Water,AlphaFoods,32.16
1619,SKU-01619,Beverage,Water,Sunrise,32.85
1620,SKU-01620,Snacks,Nuts,GreenLine,28.74
1621,SKU-01621,Snacks,Biscuits,NovaFresh,3.09
1622,SKU-01622,Dairy,Cheese,Sunrise,37.2
1623,SKU-01623,Dairy,Cheese,Sunrise,6.93
1624,SKU-01624,Frozen,Pizza,UrbanTaste,30.3
1625,SKU-01625,Beverage,Soda,PureLife,34.04
1626,SKU-01626,Grocery,Rice,PureLife,17.1
1627,SKU-01627,PersonalCare,Shampoo,GreenLine,23.43
1628,SKU-01628,Snacks,Biscuits,NovaFresh,21.62
1629,SKU-01629,Dairy,Cheese,PureLife,35.18
1630,SKU-01630,Snacks,Biscuits,NovaFresh,31.64
1631,SKU-01631,Dairy,Milk,AlphaFoods,8.09
1632,SKU-01632,PersonalCare,Toothpaste,PureLife,34.75
1633,SKU-01633,Beverage,Water,AlphaFoods,24.73
1634,SKU-01634,Dairy,Milk,GreenLine,28.5
1635,SKU-01635,PersonalCare,Soap,GreenLine,13.97
1636,SKU-01636,Dairy,Cheese,GreenLine,29.47
1637,SKU-01637,Snacks,Nuts,NovaFresh,1.46
1638,SKU-01638,Dairy,Milk,Sunrise,39.52
1639,SKU-01639,Frozen,Pizza,PureLife,20.25
1640,SKU-01640,PersonalCare,Shampoo,UrbanTaste,17.07
1641,SKU-01641,Dairy,Milk,NovaFresh,38.31
1642,SKU-01642,Beverage,Soda,AlphaFoods,30.77
1643,SKU-01643,Beverage,Juice,PureLife,29.96
1644,SKU-01644,Grocery,Oil,NovaFresh,34.5
1645,SKU-01645,Dairy,Cheese,GreenLine,30.84
1646,SKU-01646,Dairy,Cheese,GreenLine,16.17
1647,SKU-01647,Frozen,Pizza,AlphaFoods,26.16
1648,SKU-01648,Beverage,Water,NovaFresh,12.8
1649,SKU-01649,PersonalCare,Toothpaste,Sunrise,4.64
1650,SKU-01650,Dairy,Yogurt,AlphaFoods,36.54
1651,SKU-01651,Beverage,Water,AlphaFoods,18.83
1652,SKU-01652,Grocery,Oil,UrbanTaste,24.09
1653,SKU-01653,Snacks,Nuts,UrbanTaste,29.8
1654,SKU-01654,Grocery,Rice,Sunrise,16.58
1655,SKU-01655,Dairy,Milk,NovaFresh,29.28
1656,SKU-01656,Dairy,Cheese,PureLife,8.1
1657,SKU-01657,Beverage,Water,Sunrise,32.87
1658,SKU-01658,Snacks,Chips,UrbanTaste,21.75
1659,SKU-01659,Dairy,Cheese,PureLife,13.87
1660,SKU-01660,Snacks,Chips,UrbanTaste,5.26
1661,SKU-01661,Dairy,Yogurt,AlphaFoods,27.81
1662,SKU-01662,Grocery,Rice,GreenLine,18.05
1663,SKU-01663,Grocery,Pasta,GreenLine,11.49
1664,SKU-01664,Grocery,Oil,Sunrise,19.66
1665,SKU-01665,Grocery,Pasta,NovaFresh,25.48
1666,SKU-01666,Snacks,Biscuits,UrbanTaste,27.41
1667,SKU-01667,PersonalCare,Soap,AlphaFoods,34.29
1668,SKU-01668,Snacks,Biscuits,AlphaFoods,10.7
1669,SKU-01669,Beverage,Water,GreenLine,6.84
1670,SKU-01670,Snacks,Chips,GreenLine,4.68
1671,SKU-01671,Dairy,Yogurt,AlphaFoods,3.07
1672,SKU-01672,PersonalCare,Shampoo,Sunrise,0.85
1673,SKU-01673,PersonalCare,Shampoo,Sunrise,35.41
1674,SKU-01674,Beverage,Juice,Sunrise,25.13
1675,SKU-01675,Frozen,Pizza,GreenLine,37.23
1676,SKU-01676,Frozen,Veg,GreenLine,9.77
1677,SKU-01677,Frozen,Pizza,NovaFresh,32.79
1678,SKU-01678,Beverage,Water,Sunrise,30.36
1679,SKU-01679,Grocery,Oil,PureLife,18.7
1680,SKU-01680,Grocery,Rice,UrbanTaste,36.88
1681,SKU-01681,Snacks,Biscuits,GreenLine,13.92
1682,SKU-01682,Frozen,Pizza,UrbanTaste,18.93
1683,SKU-01683,PersonalCare,Soap,UrbanTaste,5.19
1684,SKU-01684,Grocery,Rice,UrbanTaste,26.89
1685,SKU-01685,Snacks,Nuts,UrbanTaste,10.1
1686,SKU-01686,Snacks,Biscuits,PureLife,11.6
1687,SKU-01687,PersonalCare,Soap,GreenLine,34.81
1688,SKU-01688,Dairy,Milk,Sunrise,23.01
1689,SKU-01689,Snacks,Nuts,PureLife,5.31
1690,SKU-01690,Snacks,Nuts,GreenLine,2.3
1691,SKU-01691,Dairy,Milk,PureLife,14.07
1692,SKU-01692,Grocery,Pasta,PureLife,29.85
1693,SKU-01693,Beverage,Juice,PureLife,12.61
1694,SKU-01694,Frozen,Pizza,NovaFresh,17.02
1695,SKU-01695,Frozen,Pizza,GreenLine,34.99
1696,SKU-01696,Snacks,Chips,Sunrise,15.56
1697,SKU-01697,Snacks,Biscuits,PureLife,7.75
1698,SKU-01698,Dairy,Milk,AlphaFoods,31.18
1699,SKU-01699,Beverage,Soda,AlphaFoods,29.24
1700,SKU-01700,Frozen,Dessert,GreenLine,27.63
1701,SKU-01701,Snacks,Biscuits,PureLife,1.24
1702,SKU-01702,PersonalCare,Toothpaste,Sunrise,24.36
1703,SKU-01703,PersonalCare,Shampoo,NovaFresh,7.42
1704,SKU-01704,Grocery,Pasta,PureLife,7.89
1705,SKU-01705,PersonalCare,Soap,UrbanTaste,26.01
1706,SKU-01706,Grocery,Rice,Sunrise,34.72
1707,SKU-01707,Beverage,Juice,NovaFresh,37.47
1708,SKU-01708,Dairy,Yogurt,UrbanTaste,5.58
1709,SKU-01709,Grocery,Pasta,GreenLine,6.14
1710,SKU-01710,Snacks,Chips,AlphaFoods,17.95
1711,SKU-01711,Beverage,Water,UrbanTaste,5.76
1712,SKU-01712,Dairy,Milk,PureLife,20.32
1713,SKU-01713,Grocery,Rice,PureLife,39.11
1714,SKU-01714,Beverage,Water,AlphaFoods,31.27
1715,SKU-01715,Frozen,Pizza,AlphaFoods,20.57
1716,SKU-01716,Frozen,Pizza,NovaFresh,19.97
1717,SKU-01717,Grocery,Oil,GreenLine,32.83
1718,SKU-01718,Frozen,Veg,GreenLine,29.67
1719,SKU-01719,Snacks,Chips,UrbanTaste,26.77
1720,SKU-01720,Dairy,Cheese,PureLife,26.11
1721,SKU-01721,Grocery,Oil,PureLife,15.5
1722,SKU-01722,Dairy,Yogurt,NovaFresh,39.66
1723,SKU-01723,Dairy,Milk,Sunrise,21.08
1724,SKU-01724,Dairy,Cheese,UrbanTaste,10.77
1725,SKU-01725,Snacks,Biscuits,AlphaFoods,6.11
1726,SKU-01726,Frozen,Veg,Sunrise,28.74
1727,SKU-01727,Dairy,Cheese,GreenLine,12.77
1728,SKU-01728,Beverage,Water,NovaFresh,23.81
1729,SKU-01729,PersonalCare,Shampoo,AlphaFoods,18.99
1730,SKU-01730,PersonalCare,Shampoo,GreenLine,16.51
1731,SKU-01731,Dairy,Yogurt,Sunrise,7.04
1732,SKU-01732,Snacks,Chips,NovaFresh,24.75
1733,SKU-01733,Snacks,Chips,GreenLine,12.42
1734,SKU-01734,Snacks,Chips,GreenLine,14.84
1735,SKU-01735,PersonalCare,Soap,GreenLine,30.97
1736,SKU-01736,Grocery,Oil,UrbanTaste,16.63
1737,SKU-01737,Frozen,Dessert,Sunrise,14.04
1738,SKU-01738,Snacks,Nuts,UrbanTaste,28.19
1739,SKU-01739,Beverage,Soda,NovaFresh,1.01
1740,SKU-01740,Grocery,Oil,NovaFresh,34.24
1741,SKU-01741,Frozen,Pizza,UrbanTaste,5.35
1742,SKU-01742,Grocery,Oil,Sunrise,25.06
1743,SKU-01743,Snacks,Chips,NovaFresh,3.34
1744,SKU-01744,Dairy,Cheese,Sunrise,30.05
1745,SKU-01745,Dairy,Yogurt,UrbanTaste,24.25
1746,SKU-01746,Dairy,Yogurt,PureLife,36.66
1747,SKU-01747,Dairy,Yogurt,Sunrise,35.92
1748,SKU-01748,Dairy,Yogurt,AlphaFoods,23.54
1749,SKU-01749,Grocery,Rice,PureLife,1.29
1750,SKU-01750,Dairy,Milk,PureLife,33.9
1751,SKU-01751,Dairy,Yogurt,AlphaFoods,24.81
1752,SKU-01752,Beverage,Juice,PureLife,10.47
1753,SKU-01753,Grocery,Pasta,AlphaFoods,7.51
1754,SKU-01754,Snacks,Biscuits,PureLife,27.44
1755,SKU-01755,Dairy,Cheese,NovaFresh,4.11
1756,SKU-01756,Snacks,Nuts,AlphaFoods,34.43
1757,SKU-01757,Grocery,Rice,UrbanTaste,6.47
1758,SKU-01758,PersonalCare,Soap,NovaFresh,1.58
1759,SKU-01759,Frozen,Veg,UrbanTaste,36.38
1760,SKU-01760,PersonalCare,Soap,UrbanTaste,25.26
1761,SKU-01761,Dairy,Cheese,GreenLine,2.37
1762,SKU-01762,Frozen,Pizza,Sunrise,26.01
1763,SKU-01763,PersonalCare,Soap,PureLife,21.95
1764,SKU-01764,Frozen,Dessert,PureLife,39.58
1765,SKU-01765,Beverage,Juice,PureLife,7.35
1766,SKU-01766,PersonalCare,Soap,PureLife,22.98
1767,SKU-01767,Grocery,Rice,UrbanTaste,22.29
1768,SKU-01768,Frozen,Veg,PureLife,17.37
1769,SKU-01769,Snacks,Biscuits,Sunrise,39.53
1770,SKU-01770,Snacks,Biscuits,PureLife,19.28
1771,SKU-01771,Frozen,Pizza,NovaFresh,7.61
1772,SKU-01772,Snacks,Nuts,PureLife,2.02
1773,SKU-01773,Frozen,Veg,PureLife,17.59
1774,SKU-01774,Frozen,Dessert,PureLife,7.4
1775,SKU-01775,Dairy,Yogurt,PureLife,19.04
1776,SKU-01776,PersonalCare,Shampoo,Sunrise,17.55
1777,SKU-01777,Frozen,Dessert,GreenLine,14.02
1778,SKU-01778,Beverage,Juice,NovaFresh,15.7
1779,SKU-01779,PersonalCare,Shampoo,PureLife,0.8
1780,SKU-01780,Frozen,Veg,GreenLine,25.87
1781,SKU-01781,Dairy,Cheese,GreenLine,26.83
1782,SKU-01782,Beverage,Soda,Sunrise,8.1
1783,SKU-01783,Beverage,Juice,GreenLine,38.98
1784,SKU-01784,Grocery,Rice,GreenLine,22.77
1785,SKU-01785,PersonalCare,Shampoo,GreenLine,39.51
1786,SKU-01786,PersonalCare,Toothpaste,NovaFresh,21.09
1787,SKU-01787,Beverage,Water,AlphaFoods,19.31
1788,SKU-01788,Dairy,Cheese,GreenLine,39.79
1789,SKU-01789,PersonalCare,Soap,AlphaFoods,8.12
1790,SKU-01790,Dairy,Milk,Sunrise,20.27
1791,SKU-01791,Snacks,Chips,Sunrise,38.91
1792,SKU-01792,Dairy,Milk,Sunrise,32.89
1793,SKU-01793,Frozen,Veg,AlphaFoods,13.46
1794,SKU-01794,PersonalCare,Shampoo,NovaFresh,18.03
1795,SKU-01795,Beverage,Soda,PureLife,1.6
1796,SKU-01796,Grocery,Rice,PureLife,35.47
1797,SKU-01797,Beverage,Water,Sunrise,22.22
1798,SKU-01798,Dairy,Milk,UrbanTaste,35.26
1799,SKU-01799,Beverage,Water,NovaFresh,21.81
1800,SKU-01800,Frozen,Veg,GreenLine,11.77
1801,SKU-01801,Dairy,Milk,PureLife,30.13
1802,SKU-01802,Grocery,Pasta,Sunrise,28.9
1803,SKU-01803,Grocery,Pasta,UrbanTaste,8.51
1804,SKU-01804,Dairy,Milk,UrbanTaste,18.1
1805,SKU-01805,Grocery,Oil,AlphaFoods,35.84
1806,SKU-01806,Dairy,Milk,GreenLine,30.93
1807,SKU-01807,Snacks,Biscuits,PureLife,39.99
1808,SKU-01808,Frozen,Pizza,NovaFresh,18.41
1809,SKU-01809,Beverage,Soda,PureLife,15.08
1810,SKU-01810,PersonalCare,Shampoo,NovaFresh,37.67
1811,SKU-01811,Snacks,Chips,GreenLine,11.04
1812,SKU-01812,Dairy,Milk,Sunrise,9.67
1813,SKU-01813,Beverage,Juice,GreenLine,5.56
1814,SKU-01814,PersonalCare,Shampoo,AlphaFoods,5.33
1815,SKU-01815,Snacks,Chips,NovaFresh,16.91
1816,SKU-01816,Grocery,Oil,GreenLine,25.0
1817,SKU-01817,Beverage,Soda,NovaFresh,7.38
1818,SKU-01818,Snacks,Chips,Sunrise,19.18
1819,SKU-01819,Frozen,Pizza,PureLife,26.66
1820,SKU-01820,Beverage,Soda,Sunrise,30.64
1821,SKU-01821,PersonalCare,Soap,PureLife,33.81
1822,SKU-01822,Snacks,Biscuits,AlphaFoods,23.18
1823,SKU-01823,PersonalCare,Shampoo,Sunrise,13.46
1824,SKU-01824,Beverage,Water,UrbanTaste,32.93
1825,SKU-01825,PersonalCare,Soap,Sunrise,30.72
1826,SKU-01826,Frozen,Veg,Sunrise,8.58
1827,SKU-01827,Snacks,Nuts,GreenLine,19.16
1828,SKU-01828,PersonalCare,Toothpaste,AlphaFoods,39.48
1829,SKU-01829,PersonalCare,Shampoo,Sunrise,32.73
1830,SKU-01830,Grocery,Rice,NovaFresh,31.33
1831,SKU-01831,Frozen,Veg,NovaFresh,11.84
1832,SKU-01832,Grocery,Pasta,AlphaFoods,31.13
1833,SKU-01833,Frozen,Dessert,Sunrise,19.72
1834,SKU-01834,PersonalCare,Toothpaste,NovaFresh,29.67
1835,SKU-01835,PersonalCare,Soap,AlphaFoods,6.67
1836,SKU-01836,Snacks,Biscuits,GreenLine,3.57
1837,SKU-01837,Snacks,Nuts,PureLife,24.5
1838,SKU-01838,Dairy,Yogurt,Sunrise,20.38
1839,SKU-01839,Beverage,Soda,GreenLine,21.07
1840,SKU-01840,Beverage,Soda,UrbanTaste,34.07
1841,SKU-01841,Grocery,Pasta,NovaFresh,3.38
1842,SKU-01842,Grocery,Oil,NovaFresh,10.54
1843,SKU-01843,PersonalCare,Toothpaste,GreenLine,16.85
1844,SKU-01844,Snacks,Biscuits,NovaFresh,31.58
1845,SKU-01845,Snacks,Chips,UrbanTaste,7.87
1846,SKU-01846,Dairy,Cheese,UrbanTaste,10.63
1847,SKU-01847,PersonalCare,Soap,AlphaFoods,38.97
1848,SKU-01848,PersonalCare,Toothpaste,UrbanTaste,10.9
1849,SKU-01849,Beverage,Juice,NovaFresh,24.79
1850,SKU-01850,Dairy,Yogurt,GreenLine,30.67
1851,SKU-01851,PersonalCare,Shampoo,GreenLine,30.49
1852,SKU-01852,Snacks,Chips,AlphaFoods,22.12
1853,SKU-01853,Beverage,Soda,UrbanTaste,12.72
1854,SKU-01854,Grocery,Pasta,GreenLine,27.45
1855,SKU-01855,Grocery,Pasta,AlphaFoods,20.72
1856,SKU-01856,Snacks,Nuts,Sunrise,1.53
1857,SKU-01857,Snacks,Chips,PureLife,25.88
1858,SKU-01858,Frozen,Veg,AlphaFoods,36.27
1859,SKU-01859,Snacks,Nuts,GreenLine,12.9
1860,SKU-01860,Snacks,Chips,UrbanTaste,14.79
1861,SKU-01861,Snacks,Nuts,Sunrise,4.72
1862,SKU-01862,Frozen,Pizza,AlphaFoods,32.69
1863,SKU-01863,Grocery,Pasta,GreenLine,9.72
1864,SKU-01864,Beverage,Water,PureLife,16.74
1865,SKU-01865,Frozen,Dessert,AlphaFoods,36.95
1866,SKU-01866,Dairy,Cheese,Sunrise,0.53
1867,SKU-01867,Dairy,Yogurt,UrbanTaste,22.09
1868,SKU-01868,Beverage,Juice,UrbanTaste,3.66
1869,SKU-01869,Beverage,Water,UrbanTaste,12.1
1870,SKU-01870,Frozen,Pizza,Sunrise,21.41
1871,SKU-01871,Dairy,Yogurt,PureLife,6.96
1872,SKU-01872,Dairy,Cheese,UrbanTaste,20.16
1873,SKU-01873,Frozen,Dessert,PureLife,38.87
1874,SKU-01874,Snacks,Chips,UrbanTaste,7.33
1875,SKU-01875,Beverage,Juice,Sunrise,21.05
1876,SKU-01876,Dairy,Milk,GreenLine,15.65
1877,SKU-01877,Frozen,Pizza,NovaFresh,7.37
1878,SKU-01878,PersonalCare,Shampoo,NovaFresh,21.49
1879,SKU-01879,Dairy,Yogurt,UrbanTaste,30.91
1880,SKU-01880,Snacks,Biscuits,AlphaFoods,4.59
1881,SKU-01881,Grocery,Rice,NovaFresh,13.39
1882,SKU-01882,Grocery,Pasta,UrbanTaste,23.87
1883,SKU-01883,Snacks,Nuts,UrbanTaste,11.29
1884,SKU-01884,Frozen,Pizza,NovaFresh,36.42
1885,SKU-01885,Dairy,Milk,PureLife,34.78
1886,SKU-01886,Beverage,Water,NovaFresh,17.97
1887,SKU-01887,Snacks,Chips,GreenLine,1.77
1888,SKU-01888,Frozen,Pizza,UrbanTaste,19.43
1889,SKU-01889,PersonalCare,Toothpaste,Sunrise,19.74
1890,SKU-01890,Grocery,Oil,AlphaFoods,12.53
1891,SKU-01891,Grocery,Oil,AlphaFoods,19.69
1892,SKU-01892,Snacks,Nuts,PureLife,25.17
1893,SKU-01893,PersonalCare,Soap,AlphaFoods,39.14
1894,SKU-01894,Beverage,Soda,NovaFresh,9.88
1895,SKU-01895,Frozen,Dessert,PureLife,11.28
1896,SKU-01896,Frozen,Pizza,NovaFresh,19.09
1897,SKU-01897,Beverage,Soda,PureLife,12.82
1898,SKU-01898,Snacks,Nuts,UrbanTaste,18.61
1899,SKU-01899,Snacks,Nuts,UrbanTaste,32.67
1900,SKU-01900,PersonalCare,Soap,GreenLine,9.93
1901,SKU-01901,Frozen,Pizza,NovaFresh,2.04
1902,SKU-01902,Snacks,Nuts,UrbanTaste,36.9
1903,SKU-01903,PersonalCare,Shampoo,UrbanTaste,0.55
1904,SKU-01904,Grocery,Pasta,AlphaFoods,22.56
1905,SKU-01905,Grocery,Oil,NovaFresh,18.11
1906,SKU-01906,Frozen,Veg,AlphaFoods,17.63
1907,SKU-01907,Snacks,Chips,UrbanTaste,22.54
1908,SKU-01908,Beverage,Juice,Sunrise,12.06
1909,SKU-01909,Dairy,Milk,PureLife,23.33
1910,SKU-01910,Dairy,Yogurt,PureLife,38.79
1911,SKU-01911,Snacks,Nuts,Sunrise,6.11
1912,SKU-01912,Frozen,Dessert,PureLife,23.43
1913,SKU-01913,PersonalCare,Soap,GreenLine,4.24
1914,SKU-01914,Grocery,Rice,AlphaFoods,33.76
1915,SKU-01915,Grocery,Rice,UrbanTaste,35.09
1916,SKU-01916,Snacks,Biscuits,Sunrise,39.73
1917,SKU-01917,PersonalCare,Toothpaste,AlphaFoods,15.4
1918,SKU-01918,Dairy,Milk,NovaFresh,5.03
1919,SKU-01919,Grocery,Oil,UrbanTaste,4.93
1920,SKU-01920,Grocery,Oil,Sunrise,3.57
1921,SKU-01921,Frozen,Pizza,GreenLine,20.2
1922,SKU-01922,Dairy,Milk,GreenLine,9.79
1923,SKU-01923,Beverage,Water,PureLife,28.3
1924,SKU-01924,Frozen,Dessert,GreenLine,15.05
1925,SKU-01925,Grocery,Oil,AlphaFoods,30.1
1926,SKU-01926,PersonalCare,Toothpaste,UrbanTaste,9.83
1927,SKU-01927,PersonalCare,Soap,Sunrise,19.15
1928,SKU-01928,PersonalCare,Soap,AlphaFoods,36.11
1929,SKU-01929,Snacks,Nuts,Sunrise,7.4
1930,SKU-01930,Dairy,Cheese,NovaFresh,38.19
1931,SKU-01931,Snacks,Chips,AlphaFoods,17.85
1932,SKU-01932,Grocery,Pasta,UrbanTaste,21.74
1933,SKU-01933,Frozen,Pizza,Sunrise,5.0
1934,SKU-01934,Grocery,Pasta,UrbanTaste,10.73
1935,SKU-01935,PersonalCare,Toothpaste,GreenLine,27.29
1936,SKU-01936,Beverage,Juice,GreenLine,38.15
1937,SKU-01937,Frozen,Pizza,PureLife,21.24
1938,SKU-01938,Dairy,Milk,AlphaFoods,25.91
1939,SKU-01939,PersonalCare,Soap,PureLife,29.13
1940,SKU-01940,Beverage,Juice,AlphaFoods,26.51
1941,SKU-01941,Frozen,Veg,AlphaFoods,17.8
1942,SKU-01942,Dairy,Yogurt,UrbanTaste,19.34
1943,SKU-01943,Snacks,Biscuits,GreenLine,5.35
1944,SKU-01944,Snacks,Nuts,Sunrise,32.04
1945,SKU-01945,Dairy,Cheese,GreenLine,18.03
1946,SKU-01946,Grocery,Pasta,Sunrise,23.09
1947,SKU-01947,Frozen,Veg,PureLife,33.98
1948,SKU-01948,Snacks,Nuts,Sunrise,18.25
1949,SKU-01949,Frozen,Dessert,NovaFresh,6.7
1950,SKU-01950,Snacks,Biscuits,Sunrise,18.64
1951,SKU-01951,Dairy,Yogurt,NovaFresh,13.91
1952,SKU-01952,Frozen,Veg,NovaFresh,39.64
1953,SKU-01953,Frozen,Pizza,Sunrise,18.16
1954,SKU-01954,Snacks,Nuts,UrbanTaste,30.45
1955,SKU-01955,Snacks,Chips,NovaFresh,3.83
1956,SKU-01956,Beverage,Water,NovaFresh,20.88
1957,SKU-01957,PersonalCare,Soap,GreenLine,1.59
1958,SKU-01958,Dairy,Cheese,Sunrise,11.24
1959,SKU-01959,Grocery,Rice,Sunrise,28.28
1960,SKU-01960,Beverage,Soda,AlphaFoods,22.52
1961,SKU-01961,Frozen,Pizza,Sunrise,37.07
1962,SKU-01962,Grocery,Oil,NovaFresh,9.6
1963,SKU-01963,Dairy,Yogurt,Sunrise,2.2
1964,SKU-01964,Dairy,Cheese,AlphaFoods,19.15
1965,SKU-01965,Frozen,Veg,Sunrise,6.47
1966,SKU-01966,Frozen,Dessert,GreenLine,29.22
1967,SKU-01967,Beverage,Water,NovaFresh,19.37
1968,SKU-01968,Dairy,Cheese,PureLife,32.2
1969,SKU-01969,Grocery,Oil,NovaFresh,25.0
1970,SKU-01970,Grocery,Rice,Sunrise,11.14
1971,SKU-01971,Frozen,Veg,GreenLine,28.3
1972,SKU-01972,Snacks,Biscuits,UrbanTaste,28.84
1973,SKU-01973,Beverage,Soda,NovaFresh,34.51
1974,SKU-01974,Beverage,Water,UrbanTaste,19.4
1975,SKU-01975,Dairy,Milk,PureLife,39.85
1976,SKU-01976,Dairy,Cheese,Sunrise,34.12
1977,SKU-01977,Frozen,Dessert,UrbanTaste,3.6
1978,SKU-01978,Dairy,Cheese,Sunrise,37.69
1979,SKU-01979,Grocery,Oil,PureLife,6.95
1980,SKU-01980,PersonalCare,Soap,UrbanTaste,3.7
1981,SKU-01981,Grocery,Rice,UrbanTaste,37.74
1982,SKU-01982,Dairy,Yogurt,AlphaFoods,6.85
1983,SKU-01983,Snacks,Chips,GreenLine,38.71
1984,SKU-01984,Snacks,Chips,Sunrise,16.52
1985,SKU-01985,Snacks,Biscuits,AlphaFoods,37.41
1986,SKU-01986,Frozen,Pizza,PureLife,21.77
1987,SKU-01987,Beverage,Soda,Sunrise,13.17
1988,SKU-01988,Grocery,Pasta,UrbanTaste,39.98
1989,SKU-01989,Beverage,Juice,GreenLine,28.09
1990,SKU-01990,Snacks,Nuts,GreenLine,17.41
1991,SKU-01991,Beverage,Juice,PureLife,33.61
1992,SKU-01992,PersonalCare,Toothpaste,Sunrise,26.21
1993,SKU-01993,Dairy,Yogurt,GreenLine,34.77
1994,SKU-01994,Snacks,Nuts,NovaFresh,31.96
1995,SKU-01995,Frozen,Dessert,AlphaFoods,18.35
1996,SKU-01996,Snacks,Biscuits,UrbanTaste,10.74
1997,SKU-01997,Grocery,Oil,PureLife,4.79
1998,SKU-01998,Frozen,Dessert,NovaFresh,14.22
1999,SKU-01999,PersonalCare,Shampoo,GreenLine,27.42
2000,SKU-02000,Dairy,Yogurt,Sunrise,8.75
2001,SKU-02001,Grocery,Rice,AlphaFoods,29.1
2002,SKU-02002,Beverage,Soda,AlphaFoods,20.24
2003,SKU-02003,PersonalCare,Toothpaste,GreenLine,27.1
2004,SKU-02004,Snacks,Biscuits,AlphaFoods,25.61
2005,SKU-02005,Snacks,Biscuits,Sunrise,32.49
2006,SKU-02006,Snacks,Biscuits,AlphaFoods,6.67
2007,SKU-02007,Frozen,Pizza,AlphaFoods,4.28
2008,SKU-02008,PersonalCare,Soap,PureLife,34.34
2009,SKU-02009,PersonalCare,Soap,PureLife,20.13
2010,SKU-02010,Beverage,Soda,NovaFresh,0.53
2011,SKU-02011,Snacks,Chips,PureLife,4.14
2012,SKU-02012,Grocery,Pasta,Sunrise,0.92
2013,SKU-02013,Snacks,Biscuits,GreenLine,27.3
2014,SKU-02014,Grocery,Oil,Sunrise,38.5
2015,SKU-02015,Snacks,Nuts,UrbanTaste,34.85
2016,SKU-02016,Grocery,Oil,AlphaFoods,33.09
2017,SKU-02017,Grocery,Pasta,Sunrise,28.9
2018,SKU-02018,Snacks,Nuts,GreenLine,32.03
2019,SKU-02019,Frozen,Dessert,NovaFresh,3.25
2020,SKU-02020,PersonalCare,Toothpaste,AlphaFoods,8.91
2021,SKU-02021,Snacks,Chips,GreenLine,11.87
2022,SKU-02022,Frozen,Pizza,AlphaFoods,10.88
2023,SKU-02023,Beverage,Water,Sunrise,0.58
2024,SKU-02024,Snacks,Chips,UrbanTaste,16.46
2025,SKU-02025,Frozen,Veg,NovaFresh,5.84
2026,SKU-02026,PersonalCare,Soap,NovaFresh,20.06
2027,SKU-02027,Dairy,Yogurt,Sunrise,9.01
2028,SKU-02028,Snacks,Biscuits,PureLife,13.47
2029,SKU-02029,Grocery,Pasta,PureLife,34.56
2030,SKU-02030,Frozen,Pizza,UrbanTaste,32.86
2031,SKU-02031,Beverage,Water,UrbanTaste,31.92
2032,SKU-02032,Dairy,Cheese,AlphaFoods,34.89
2033,SKU-02033,Snacks,Nuts,PureLife,13.05
2034,SKU-02034,PersonalCare,Shampoo,GreenLine,5.51
2035,SKU-02035,Beverage,Soda,GreenLine,9.65
2036,SKU-02036,PersonalCare,Toothpaste,GreenLine,15.9
2037,SKU-02037,Dairy,Milk,GreenLine,19.08
2038,SKU-02038,Beverage,Soda,AlphaFoods,32.98
2039,SKU-02039,Grocery,Pasta,GreenLine,16.38
2040,SKU-02040,PersonalCare,Toothpaste,PureLife,36.01
2041,SKU-02041,Snacks,Nuts,Sunrise,34.83
2042,SKU-02042,Frozen,Dessert,Sunrise,7.09
2043,SKU-02043,Frozen,Dessert,GreenLine,26.13
2044,SKU-02044,Frozen,Veg,UrbanTaste,39.09
2045,SKU-02045,Dairy,Yogurt,AlphaFoods,36.97
2046,SKU-02046,Snacks,Biscuits,PureLife,31.2
2047,SKU-02047,Frozen,Dessert,GreenLine,32.15
2048,SKU-02048,PersonalCare,Toothpaste,Sunrise,3.46
2049,SKU-02049,Grocery,Rice,GreenLine,16.78
2050,SKU-02050,Beverage,Water,AlphaFoods,14.39
2051,SKU-02051,Frozen,Veg,Sunrise,22.47
2052,SKU-02052,Snacks,Biscuits,NovaFresh,8.8
2053,SKU-02053,Beverage,Water,GreenLine,10.81
2054,SKU-02054,Dairy,Milk,PureLife,17.71
2055,SKU-02055,Frozen,Dessert,GreenLine,9.72
2056,SKU-02056,Frozen,Dessert,NovaFresh,32.5
2057,SKU-02057,PersonalCare,Toothpaste,PureLife,30.84
2058,SKU-02058,Frozen,Veg,PureLife,13.69
2059,SKU-02059,PersonalCare,Shampoo,PureLife,11.02
2060,SKU-02060,Frozen,Pizza,AlphaFoods,35.57
2061,SKU-02061,Beverage,Juice,PureLife,30.55
2062,SKU-02062,Grocery,Pasta,PureLife,6.19
2063,SKU-02063,Beverage,Juice,AlphaFoods,27.11
2064,SKU-02064,Dairy,Yogurt,AlphaFoods,31.67
2065,SKU-02065,PersonalCare,Soap,NovaFresh,16.53
2066,SKU-02066,Beverage,Water,PureLife,23.81
2067,SKU-02067,Grocery,Oil,Sunrise,7.79
2068,SKU-02068,Grocery,Pasta,AlphaFoods,37.53
2069,SKU-02069,Dairy,Yogurt,GreenLine,39.58
2070,SKU-02070,Grocery,Oil,Sunrise,20.54
2071,SKU-02071,Snacks,Chips,Sunrise,8.02
2072,SKU-02072,Beverage,Juice,GreenLine,27.27
2073,SKU-02073,Grocery,Pasta,Sunrise,31.82
2074,SKU-02074,Grocery,Rice,AlphaFoods,32.51
2075,SKU-02075,Grocery,Pasta,UrbanTaste,21.04
2076,SKU-02076,Frozen,Dessert,NovaFresh,16.17
2077,SKU-02077,Snacks,Biscuits,PureLife,12.37
2078,SKU-02078,PersonalCare,Toothpaste,UrbanTaste,20.77
2079,SKU-02079,Grocery,Rice,NovaFresh,25.79
2080,SKU-02080,Grocery,Rice,UrbanTaste,35.35
2081,SKU-02081,Dairy,Milk,NovaFresh,39.91
2082,SKU-02082,Grocery,Oil,PureLife,40.0
2083,SKU-02083,Grocery,Pasta,PureLife,8.04
2084,SKU-02084,Dairy,Milk,AlphaFoods,9.79
2085,SKU-02085,Dairy,Milk,UrbanTaste,34.65
2086,SKU-02086,Snacks,Biscuits,PureLife,11.66
2087,SKU-02087,Beverage,Soda,NovaFresh,8.36
2088,SKU-02088,Dairy,Cheese,PureLife,31.15
2089,SKU-02089,Dairy,Milk,NovaFresh,3.79
2090,SKU-02090,Frozen,Dessert,PureLife,15.9
2091,SKU-02091,PersonalCare,Shampoo,Sunrise,12.66
2092,SKU-02092,Snacks,Biscuits,UrbanTaste,5.5
2093,SKU-02093,Snacks,Nuts,PureLife,1.43
2094,SKU-02094,Frozen,Dessert,AlphaFoods,11.29
2095,SKU-02095,PersonalCare,Soap,PureLife,26.03
2096,SKU-02096,Beverage,Soda,GreenLine,23.66
2097,SKU-02097,PersonalCare,Soap,PureLife,19.04
2098,SKU-02098,Snacks,Biscuits,PureLife,37.47
2099,SKU-02099,PersonalCare,Soap,UrbanTaste,24.02
2100,SKU-02100,Frozen,Pizza,UrbanTaste,33.8
2101,SKU-02101,PersonalCare,Soap,Sunrise,5.03
2102,SKU-02102,Snacks,Nuts,PureLife,4.28
2103,SKU-02103,Snacks,Chips,PureLife,9.46
2104,SKU-02104,Dairy,Yogurt,Sunrise,31.33
2105,SKU-02105,Frozen,Dessert,Sunrise,26.21
2106,SKU-02106,Frozen,Pizza,UrbanTaste,15.94
2107,SKU-02107,Dairy,Cheese,Sunrise,14.96
2108,SKU-02108,PersonalCare,Shampoo,Sunrise,37.65
2109,SKU-02109,Dairy,Cheese,PureLife,21.1
2110,SKU-02110,Dairy,Yogurt,UrbanTaste,21.75
2111,SKU-02111,Frozen,Dessert,Sunrise,34.85
2112,SKU-02112,PersonalCare,Toothpaste,PureLife,7.85
2113,SKU-02113,Snacks,Chips,UrbanTaste,31.47
2114,SKU-02114,Snacks,Nuts,GreenLine,31.15
2115,SKU-02115,Frozen,Dessert,NovaFresh,30.08
2116,SKU-02116,Snacks,Biscuits,PureLife,37.36
2117,SKU-02117,Beverage,Soda,PureLife,16.7
2118,SKU-02118,PersonalCare,Soap,GreenLine,25.03
2119,SKU-02119,Dairy,Milk,Sunrise,11.64
2120,SKU-02120,Dairy,Yogurt,NovaFresh,9.17
2121,SKU-02121,Frozen,Dessert,Sunrise,28.48
2122,SKU-02122,Grocery,Oil,Sunrise,32.01
2123,SKU-02123,PersonalCare,Toothpaste,AlphaFoods,29.57
2124,SKU-02124,Snacks,Nuts,PureLife,26.09
2125,SKU-02125,Dairy,Milk,Sunrise,9.98
2126,SKU-02126,Beverage,Water,NovaFresh,23.52
2127,SKU-02127,Grocery,Pasta,AlphaFoods,21.39
2128,SKU-02128,Frozen,Pizza,AlphaFoods,29.48
2129,SKU-02129,Beverage,Water,NovaFresh,13.42
2130,SKU-02130,Grocery,Oil,AlphaFoods,22.92
2131,SKU-02131,Snacks,Biscuits,NovaFresh,35.73
2132,SKU-02132,Frozen,Pizza,UrbanTaste,21.37
2133,SKU-02133,Snacks,Nuts,AlphaFoods,19.44
2134,SKU-02134,Grocery,Oil,AlphaFoods,27.76
2135,SKU-02135,Beverage,Soda,PureLife,30.47
2136,SKU-02136,Dairy,Milk,PureLife,12.86
2137,SKU-02137,Snacks,Nuts,NovaFresh,1.43
2138,SKU-02138,Snacks,Nuts,AlphaFoods,5.04
2139,SKU-02139,Frozen,Dessert,AlphaFoods,7.45
2140,SKU-02140,Beverage,Soda,PureLife,32.48
2141,SKU-02141,Dairy,Cheese,NovaFresh,2.02
2142,SKU-02142,Dairy,Milk,GreenLine,9.54
2143,SKU-02143,PersonalCare,Toothpaste,PureLife,10.54
2144,SKU-02144,Snacks,Biscuits,AlphaFoods,27.56
2145,SKU-02145,Dairy,Milk,AlphaFoods,26.46
2146,SKU-02146,Grocery,Rice,PureLife,1.41
2147,SKU-02147,Beverage,Water,Sunrise,23.42
2148,SKU-02148,Dairy,Yogurt,AlphaFoods,13.38
2149,SKU-02149,Snacks,Chips,PureLife,2.6
2150,SKU-02150,Grocery,Rice,NovaFresh,24.78
2151,SKU-02151,Frozen,Pizza,AlphaFoods,27.37
2152,SKU-02152,PersonalCare,Shampoo,NovaFresh,18.26
2153,SKU-02153,PersonalCare,Soap,GreenLine,25.14
2154,SKU-02154,Beverage,Juice,NovaFresh,7.79
2155,SKU-02155,Snacks,Chips,AlphaFoods,22.53
2156,SKU-02156,PersonalCare,Toothpaste,UrbanTaste,36.97
2157,SKU-02157,Dairy,Yogurt,PureLife,28.88
2158,SKU-02158,Dairy,Yogurt,Sunrise,6.84
2159,SKU-02159,Frozen,Pizza,UrbanTaste,2.8
2160,SKU-02160,Snacks,Nuts,GreenLine,27.51
2161,SKU-02161,Snacks,Nuts,GreenLine,35.85
2162,SKU-02162,Snacks,Chips,Sunrise,3.74
2163,SKU-02163,Frozen,Veg,Sunrise,30.55
2164,SKU-02164,Dairy,Milk,Sunrise,27.59
2165,SKU-02165,Frozen,Dessert,UrbanTaste,30.07
2166,SKU-02166,Grocery,Rice,GreenLine,36.05
2167,SKU-02167,Frozen,Dessert,Sunrise,35.28
2168,SKU-02168,PersonalCare,Shampoo,AlphaFoods,9.05
2169,SKU-02169,Snacks,Chips,PureLife,27.29
2170,SKU-02170,Beverage,Water,GreenLine,12.46
2171,SKU-02171,Frozen,Veg,PureLife,13.84
2172,SKU-02172,Snacks,Chips,PureLife,11.66
2173,SKU-02173,Snacks,Biscuits,GreenLine,18.23
2174,SKU-02174,PersonalCare,Toothpaste,Sunrise,39.42
2175,SKU-02175,Snacks,Chips,PureLife,7.95
2176,SKU-02176,PersonalCare,Toothpaste,Sunrise,27.07
2177,SKU-02177,Frozen,Pizza,PureLife,21.29
2178,SKU-02178,Beverage,Water,GreenLine,37.18
2179,SKU-02179,PersonalCare,Shampoo,NovaFresh,24.14
2180,SKU-02180,Grocery,Pasta,PureLife,19.23
2181,SKU-02181,Beverage,Soda,UrbanTaste,34.74
2182,SKU-02182,Snacks,Biscuits,PureLife,29.0
2183,SKU-02183,Grocery,Pasta,UrbanTaste,10.5
2184,SKU-02184,Snacks,Chips,AlphaFoods,35.98
2185,SKU-02185,Snacks,Nuts,Sunrise,35.05
2186,SKU-02186,Grocery,Rice,NovaFresh,24.22
2187,SKU-02187,Beverage,Water,PureLife,35.54
2188,SKU-02188,Dairy,Yogurt,AlphaFoods,20.39
2189,SKU-02189,Dairy,Milk,Sunrise,15.46
2190,SKU-02190,Grocery,Oil,NovaFresh,38.64
2191,SKU-02191,Grocery,Rice,PureLife,30.93
2192,SKU-02192,Dairy,Cheese,NovaFresh,26.8
2193,SKU-02193,Frozen,Dessert,Sunrise,14.13
2194,SKU-02194,PersonalCare,Soap,GreenLine,17.78
2195,SKU-02195,Grocery,Rice,UrbanTaste,8.49
2196,SKU-02196,Grocery,Oil,GreenLine,1.43
2197,SKU-02197,PersonalCare,Shampoo,GreenLine,14.57
2198,SKU-02198,Grocery,Pasta,AlphaFoods,24.7
2199,SKU-02199,Frozen,Pizza,UrbanTaste,23.42
2200,SKU-02200,Frozen,Veg,PureLife,12.18
2201,SKU-02201,Beverage,Soda,PureLife,9.42
2202,SKU-02202,Snacks,Chips,Sunrise,29.8
2203,SKU-02203,Snacks,Biscuits,Sunrise,13.58
2204,SKU-02204,Dairy,Yogurt,Sunrise,15.85
2205,SKU-02205,Snacks,Biscuits,AlphaFoods,23.08
2206,SKU-02206,Frozen,Pizza,PureLife,23.32
2207,SKU-02207,Frozen,Veg,NovaFresh,9.71
2208,SKU-02208,Grocery,Pasta,Sunrise,11.27
2209,SKU-02209,Grocery,Rice,GreenLine,39.74
2210,SKU-02210,Beverage,Juice,NovaFresh,19.35
2211,SKU-02211,Beverage,Soda,UrbanTaste,20.85
2212,SKU-02212,Frozen,Pizza,UrbanTaste,24.53
2213,SKU-02213,Beverage,Soda,GreenLine,16.0
2214,SKU-02214,Grocery,Pasta,GreenLine,1.68
2215,SKU-02215,Beverage,Water,UrbanTaste,27.51
2216,SKU-02216,Grocery,Oil,UrbanTaste,31.83
2217,SKU-02217,Frozen,Veg,Sunrise,5.87
2218,SKU-02218,Frozen,Pizza,PureLife,5.07
2219,SKU-02219,PersonalCare,Toothpaste,NovaFresh,21.4
2220,SKU-02220,Snacks,Chips,UrbanTaste,3.15
2221,SKU-02221,Grocery,Oil,NovaFresh,33.07
2222,SKU-02222,Dairy,Yogurt,UrbanTaste,14.58
2223,SKU-02223,Grocery,Rice,GreenLine,1.98
2224,SKU-02224,PersonalCare,Toothpaste,UrbanTaste,39.69
2225,SKU-02225,Frozen,Pizza,AlphaFoods,10.75
2226,SKU-02226,PersonalCare,Toothpaste,AlphaFoods,12.0
2227,SKU-02227,Snacks,Nuts,AlphaFoods,22.42
2228,SKU-02228,PersonalCare,Soap,UrbanTaste,28.85
2229,SKU-02229,Beverage,Water,NovaFresh,9.35
2230,SKU-02230,Dairy,Cheese,AlphaFoods,27.58
2231,SKU-02231,Frozen,Dessert,UrbanTaste,9.07
2232,SKU-02232,Dairy,Milk,AlphaFoods,38.27
2233,SKU-02233,Dairy,Yogurt,GreenLine,38.77
2234,SKU-02234,Dairy,Cheese,AlphaFoods,17.33
2235,SKU-02235,Snacks,Chips,Sunrise,1.8
2236,SKU-02236,PersonalCare,Shampoo,PureLife,27.38
2237,SKU-02237,Frozen,Dessert,UrbanTaste,20.01
2238,SKU-02238,Beverage,Soda,PureLife,16.52
2239,SKU-02239,Dairy,Cheese,AlphaFoods,18.03
2240,SKU-02240,Snacks,Chips,UrbanTaste,13.65
2241,SKU-02241,Beverage,Soda,NovaFresh,11.46
2242,SKU-02242,PersonalCare,Soap,NovaFresh,38.12
2243,SKU-02243,PersonalCare,Shampoo,Sunrise,2.43
2244,SKU-02244,Snacks,Chips,GreenLine,32.92
2245,SKU-02245,Grocery,Pasta,AlphaFoods,13.37
2246,SKU-02246,Frozen,Pizza,UrbanTaste,21.75
2247,SKU-02247,Frozen,Pizza,GreenLine,26.7
2248,SKU-02248,Snacks,Biscuits,Sunrise,16.25
2249,SKU-02249,Snacks,Chips,NovaFresh,15.34
2250,SKU-02250,Frozen,Veg,AlphaFoods,16.1
2251,SKU-02251,PersonalCare,Soap,GreenLine,23.81
2252,SKU-02252,Grocery,Rice,UrbanTaste,21.68
2253,SKU-02253,Frozen,Veg,Sunrise,39.35
2254,SKU-02254,Grocery,Pasta,NovaFresh,31.24
2255,SKU-02255,Beverage,Juice,UrbanTaste,25.51
2256,SKU-02256,Snacks,Biscuits,Sunrise,10.87
2257,SKU-02257,Beverage,Water,UrbanTaste,20.4
2258,SKU-02258,Beverage,Soda,PureLife,39.32
2259,SKU-02259,Beverage,Juice,UrbanTaste,6.83
2260,SKU-02260,Dairy,Milk,GreenLine,14.86
2261,SKU-02261,Frozen,Pizza,NovaFresh,2.57
2262,SKU-02262,Frozen,Dessert,PureLife,28.07
2263,SKU-02263,PersonalCare,Soap,PureLife,34.52
2264,SKU-02264,PersonalCare,Shampoo,UrbanTaste,27.45
2265,SKU-02265,Beverage,Water,NovaFresh,27.71
2266,SKU-02266,Snacks,Nuts,Sunrise,36.67
2267,SKU-02267,Beverage,Juice,AlphaFoods,3.38
2268,SKU-02268,Dairy,Milk,PureLife,3.52
2269,SKU-02269,Dairy,Yogurt,AlphaFoods,38.21
2270,SKU-02270,Dairy,Cheese,GreenLine,25.23
2271,SKU-02271,Frozen,Dessert,NovaFresh,4.16
2272,SKU-02272,Dairy,Yogurt,UrbanTaste,14.64
2273,SKU-02273,Frozen,Pizza,GreenLine,1.46
2274,SKU-02274,PersonalCare,Soap,UrbanTaste,17.1
2275,SKU-02275,Snacks,Chips,Sunrise,21.63
2276,SKU-02276,Frozen,Pizza,UrbanTaste,26.4
2277,SKU-02277,Snacks,Chips,PureLife,13.85
2278,SKU-02278,Grocery,Pasta,Sunrise,33.27
2279,SKU-02279,Snacks,Nuts,NovaFresh,19.28
2280,SKU-02280,Beverage,Soda,NovaFresh,23.12
2281,SKU-02281,Snacks,Nuts,NovaFresh,9.75
2282,SKU-02282,Beverage,Water,GreenLine,32.44
2283,SKU-02283,Snacks,Biscuits,PureLife,27.95
2284,SKU-02284,PersonalCare,Shampoo,GreenLine,14.06
2285,SKU-02285,Beverage,Soda,Sunrise,14.64
2286,SKU-02286,Snacks,Chips,PureLife,15.16
2287,SKU-02287,PersonalCare,Shampoo,NovaFresh,28.73
2288,SKU-02288,Beverage,Soda,NovaFresh,33.26
2289,SKU-02289,Snacks,Nuts,NovaFresh,10.0
2290,SKU-02290,PersonalCare,Toothpaste,PureLife,26.51
2291,SKU-02291,Beverage,Water,GreenLine,16.62
2292,SKU-02292,Frozen,Pizza,GreenLine,33.01
2293,SKU-02293,Frozen,Dessert,UrbanTaste,12.01
2294,SKU-02294,Frozen,Veg,AlphaFoods,17.75
2295,SKU-02295,Frozen,Dessert,AlphaFoods,17.09
2296,SKU-02296,Snacks,Nuts,NovaFresh,12.23
2297,SKU-02297,Grocery,Rice,Sunrise,33.68
2298,SKU-02298,Snacks,Nuts,GreenLine,3.93
2299,SKU-02299,Snacks,Biscuits,Sunrise,14.31
2300,SKU-02300,Frozen,Veg,Sunrise,27.63
2301,SKU-02301,Frozen,Dessert,UrbanTaste,35.27
2302,SKU-02302,Frozen,Dessert,GreenLine,30.62
2303,SKU-02303,Snacks,Nuts,AlphaFoods,21.08
2304,SKU-02304,Dairy,Cheese,Sunrise,33.56
2305,SKU-02305,Beverage,Juice,UrbanTaste,13.45
2306,SKU-02306,Snacks,Chips,AlphaFoods,26.76
2307,SKU-02307,Grocery,Pasta,GreenLine,17.84
2308,SKU-02308,Beverage,Water,Sunrise,5.8
2309,SKU-02309,Snacks,Chips,Sunrise,23.05
2310,SKU-02310,Frozen,Dessert,GreenLine,28.06
2311,SKU-02311,Frozen,Pizza,PureLife,37.02
2312,SKU-02312,Frozen,Dessert,GreenLine,23.23
2313,SKU-02313,PersonalCare,Soap,AlphaFoods,1.32
2314,SKU-02314,Frozen,Pizza,PureLife,12.27
2315,SKU-02315,PersonalCare,Toothpaste,NovaFresh,31.36
2316,SKU-02316,Snacks,Nuts,NovaFresh,7.37
2317,SKU-02317,Frozen,Pizza,UrbanTaste,32.02
2318,SKU-02318,Beverage,Soda,PureLife,18.21
2319,SKU-02319,Grocery,Rice,NovaFresh,28.73
2320,SKU-02320,Dairy,Milk,UrbanTaste,6.51
2321,SKU-02321,Frozen,Veg,UrbanTaste,29.92
2322,SKU-02322,Frozen,Veg,Sunrise,3.62
2323,SKU-02323,Grocery,Oil,Sunrise,11.95
2324,SKU-02324,Grocery,Rice,AlphaFoods,23.22
2325,SKU-02325,PersonalCare,Toothpaste,PureLife,4.59
2326,SKU-02326,Snacks,Chips,UrbanTaste,27.18
2327,SKU-02327,Snacks,Chips,PureLife,12.94
2328,SKU-02328,Beverage,Soda,NovaFresh,19.1
2329,SKU-02329,Frozen,Veg,GreenLine,18.23
2330,SKU-02330,Beverage,Soda,AlphaFoods,14.95
2331,SKU-02331,PersonalCare,Shampoo,UrbanTaste,7.26
2332,SKU-02332,PersonalCare,Toothpaste,UrbanTaste,3.84
2333,SKU-02333,Dairy,Cheese,NovaFresh,10.52
2334,SKU-02334,Beverage,Soda,GreenLine,13.75
2335,SKU-02335,Frozen,Veg,GreenLine,30.09
2336,SKU-02336,Grocery,Pasta,UrbanTaste,39.11
2337,SKU-02337,Beverage,Water,AlphaFoods,33.11
2338,SKU-02338,Grocery,Rice,Sunrise,8.43
2339,SKU-02339,PersonalCare,Toothpaste,NovaFresh,31.44
2340,SKU-02340,Grocery,Oil,NovaFresh,37.07
2341,SKU-02341,Grocery,Oil,UrbanTaste,30.9
2342,SKU-02342,Beverage,Water,GreenLine,7.44
2343,SKU-02343,Grocery,Rice,NovaFresh,36.32
2344,SKU-02344,Frozen,Pizza,UrbanTaste,26.32
2345,SKU-02345,Grocery,Rice,GreenLine,37.58
2346,SKU-02346,Snacks,Chips,NovaFresh,29.22
2347,SKU-02347,Dairy,Cheese,GreenLine,26.43
2348,SKU-02348,Frozen,Veg,UrbanTaste,20.78
2349,SKU-02349,Frozen,Veg,GreenLine,27.52
2350,SKU-02350,Beverage,Soda,AlphaFoods,17.25
2351,SKU-02351,Snacks,Chips,GreenLine,27.36
2352,SKU-02352,Grocery,Oil,AlphaFoods,14.43
2353,SKU-02353,PersonalCare,Soap,AlphaFoods,35.94
2354,SKU-02354,PersonalCare,Soap,Sunrise,13.87
2355,SKU-02355,PersonalCare,Soap,NovaFresh,12.84
2356,SKU-02356,PersonalCare,Soap,GreenLine,1.45
2357,SKU-02357,Grocery,Oil,PureLife,1.58
2358,SKU-02358,Dairy,Yogurt,UrbanTaste,23.09
2359,SKU-02359,Dairy,Yogurt,AlphaFoods,33.51
2360,SKU-02360,Frozen,Veg,Sunrise,24.99
2361,SKU-02361,Grocery,Pasta,PureLife,35.36
2362,SKU-02362,Frozen,Veg,PureLife,16.55
2363,SKU-02363,Beverage,Water,GreenLine,34.74
2364,SKU-02364,PersonalCare,Shampoo,UrbanTaste,34.58
2365,SKU-02365,Frozen,Pizza,PureLife,22.09
2366,SKU-02366,PersonalCare,Toothpaste,Sunrise,2.23
2367,SKU-02367,Grocery,Rice,PureLife,14.86
2368,SKU-02368,Snacks,Biscuits,UrbanTaste,8.13
2369,SKU-02369,Snacks,Biscuits,PureLife,8.34
2370,SKU-02370,Snacks,Biscuits,Sunrise,3.83
2371,SKU-02371,Snacks,Nuts,Sunrise,37.56
2372,SKU-02372,PersonalCare,Shampoo,UrbanTaste,36.16
2373,SKU-02373,Grocery,Rice,PureLife,29.85
2374,SKU-02374,PersonalCare,Toothpaste,GreenLine,31.23
2375,SKU-02375,PersonalCare,Shampoo,PureLife,2.65
2376,SKU-02376,Frozen,Veg,UrbanTaste,10.03
2377,SKU-02377,Beverage,Water,AlphaFoods,19.28
2378,SKU-02378,Frozen,Dessert,UrbanTaste,18.13
2379,SKU-02379,Frozen,Dessert,UrbanTaste,39.31
2380,SKU-02380,Beverage,Soda,NovaFresh,7.16
2381,SKU-02381,Grocery,Rice,AlphaFoods,3.2
2382,SKU-02382,Dairy,Yogurt,UrbanTaste,34.44
2383,SKU-02383,Snacks,Biscuits,NovaFresh,18.5
2384,SKU-02384,Frozen,Pizza,UrbanTaste,3.7
2385,SKU-02385,Dairy,Milk,AlphaFoods,31.39
2386,SKU-02386,Grocery,Oil,AlphaFoods,13.97
2387,SKU-02387,Dairy,Milk,AlphaFoods,29.55
2388,SKU-02388,Grocery,Rice,GreenLine,27.47
2389,SKU-02389,PersonalCare,Shampoo,AlphaFoods,13.57
2390,SKU-02390,Dairy,Yogurt,NovaFresh,27.82
2391,SKU-02391,PersonalCare,Shampoo,GreenLine,16.63
2392,SKU-02392,Beverage,Water,PureLife,34.11
2393,SKU-02393,Frozen,Dessert,Sunrise,34.99
2394,SKU-02394,Grocery,Pasta,GreenLine,34.52
2395,SKU-02395,Frozen,Dessert,UrbanTaste,33.94
2396,SKU-02396,Beverage,Water,PureLife,0.81
2397,SKU-02397,Dairy,Milk,AlphaFoods,0.77
2398,SKU-02398,Dairy,Milk,GreenLine,1.68
2399,SKU-02399,Beverage,Soda,Sunrise,29.7
2400,SKU-02400,PersonalCare,Soap,Sunrise,12.18
2401,SKU-02401,Grocery,Oil,UrbanTaste,24.06
2402,SKU-02402,Snacks,Nuts,UrbanTaste,32.38
2403,SKU-02403,Frozen,Dessert,NovaFresh,24.3
2404,SKU-02404,Snacks,Biscuits,Sunrise,33.0
2405,SKU-02405,Beverage,Water,Sunrise,7.25
2406,SKU-02406,Dairy,Milk,NovaFresh,10.11
2407,SKU-02407,Frozen,Veg,Sunrise,30.81
2408,SKU-02408,Snacks,Chips,UrbanTaste,16.47
2409,SKU-02409,Snacks,Biscuits,PureLife,20.42
2410,SKU-02410,Snacks,Nuts,GreenLine,6.59
2411,SKU-02411,Grocery,Pasta,UrbanTaste,31.43
2412,SKU-02412,Beverage,Water,GreenLine,31.15
2413,SKU-02413,Beverage,Soda,GreenLine,21.93
2414,SKU-02414,Dairy,Milk,PureLife,8.52
2415,SKU-02415,Dairy,Cheese,GreenLine,23.54
2416,SKU-02416,PersonalCare,Toothpaste,PureLife,21.2
2417,SKU-02417,Beverage,Juice,GreenLine,18.74
2418,SKU-02418,Beverage,Water,UrbanTaste,4.1
2419,SKU-02419,Dairy,Milk,GreenLine,9.48
2420,SKU-02420,Snacks,Biscuits,UrbanTaste,10.38
2421,SKU-02421,Snacks,Chips,AlphaFoods,22.09
2422,SKU-02422,Frozen,Pizza,PureLife,31.07
2423,SKU-02423,Grocery,Pasta,AlphaFoods,30.95
2424,SKU-02424,PersonalCare,Toothpaste,NovaFresh,8.59
2425,SKU-02425,PersonalCare,Shampoo,UrbanTaste,9.4
2426,SKU-02426,Grocery,Oil,AlphaFoods,24.61
2427,SKU-02427,Frozen,Dessert,NovaFresh,38.08
2428,SKU-02428,PersonalCare,Soap,PureLife,16.47
2429,SKU-02429,PersonalCare,Shampoo,Sunrise,15.53
2430,SKU-02430,Grocery,Rice,PureLife,23.56
2431,SKU-02431,Frozen,Pizza,AlphaFoods,31.55
2432,SKU-02432,Dairy,Cheese,Sunrise,23.78
2433,SKU-02433,Frozen,Dessert,PureLife,26.58
2434,SKU-02434,Dairy,Milk,Sunrise,38.46
2435,SKU-02435,Beverage,Juice,PureLife,34.08
2436,SKU-02436,Beverage,Soda,UrbanTaste,3.76
2437,SKU-02437,Frozen,Dessert,AlphaFoods,4.72
2438,SKU-02438,PersonalCare,Soap,UrbanTaste,11.0
2439,SKU-02439,Frozen,Veg,PureLife,13.72
2440,SKU-02440,PersonalCare,Shampoo,AlphaFoods,34.94
2441,SKU-02441,Beverage,Water,AlphaFoods,9.26
2442,SKU-02442,Snacks,Nuts,Sunrise,25.34
2443,SKU-02443,Snacks,Chips,AlphaFoods,4.05
2444,SKU-02444,Frozen,Veg,UrbanTaste,23.79
2445,SKU-02445,Frozen,Dessert,NovaFresh,23.21
2446,SKU-02446,Dairy,Cheese,PureLife,34.44
2447,SKU-02447,PersonalCare,Soap,PureLife,19.51
2448,SKU-02448,Beverage,Juice,Sunrise,31.91
2449,SKU-02449,Grocery,Rice,GreenLine,12.49
2450,SKU-02450,Beverage,Water,PureLife,14.41
2451,SKU-02451,Grocery,Pasta,PureLife,0.81
2452,SKU-02452,Frozen,Dessert,Sunrise,32.9
2453,SKU-02453,Grocery,Oil,PureLife,18.28
2454,SKU-02454,Snacks,Nuts,GreenLine,5.36
2455,SKU-02455,Grocery,Oil,AlphaFoods,30.65
2456,SKU-02456,Grocery,Rice,GreenLine,32.8
2457,SKU-02457,Snacks,Chips,NovaFresh,6.38
2458,SKU-02458,Grocery,Oil,Sunrise,33.29
2459,SKU-02459,Grocery,Rice,AlphaFoods,27.92
2460,SKU-02460,Snacks,Biscuits,NovaFresh,0.5
2461,SKU-02461,Beverage,Soda,GreenLine,16.01
2462,SKU-02462,Frozen,Dessert,PureLife,26.3
2463,SKU-02463,PersonalCare,Toothpaste,PureLife,25.3
2464,SKU-02464,Dairy,Yogurt,PureLife,10.69
2465,SKU-02465,PersonalCare,Shampoo,Sunrise,19.01
2466,SKU-02466,Grocery,Oil,NovaFresh,29.27
2467,SKU-02467,Snacks,Chips,PureLife,25.05
2468,SKU-02468,Frozen,Veg,Sunrise,2.91
2469,SKU-02469,Dairy,Cheese,GreenLine,28.61
2470,SKU-02470,PersonalCare,Toothpaste,PureLife,18.94
2471,SKU-02471,Frozen,Veg,UrbanTaste,29.34
2472,SKU-02472,Dairy,Yogurt,UrbanTaste,33.81
2473,SKU-02473,Snacks,Nuts,NovaFresh,23.85
2474,SKU-02474,Grocery,Oil,AlphaFoods,35.61
2475,SKU-02475,Frozen,Pizza,PureLife,30.48
2476,SKU-02476,Frozen,Dessert,Sunrise,20.47
2477,SKU-02477,PersonalCare,Shampoo,Sunrise,30.25
2478,SKU-02478,Dairy,Milk,GreenLine,17.24
2479,SKU-02479,Snacks,Chips,NovaFresh,31.32
2480,SKU-02480,Grocery,Oil,NovaFresh,16.16
2481,SKU-02481,Snacks,Chips,Sunrise,25.29
2482,SKU-02482,PersonalCare,Shampoo,Sunrise,16.64
2483,SKU-02483,Frozen,Dessert,GreenLine,0.86
2484,SKU-02484,Frozen,Pizza,Sunrise,8.05
2485,SKU-02485,PersonalCare,Soap,Sunrise,2.06
2486,SKU-02486,Frozen,Dessert,UrbanTaste,11.03
2487,SKU-02487,Beverage,Juice,AlphaFoods,33.92
2488,SKU-02488,Beverage,Juice,AlphaFoods,24.11
2489,SKU-02489,PersonalCare,Soap,UrbanTaste,30.32
2490,SKU-02490,Frozen,Veg,Sunrise,9.45
2491,SKU-02491,Snacks,Nuts,UrbanTaste,25.3
2492,SKU-02492,Beverage,Juice,NovaFresh,23.69
2493,SKU-02493,Beverage,Water,PureLife,23.7
2494,SKU-02494,Frozen,Pizza,PureLife,36.69
2495,SKU-02495,PersonalCare,Soap,UrbanTaste,37.53
2496,SKU-02496,Beverage,Soda,AlphaFoods,6.04
2497,SKU-02497,Dairy,Cheese,AlphaFoods,28.01
2498,SKU-02498,Frozen,Pizza,NovaFresh,15.25
2499,SKU-02499,PersonalCare,Toothpaste,AlphaFoods,34.22
2500,SKU-02500,Frozen,Dessert,PureLife,11.69
2501,SKU-02501,Dairy,Milk,PureLife,34.35
2502,SKU-02502,Grocery,Rice,AlphaFoods,22.73
2503,SKU-02503,Snacks,Biscuits,AlphaFoods,13.45
2504,SKU-02504,Beverage,Soda,PureLife,27.32
2505,SKU-02505,Beverage,Soda,GreenLine,39.82
2506,SKU-02506,Grocery,Rice,UrbanTaste,3.28
2507,SKU-02507,Grocery,Oil,AlphaFoods,16.95
2508,SKU-02508,Frozen,Dessert,UrbanTaste,5.61
2509,SKU-02509,Beverage,Water,GreenLine,38.06
2510,SKU-02510,Grocery,Pasta,GreenLine,26.62
2511,SKU-02511,Grocery,Pasta,PureLife,11.55
2512,SKU-02512,PersonalCare,Toothpaste,AlphaFoods,13.22
2513,SKU-02513,Dairy,Milk,UrbanTaste,36.91
2514,SKU-02514,Beverage,Juice,UrbanTaste,0.64
2515,SKU-02515,Grocery,Oil,GreenLine,20.77
2516,SKU-02516,Grocery,Rice,Sunrise,30.55
2517,SKU-02517,Beverage,Juice,UrbanTaste,31.29
2518,SKU-02518,Dairy,Milk,AlphaFoods,6.89
2519,SKU-02519,Beverage,Water,UrbanTaste,30.66
2520,SKU-02520,Dairy,Milk,UrbanTaste,36.55
2521,SKU-02521,PersonalCare,Toothpaste,PureLife,2.62
2522,SKU-02522,Dairy,Milk,NovaFresh,9.6
2523,SKU-02523,Beverage,Water,NovaFresh,21.37
2524,SKU-02524,PersonalCare,Soap,Sunrise,19.27
2525,SKU-02525,Beverage,Soda,UrbanTaste,2.61
2526,SKU-02526,PersonalCare,Shampoo,Sunrise,23.65
2527,SKU-02527,Snacks,Nuts,AlphaFoods,34.65
2528,SKU-02528,Grocery,Pasta,Sunrise,23.15
2529,SKU-02529,Dairy,Yogurt,Sunrise,15.3
2530,SKU-02530,Grocery,Oil,UrbanTaste,1.81
2531,SKU-02531,Beverage,Soda,GreenLine,30.9
2532,SKU-02532,Grocery,Pasta,UrbanTaste,31.34
2533,SKU-02533,Dairy,Yogurt,Sunrise,37.79
2534,SKU-02534,PersonalCare,Soap,PureLife,25.19
2535,SKU-02535,Beverage,Juice,PureLife,24.39
2536,SKU-02536,Beverage,Soda,AlphaFoods,22.5
2537,SKU-02537,Snacks,Nuts,Sunrise,30.98
2538,SKU-02538,Grocery,Rice,AlphaFoods,35.35
2539,SKU-02539,PersonalCare,Soap,NovaFresh,3.77
2540,SKU-02540,Dairy,Yogurt,AlphaFoods,13.66
2541,SKU-02541,Frozen,Dessert,UrbanTaste,14.28
2542,SKU-02542,Grocery,Pasta,GreenLine,22.41
2543,SKU-02543,Grocery,Pasta,Sunrise,26.11
2544,SKU-02544,PersonalCare,Soap,AlphaFoods,11.31
2545,SKU-02545,Dairy,Cheese,Sunrise,26.95
2546,SKU-02546,Frozen,Veg,GreenLine,2.0
2547,SKU-02547,Snacks,Chips,AlphaFoods,14.76
2548,SKU-02548,Snacks,Chips,UrbanTaste,21.55
2549,SKU-02549,Grocery,Pasta,AlphaFoods,36.74
2550,SKU-02550,Frozen,Veg,AlphaFoods,9.81
2551,SKU-02551,Frozen,Veg,UrbanTaste,8.22
2552,SKU-02552,Grocery,Rice,NovaFresh,14.52
2553,SKU-02553,PersonalCare,Soap,AlphaFoods,23.44
2554,SKU-02554,Frozen,Veg,UrbanTaste,10.23
2555,SKU-02555,Beverage,Juice,GreenLine,27.34
2556,SKU-02556,Frozen,Pizza,Sunrise,21.87
2557,SKU-02557,Dairy,Milk,AlphaFoods,20.39
2558,SKU-02558,Frozen,Veg,Sunrise,26.58
2559,SKU-02559,Beverage,Water,AlphaFoods,18.53
2560,SKU-02560,Grocery,Rice,Sunrise,3.93
2561,SKU-02561,Grocery,Pasta,AlphaFoods,13.0
2562,SKU-02562,PersonalCare,Toothpaste,Sunrise,34.99
2563,SKU-02563,Snacks,Chips,NovaFresh,16.35
2564,SKU-02564,Dairy,Yogurt,AlphaFoods,8.17
2565,SKU-02565,Snacks,Chips,UrbanTaste,31.22
2566,SKU-02566,Snacks,Nuts,PureLife,15.61
2567,SKU-02567,Dairy,Cheese,PureLife,25.01
2568,SKU-02568,PersonalCare,Shampoo,AlphaFoods,14.01
2569,SKU-02569,Dairy,Yogurt,Sunrise,10.57
2570,SKU-02570,Snacks,Chips,AlphaFoods,32.64
2571,SKU-02571,Grocery,Pasta,PureLife,13.81
2572,SKU-02572,Dairy,Cheese,PureLife,31.19
2573,SKU-02573,Snacks,Chips,GreenLine,6.56
2574,SKU-02574,Snacks,Chips,GreenLine,8.46
2575,SKU-02575,Snacks,Nuts,UrbanTaste,12.95
2576,SKU-02576,Snacks,Biscuits,Sunrise,29.19
2577,SKU-02577,Dairy,Milk,UrbanTaste,35.06
2578,SKU-02578,Beverage,Juice,AlphaFoods,24.75
2579,SKU-02579,Snacks,Nuts,Sunrise,14.57
2580,SKU-02580,PersonalCare,Toothpaste,NovaFresh,39.24
2581,SKU-02581,Frozen,Dessert,AlphaFoods,33.52
2582,SKU-02582,PersonalCare,Soap,GreenLine,37.02
2583,SKU-02583,Frozen,Pizza,NovaFresh,35.2
2584,SKU-02584,Beverage,Juice,NovaFresh,7.53
2585,SKU-02585,Snacks,Biscuits,NovaFresh,24.85
2586,SKU-02586,Frozen,Pizza,NovaFresh,30.33
2587,SKU-02587,Frozen,Veg,PureLife,21.36
2588,SKU-02588,Grocery,Rice,UrbanTaste,30.28
2589,SKU-02589,Beverage,Water,NovaFresh,29.25
2590,SKU-02590,Dairy,Cheese,NovaFresh,17.99
2591,SKU-02591,Beverage,Soda,AlphaFoods,6.0
2592,SKU-02592,Snacks,Chips,UrbanTaste,3.01
2593,SKU-02593,Beverage,Soda,AlphaFoods,5.0
2594,SKU-02594,Beverage,Water,AlphaFoods,39.54
2595,SKU-02595,Beverage,Juice,UrbanTaste,39.45
2596,SKU-02596,PersonalCare,Shampoo,GreenLine,29.96
2597,SKU-02597,Beverage,Water,PureLife,4.32
2598,SKU-02598,Snacks,Chips,UrbanTaste,30.73
2599,SKU-02599,Grocery,Pasta,UrbanTaste,27.9
2600,SKU-02600,Beverage,Water,PureLife,17.15
2601,SKU-02601,Dairy,Cheese,AlphaFoods,39.38
2602,SKU-02602,Frozen,Pizza,UrbanTaste,5.05
2603,SKU-02603,PersonalCare,Toothpaste,UrbanTaste,18.0
2604,SKU-02604,Snacks,Chips,GreenLine,37.42
2605,SKU-02605,Dairy,Yogurt,AlphaFoods,3.75
2606,SKU-02606,Dairy,Milk,NovaFresh,38.52
2607,SKU-02607,Grocery,Rice,Sunrise,16.37
2608,SKU-02608,Dairy,Yogurt,GreenLine,23.46
2609,SKU-02609,Dairy,Cheese,PureLife,31.54
2610,SKU-02610,Beverage,Juice,NovaFresh,31.93
2611,SKU-02611,Dairy,Cheese,PureLife,16.05
2612,SKU-02612,Frozen,Dessert,AlphaFoods,38.94
2613,SKU-02613,Beverage,Soda,AlphaFoods,22.34
2614,SKU-02614,Beverage,Juice,Sunrise,2.23
2615,SKU-02615,Frozen,Pizza,AlphaFoods,35.58
2616,SKU-02616,Grocery,Oil,Sunrise,9.38
2617,SKU-02617,Frozen,Veg,NovaFresh,37.46
2618,SKU-02618,Frozen,Dessert,GreenLine,11.8
2619,SKU-02619,Beverage,Juice,GreenLine,29.03
2620,SKU-02620,Grocery,Rice,PureLife,8.4
2621,SKU-02621,PersonalCare,Soap,NovaFresh,20.76
2622,SKU-02622,Frozen,Dessert,GreenLine,19.29
2623,SKU-02623,Dairy,Yogurt,AlphaFoods,22.93
2624,SKU-02624,PersonalCare,Soap,Sunrise,32.26
2625,SKU-02625,Dairy,Cheese,NovaFresh,11.93
2626,SKU-02626,Frozen,Veg,NovaFresh,8.18
2627,SKU-02627,PersonalCare,Soap,NovaFresh,28.6
2628,SKU-02628,Dairy,Milk,GreenLine,14.96
2629,SKU-02629,Beverage,Water,PureLife,15.45
2630,SKU-02630,Frozen,Dessert,Sunrise,14.67
2631,SKU-02631,Snacks,Chips,PureLife,18.44
2632,SKU-02632,Beverage,Soda,PureLife,27.0
2633,SKU-02633,Frozen,Dessert,NovaFresh,14.78
2634,SKU-02634,Grocery,Rice,NovaFresh,24.09
2635,SKU-02635,Grocery,Oil,AlphaFoods,13.68
2636,SKU-02636,PersonalCare,Toothpaste,Sunrise,9.0
2637,SKU-02637,PersonalCare,Soap,Sunrise,24.58
2638,SKU-02638,Grocery,Oil,GreenLine,30.58
2639,SKU-02639,Dairy,Milk,GreenLine,39.16
2640,SKU-02640,Dairy,Yogurt,PureLife,36.4
2641,SKU-02641,Snacks,Nuts,UrbanTaste,17.6
2642,SKU-02642,Dairy,Cheese,NovaFresh,31.53
2643,SKU-02643,Dairy,Milk,Sunrise,15.95
2644,SKU-02644,Grocery,Rice,GreenLine,10.78
2645,SKU-02645,Grocery,Pasta,Sunrise,15.69
2646,SKU-02646,Snacks,Nuts,UrbanTaste,14.48
2647,SKU-02647,PersonalCare,Soap,AlphaFoods,13.91
2648,SKU-02648,Grocery,Oil,GreenLine,10.97
2649,SKU-02649,Snacks,Nuts,AlphaFoods,34.56
2650,SKU-02650,Grocery,Pasta,NovaFresh,20.6
2651,SKU-02651,Frozen,Dessert,UrbanTaste,13.43
2652,SKU-02652,PersonalCare,Soap,GreenLine,32.69
2653,SKU-02653,Beverage,Water,UrbanTaste,20.24
2654,SKU-02654,Dairy,Yogurt,PureLife,26.07
2655,SKU-02655,Snacks,Biscuits,UrbanTaste,35.04
2656,SKU-02656,PersonalCare,Toothpaste,PureLife,32.48
2657,SKU-02657,Frozen,Dessert,UrbanTaste,5.82
2658,SKU-02658,Frozen,Pizza,AlphaFoods,20.25
2659,SKU-02659,Frozen,Veg,Sunrise,27.17
2660,SKU-02660,Beverage,Water,AlphaFoods,35.94
2661,SKU-02661,Grocery,Oil,PureLife,7.64
2662,SKU-02662,Snacks,Chips,UrbanTaste,32.9
2663,SKU-02663,Frozen,Dessert,GreenLine,11.58
2664,SKU-02664,Beverage,Juice,UrbanTaste,11.09
2665,SKU-02665,PersonalCare,Soap,UrbanTaste,27.23
2666,SKU-02666,Beverage,Water,Sunrise,6.2
2667,SKU-02667,PersonalCare,Shampoo,PureLife,3.43
2668,SKU-02668,Frozen,Pizza,GreenLine,12.45
2669,SKU-02669,Grocery,Oil,UrbanTaste,38.79
2670,SKU-02670,Beverage,Juice,UrbanTaste,26.49
2671,SKU-02671,Dairy,Cheese,GreenLine,37.16
2672,SKU-02672,Dairy,Cheese,PureLife,0.71
2673,SKU-02673,Snacks,Chips,NovaFresh,32.95
2674,SKU-02674,Dairy,Yogurt,PureLife,20.97
2675,SKU-02675,PersonalCare,Soap,Sunrise,20.64
2676,SKU-02676,PersonalCare,Toothpaste,GreenLine,27.62
2677,SKU-02677,Snacks,Nuts,UrbanTaste,39.29
2678,SKU-02678,Grocery,Rice,GreenLine,35.91
2679,SKU-02679,Snacks,Chips,UrbanTaste,29.71
2680,SKU-02680,Grocery,Pasta,AlphaFoods,37.33
2681,SKU-02681,PersonalCare,Toothpaste,UrbanTaste,11.82
2682,SKU-02682,Dairy,Yogurt,UrbanTaste,6.26
2683,SKU-02683,Grocery,Oil,PureLife,22.66
2684,SKU-02684,Frozen,Dessert,NovaFresh,7.77
2685,SKU-02685,Dairy,Yogurt,UrbanTaste,33.11
2686,SKU-02686,Beverage,Water,AlphaFoods,13.78
2687,SKU-02687,PersonalCare,Toothpaste,Sunrise,12.76
2688,SKU-02688,Frozen,Dessert,NovaFresh,7.18
2689,SKU-02689,Grocery,Pasta,PureLife,7.8
2690,SKU-02690,Beverage,Juice,UrbanTaste,37.12
2691,SKU-02691,Dairy,Cheese,Sunrise,23.8
2692,SKU-02692,PersonalCare,Soap,GreenLine,25.87
2693,SKU-02693,Snacks,Chips,GreenLine,17.92
2694,SKU-02694,Dairy,Yogurt,GreenLine,2.35
2695,SKU-02695,PersonalCare,Toothpaste,Sunrise,6.34
2696,SKU-02696,Beverage,Juice,PureLife,12.16
2697,SKU-02697,Dairy,Cheese,NovaFresh,14.41
2698,SKU-02698,Frozen,Dessert,UrbanTaste,21.93
2699,SKU-02699,PersonalCare,Shampoo,GreenLine,18.53
2700,SKU-02700,Grocery,Rice,NovaFresh,23.31
2701,SKU-02701,Dairy,Cheese,UrbanTaste,15.06
2702,SKU-02702,Frozen,Pizza,GreenLine,38.84
2703,SKU-02703,Beverage,Soda,GreenLine,8.45
2704,SKU-02704,PersonalCare,Toothpaste,PureLife,21.72
2705,SKU-02705,Frozen,Veg,AlphaFoods,39.61
2706,SKU-02706,Dairy,Yogurt,PureLife,22.28
2707,SKU-02707,PersonalCare,Toothpaste,Sunrise,4.56
2708,SKU-02708,Snacks,Chips,AlphaFoods,38.7
2709,SKU-02709,PersonalCare,Soap,AlphaFoods,24.95
2710,SKU-02710,Frozen,Veg,UrbanTaste,13.52
2711,SKU-02711,Snacks,Biscuits,AlphaFoods,8.65
2712,SKU-02712,Dairy,Cheese,UrbanTaste,38.27
2713,SKU-02713,Snacks,Nuts,AlphaFoods,25.92
2714,SKU-02714,Dairy,Yogurt,AlphaFoods,32.37
2715,SKU-02715,Grocery,Oil,AlphaFoods,32.21
2716,SKU-02716,Dairy,Yogurt,Sunrise,23.31
2717,SKU-02717,Beverage,Juice,GreenLine,37.24
2718,SKU-02718,PersonalCare,Soap,UrbanTaste,10.32
2719,SKU-02719,Snacks,Biscuits,AlphaFoods,36.83
2720,SKU-02720,Beverage,Soda,UrbanTaste,4.75
2721,SKU-02721,Snacks,Biscuits,PureLife,37.93
2722,SKU-02722,Frozen,Dessert,UrbanTaste,39.23
2723,SKU-02723,Grocery,Oil,NovaFresh,11.27
2724,SKU-02724,Frozen,Pizza,NovaFresh,3.17
2725,SKU-02725,Frozen,Dessert,NovaFresh,20.8
2726,SKU-02726,Dairy,Yogurt,AlphaFoods,29.74
2727,SKU-02727,Beverage,Juice,PureLife,11.46
2728,SKU-02728,PersonalCare,Toothpaste,UrbanTaste,33.44
2729,SKU-02729,Beverage,Water,UrbanTaste,2.24
2730,SKU-02730,Beverage,Soda,GreenLine,10.67
2731,SKU-02731,Frozen,Pizza,AlphaFoods,31.59
2732,SKU-02732,Dairy,Yogurt,GreenLine,34.73
2733,SKU-02733,PersonalCare,Toothpaste,GreenLine,35.56
2734,SKU-02734,Grocery,Pasta,NovaFresh,8.37
2735,SKU-02735,Frozen,Pizza,PureLife,11.15
2736,SKU-02736,Snacks,Chips,NovaFresh,7.93
2737,SKU-02737,Beverage,Water,UrbanTaste,32.74
2738,SKU-02738,Beverage,Juice,GreenLine,20.44
2739,SKU-02739,Frozen,Dessert,NovaFresh,16.71
2740,SKU-02740,Snacks,Nuts,AlphaFoods,38.73
2741,SKU-02741,Frozen,Pizza,PureLife,10.5
2742,SKU-02742,PersonalCare,Toothpaste,GreenLine,27.82
2743,SKU-02743,Snacks,Biscuits,Sunrise,11.98
2744,SKU-02744,Dairy,Milk,PureLife,37.76
2745,SKU-02745,PersonalCare,Shampoo,UrbanTaste,17.16
2746,SKU-02746,Snacks,Chips,AlphaFoods,1.74
2747,SKU-02747,Snacks,Biscuits,NovaFresh,39.27
2748,SKU-02748,Grocery,Rice,PureLife,9.35
2749,SKU-02749,Beverage,Water,UrbanTaste,23.15
2750,SKU-02750,Snacks,Biscuits,NovaFresh,4.52
2751,SKU-02751,Beverage,Juice,GreenLine,30.7
2752,SKU-02752,Frozen,Pizza,Sunrise,5.39
2753,SKU-02753,Snacks,Nuts,Sunrise,1.85
2754,SKU-02754,Snacks,Chips,NovaFresh,28.39
2755,SKU-02755,Snacks,Biscuits,NovaFresh,10.59
2756,SKU-02756,Dairy,Yogurt,AlphaFoods,6.16
2757,SKU-02757,Snacks,Biscuits,Sunrise,20.34
2758,SKU-02758,Grocery,Pasta,AlphaFoods,35.82
2759,SKU-02759,Frozen,Dessert,Sunrise,28.07
2760,SKU-02760,Grocery,Oil,GreenLine,3.42
2761,SKU-02761,Frozen,Dessert,AlphaFoods,37.15
2762,SKU-02762,PersonalCare,Soap,Sunrise,4.72
2763,SKU-02763,Grocery,Pasta,UrbanTaste,24.27
2764,SKU-02764,Dairy,Milk,UrbanTaste,1.55
2765,SKU-02765,Beverage,Juice,Sunrise,33.8
2766,SKU-02766,Dairy,Yogurt,AlphaFoods,11.79
2767,SKU-02767,Grocery,Rice,AlphaFoods,26.38
2768,SKU-02768,Frozen,Dessert,UrbanTaste,23.35
2769,SKU-02769,PersonalCare,Toothpaste,Sunrise,19.97
2770,SKU-02770,Snacks,Nuts,AlphaFoods,15.82
2771,SKU-02771,Snacks,Biscuits,NovaFresh,39.85
2772,SKU-02772,Snacks,Chips,PureLife,8.5
2773,SKU-02773,PersonalCare,Toothpaste,AlphaFoods,32.67
2774,SKU-02774,Beverage,Soda,GreenLine,1.96
2775,SKU-02775,PersonalCare,Soap,AlphaFoods,26.55
2776,SKU-02776,Grocery,Oil,GreenLine,32.49
2777,SKU-02777,Snacks,Biscuits,AlphaFoods,37.88
2778,SKU-02778,Frozen,Pizza,AlphaFoods,4.95
2779,SKU-02779,Snacks,Biscuits,NovaFresh,39.03
2780,SKU-02780,Frozen,Pizza,PureLife,33.94
2781,SKU-02781,Dairy,Milk,PureLife,30.18
2782,SKU-02782,PersonalCare,Toothpaste,NovaFresh,9.22
2783,SKU-02783,PersonalCare,Toothpaste,AlphaFoods,36.2
2784,SKU-02784,PersonalCare,Soap,Sunrise,11.14
2785,SKU-02785,Beverage,Juice,AlphaFoods,34.27
2786,SKU-02786,Snacks,Chips,AlphaFoods,18.06
2787,SKU-02787,Snacks,Biscuits,NovaFresh,13.54
2788,SKU-02788,Snacks,Biscuits,Sunrise,3.61
2789,SKU-02789,Frozen,Veg,NovaFresh,19.31
2790,SKU-02790,Snacks,Nuts,UrbanTaste,11.89
2791,SKU-02791,Beverage,Juice,Sunrise,31.79
2792,SKU-02792,Dairy,Milk,NovaFresh,6.81
2793,SKU-02793,Grocery,Rice,Sunrise,21.52
2794,SKU-02794,Dairy,Yogurt,GreenLine,33.97
2795,SKU-02795,Beverage,Water,AlphaFoods,31.42
2796,SKU-02796,Frozen,Pizza,GreenLine,19.86
2797,SKU-02797,Dairy,Cheese,NovaFresh,1.77
2798,SKU-02798,Snacks,Biscuits,UrbanTaste,5.01
2799,SKU-02799,PersonalCare,Toothpaste,PureLife,28.92
2800,SKU-02800,Snacks,Nuts,NovaFresh,7.25
2801,SKU-02801,Grocery,Oil,PureLife,14.42
2802,SKU-02802,Beverage,Soda,GreenLine,12.71
2803,SKU-02803,Snacks,Biscuits,PureLife,8.13
2804,SKU-02804,Dairy,Cheese,Sunrise,32.32
2805,SKU-02805,Dairy,Cheese,UrbanTaste,10.09
2806,SKU-02806,Frozen,Veg,Sunrise,21.59
2807,SKU-02807,Beverage,Water,NovaFresh,32.78
2808,SKU-02808,Dairy,Yogurt,PureLife,31.94
2809,SKU-02809,Dairy,Cheese,AlphaFoods,5.59
2810,SKU-02810,Beverage,Water,Sunrise,31.55
2811,SKU-02811,Grocery,Pasta,AlphaFoods,17.09
2812,SKU-02812,Frozen,Veg,PureLife,27.32
2813,SKU-02813,PersonalCare,Toothpaste,PureLife,22.35
2814,SKU-02814,Frozen,Dessert,AlphaFoods,3.76
2815,SKU-02815,Dairy,Cheese,UrbanTaste,28.45
2816,SKU-02816,Grocery,Pasta,NovaFresh,30.51
2817,SKU-02817,Beverage,Juice,UrbanTaste,2.99
2818,SKU-02818,Frozen,Veg,UrbanTaste,9.09
2819,SKU-02819,Frozen,Veg,PureLife,12.42
2820,SKU-02820,Frozen,Dessert,PureLife,37.17
2821,SKU-02821,Frozen,Veg,UrbanTaste,25.65
2822,SKU-02822,Beverage,Soda,Sunrise,6.05
2823,SKU-02823,Snacks,Biscuits,NovaFresh,36.09
2824,SKU-02824,Snacks,Nuts,GreenLine,37.63
2825,SKU-02825,Grocery,Oil,NovaFresh,37.36
2826,SKU-02826,PersonalCare,Shampoo,GreenLine,34.71
2827,SKU-02827,Dairy,Milk,Sunrise,35.32
2828,SKU-02828,PersonalCare,Toothpaste,Sunrise,31.63
2829,SKU-02829,Dairy,Cheese,AlphaFoods,23.34
2830,SKU-02830,Dairy,Yogurt,UrbanTaste,19.96
2831,SKU-02831,Frozen,Pizza,AlphaFoods,32.49
2832,SKU-02832,Grocery,Pasta,Sunrise,1.61
2833,SKU-02833,PersonalCare,Toothpaste,Sunrise,32.62
2834,SKU-02834,Snacks,Chips,GreenLine,1.06
2835,SKU-02835,Dairy,Cheese,AlphaFoods,20.97
2836,SKU-02836,Dairy,Cheese,Sunrise,23.94
2837,SKU-02837,Grocery,Pasta,AlphaFoods,1.65
2838,SKU-02838,PersonalCare,Toothpaste,NovaFresh,32.99
2839,SKU-02839,Grocery,Oil,UrbanTaste,1.58
2840,SKU-02840,Dairy,Yogurt,AlphaFoods,28.46
2841,SKU-02841,PersonalCare,Shampoo,GreenLine,6.99
2842,SKU-02842,Dairy,Yogurt,Sunrise,39.3
2843,SKU-02843,Frozen,Pizza,GreenLine,18.47
2844,SKU-02844,Frozen,Dessert,NovaFresh,1.14
2845,SKU-02845,Grocery,Pasta,NovaFresh,14.25
2846,SKU-02846,Beverage,Juice,Sunrise,36.23
2847,SKU-02847,PersonalCare,Toothpaste,UrbanTaste,30.87
2848,SKU-02848,PersonalCare,Toothpaste,AlphaFoods,29.19
2849,SKU-02849,Grocery,Oil,PureLife,33.47
2850,SKU-02850,Frozen,Dessert,AlphaFoods,13.55
2851,SKU-02851,Grocery,Rice,NovaFresh,28.92
2852,SKU-02852,Dairy,Yogurt,GreenLine,20.11
2853,SKU-02853,Grocery,Rice,PureLife,7.25
2854,SKU-02854,Dairy,Milk,Sunrise,28.42
2855,SKU-02855,Snacks,Nuts,PureLife,14.46
2856,SKU-02856,Beverage,Water,Sunrise,26.06
2857,SKU-02857,Beverage,Soda,AlphaFoods,6.84
2858,SKU-02858,PersonalCare,Toothpaste,GreenLine,17.99
2859,SKU-02859,Snacks,Biscuits,GreenLine,15.88
2860,SKU-02860,Dairy,Yogurt,AlphaFoods,14.4
2861,SKU-02861,Dairy,Cheese,UrbanTaste,36.18
2862,SKU-02862,Beverage,Water,AlphaFoods,35.15
2863,SKU-02863,Grocery,Oil,UrbanTaste,5.97
2864,SKU-02864,PersonalCare,Shampoo,UrbanTaste,31.63
2865,SKU-02865,Frozen,Veg,PureLife,29.13
2866,SKU-02866,Beverage,Soda,NovaFresh,8.92
2867,SKU-02867,Dairy,Cheese,AlphaFoods,5.83
2868,SKU-02868,Dairy,Milk,UrbanTaste,6.25
2869,SKU-02869,Frozen,Veg,GreenLine,18.51
2870,SKU-02870,Beverage,Soda,UrbanTaste,3.81
2871,SKU-02871,Snacks,Nuts,Sunrise,26.2
2872,SKU-02872,PersonalCare,Shampoo,AlphaFoods,22.03
2873,SKU-02873,Snacks,Nuts,GreenLine,39.4
2874,SKU-02874,Dairy,Yogurt,NovaFresh,21.01
2875,SKU-02875,Dairy,Cheese,PureLife,17.62
2876,SKU-02876,Snacks,Nuts,PureLife,15.53
2877,SKU-02877,Frozen,Veg,GreenLine,10.97
2878,SKU-02878,Grocery,Rice,PureLife,26.86
2879,SKU-02879,Beverage,Water,AlphaFoods,25.91
2880,SKU-02880,Beverage,Water,Sunrise,23.19
2881,SKU-02881,Dairy,Cheese,NovaFresh,8.45
2882,SKU-02882,Grocery,Oil,UrbanTaste,22.9
2883,SKU-02883,Snacks,Biscuits,NovaFresh,24.33
2884,SKU-02884,Snacks,Biscuits,AlphaFoods,30.25
2885,SKU-02885,Frozen,Pizza,NovaFresh,9.5
2886,SKU-02886,Beverage,Water,GreenLine,4.19
2887,SKU-02887,Frozen,Pizza,GreenLine,7.54
2888,SKU-02888,Frozen,Veg,PureLife,20.79
2889,SKU-02889,Beverage,Juice,GreenLine,36.81
2890,SKU-02890,Grocery,Rice,UrbanTaste,29.59
2891,SKU-02891,Dairy,Milk,UrbanTaste,8.9
2892,SKU-02892,Snacks,Biscuits,PureLife,4.67
2893,SKU-02893,Beverage,Juice,Sunrise,7.78
2894,SKU-02894,PersonalCare,Soap,GreenLine,32.77
2895,SKU-02895,Grocery,Pasta,PureLife,17.52
2896,SKU-02896,Beverage,Soda,NovaFresh,9.29
2897,SKU-02897,Dairy,Yogurt,PureLife,28.68
2898,SKU-02898,Grocery,Rice,UrbanTaste,28.66
2899,SKU-02899,Grocery,Pasta,NovaFresh,29.39
2900,SKU-02900,Grocery,Oil,NovaFresh,7.74
2901,SKU-02901,Beverage,Water,Sunrise,30.33
2902,SKU-02902,Frozen,Pizza,PureLife,15.58
2903,SKU-02903,Frozen,Dessert,GreenLine,10.31
2904,SKU-02904,PersonalCare,Soap,NovaFresh,24.59
2905,SKU-02905,Grocery,Rice,GreenLine,30.55
2906,SKU-02906,Beverage,Juice,NovaFresh,3.32
2907,SKU-02907,Snacks,Biscuits,NovaFresh,10.51
2908,SKU-02908,Snacks,Nuts,GreenLine,26.63
2909,SKU-02909,Snacks,Nuts,NovaFresh,17.9
2910,SKU-02910,Grocery,Oil,UrbanTaste,10.21
2911,SKU-02911,PersonalCare,Shampoo,GreenLine,37.63
2912,SKU-02912,Frozen,Pizza,PureLife,9.37
2913,SKU-02913,Snacks,Biscuits,PureLife,35.62
2914,SKU-02914,PersonalCare,Shampoo,GreenLine,3.88
2915,SKU-02915,Dairy,Cheese,AlphaFoods,5.85
2916,SKU-02916,Dairy,Cheese,AlphaFoods,19.97
2917,SKU-02917,Beverage,Juice,PureLife,24.84
2918,SKU-02918,Frozen,Pizza,GreenLine,10.99
2919,SKU-02919,Dairy,Milk,PureLife,3.0
2920,SKU-02920,Dairy,Cheese,PureLife,8.71
2921,SKU-02921,PersonalCare,Shampoo,UrbanTaste,25.56
2922,SKU-02922,PersonalCare,Soap,AlphaFoods,9.81
2923,SKU-02923,Beverage,Water,GreenLine,12.95
2924,SKU-02924,PersonalCare,Shampoo,UrbanTaste,24.99
2925,SKU-02925,Grocery,Pasta,NovaFresh,5.14
2926,SKU-02926,PersonalCare,Soap,PureLife,3.23
2927,SKU-02927,Grocery,Oil,NovaFresh,31.93
2928,SKU-02928,Dairy,Milk,PureLife,34.26
2929,SKU-02929,Beverage,Soda,PureLife,7.22
2930,SKU-02930,PersonalCare,Shampoo,NovaFresh,24.16
2931,SKU-02931,Grocery,Rice,NovaFresh,14.65
2932,SKU-02932,Beverage,Juice,NovaFresh,10.19
2933,SKU-02933,Frozen,Veg,UrbanTaste,18.54
2934,SKU-02934,Beverage,Water,Sunrise,15.59
2935,SKU-02935,Grocery,Oil,PureLife,18.75
2936,SKU-02936,PersonalCare,Toothpaste,PureLife,1.39
2937,SKU-02937,PersonalCare,Shampoo,AlphaFoods,1.43
2938,SKU-02938,Snacks,Chips,PureLife,32.97
2939,SKU-02939,Frozen,Dessert,NovaFresh,34.91
2940,SKU-02940,Grocery,Pasta,PureLife,25.29
2941,SKU-02941,Beverage,Juice,UrbanTaste,6.9
2942,SKU-02942,Dairy,Cheese,AlphaFoods,28.12
2943,SKU-02943,Frozen,Pizza,PureLife,1.57
2944,SKU-02944,Snacks,Biscuits,Sunrise,9.22
2945,SKU-02945,PersonalCare,Soap,GreenLine,12.9
2946,SKU-02946,Beverage,Juice,AlphaFoods,22.73
2947,SKU-02947,Snacks,Chips,UrbanTaste,3.16
2948,SKU-02948,Dairy,Yogurt,UrbanTaste,19.68
2949,SKU-02949,Dairy,Yogurt,PureLife,1.42
2950,SKU-02950,Grocery,Rice,Sunrise,25.6
2951,SKU-02951,Frozen,Dessert,UrbanTaste,33.92
2952,SKU-02952,Dairy,Cheese,Sunrise,38.84
2953,SKU-02953,Beverage,Soda,PureLife,9.33
2954,SKU-02954,PersonalCare,Soap,GreenLine,37.55
2955,SKU-02955,Beverage,Soda,UrbanTaste,10.26
2956,SKU-02956,Dairy,Yogurt,NovaFresh,16.75
2957,SKU-02957,Dairy,Cheese,GreenLine,2.56
2958,SKU-02958,Grocery,Oil,Sunrise,15.6
2959,SKU-02959,Beverage,Water,PureLife,14.47
2960,SKU-02960,Frozen,Pizza,NovaFresh,19.36
2961,SKU-02961,PersonalCare,Toothpaste,NovaFresh,37.56
2962,SKU-02962,Snacks,Nuts,UrbanTaste,4.7
2963,SKU-02963,Frozen,Veg,UrbanTaste,22.82
2964,SKU-02964,Snacks,Biscuits,Sunrise,35.48
2965,SKU-02965,Beverage,Water,Sunrise,1.81
2966,SKU-02966,Snacks,Nuts,Sunrise,14.17
2967,SKU-02967,Frozen,Pizza,Sunrise,17.09
2968,SKU-02968,Snacks,Nuts,GreenLine,0.59
2969,SKU-02969,Frozen,Dessert,UrbanTaste,19.97
2970,SKU-02970,PersonalCare,Toothpaste,AlphaFoods,2.36
2971,SKU-02971,Grocery,Rice,Sunrise,13.52
2972,SKU-02972,Beverage,Juice,UrbanTaste,1.27
2973,SKU-02973,Frozen,Pizza,UrbanTaste,38.95
2974,SKU-02974,Grocery,Pasta,GreenLine,5.29
2975,SKU-02975,Frozen,Pizza,GreenLine,12.21
2976,SKU-02976,Snacks,Biscuits,UrbanTaste,2.61
2977,SKU-02977,Snacks,Chips,UrbanTaste,32.8
2978,SKU-02978,Dairy,Cheese,GreenLine,27.41
2979,SKU-02979,Grocery,Rice,AlphaFoods,22.26
2980,SKU-02980,PersonalCare,Shampoo,Sunrise,37.32
2981,SKU-02981,Beverage,Juice,PureLife,21.97
2982,SKU-02982,PersonalCare,Toothpaste,AlphaFoods,23.47
2983,SKU-02983,Snacks,Nuts,AlphaFoods,27.19
2984,SKU-02984,Dairy,Yogurt,GreenLine,7.81
2985,SKU-02985,PersonalCare,Soap,NovaFresh,24.44
2986,SKU-02986,Frozen,Dessert,Sunrise,6.62
2987,SKU-02987,Beverage,Water,UrbanTaste,25.33
2988,SKU-02988,Grocery,Pasta,NovaFresh,39.83
2989,SKU-02989,Grocery,Oil,PureLife,32.15
2990,SKU-02990,Grocery,Oil,AlphaFoods,32.27
2991,SKU-02991,Grocery,Pasta,NovaFresh,1.21
2992,SKU-02992,Frozen,Pizza,AlphaFoods,20.93
2993,SKU-02993,PersonalCare,Toothpaste,PureLife,24.81
2994,SKU-02994,Frozen,Pizza,Sunrise,39.58
2995,SKU-02995,PersonalCare,Shampoo,GreenLine,21.61
2996,SKU-02996,Grocery,Rice,PureLife,34.92
2997,SKU-02997,Frozen,Pizza,NovaFresh,20.6
2998,SKU-02998,Beverage,Water,NovaFresh,13.35
2999,SKU-02999,Snacks,Nuts,AlphaFoods,22.74
3000,SKU-03000,Beverage,Juice,NovaFresh,4.52
3001,SKU-03001,Beverage,Juice,GreenLine,2.16
3002,SKU-03002,Snacks,Chips,PureLife,5.45
3003,SKU-03003,Beverage,Juice,NovaFresh,2.73
3004,SKU-03004,Beverage,Soda,PureLife,25.24
3005,SKU-03005,Frozen,Veg,GreenLine,25.62
3006,SKU-03006,Dairy,Milk,Sunrise,30.35
3007,SKU-03007,Snacks,Biscuits,GreenLine,17.5
3008,SKU-03008,Grocery,Oil,Sunrise,13.86
3009,SKU-03009,Snacks,Nuts,AlphaFoods,29.27
3010,SKU-03010,Frozen,Dessert,UrbanTaste,32.95
3011,SKU-03011,Frozen,Dessert,AlphaFoods,36.85
3012,SKU-03012,Grocery,Oil,Sunrise,35.83
3013,SKU-03013,Frozen,Dessert,AlphaFoods,25.13
3014,SKU-03014,Grocery,Rice,NovaFresh,27.79
3015,SKU-03015,Frozen,Dessert,AlphaFoods,25.6
3016,SKU-03016,PersonalCare,Soap,UrbanTaste,25.31
3017,SKU-03017,PersonalCare,Toothpaste,UrbanTaste,16.78
3018,SKU-03018,Frozen,Dessert,UrbanTaste,15.66
3019,SKU-03019,PersonalCare,Toothpaste,Sunrise,25.51
3020,SKU-03020,Frozen,Pizza,PureLife,5.5
3021,SKU-03021,Dairy,Cheese,PureLife,33.82
3022,SKU-03022,Snacks,Biscuits,GreenLine,31.83
3023,SKU-03023,Beverage,Soda,AlphaFoods,5.75
3024,SKU-03024,Grocery,Pasta,NovaFresh,17.07
3025,SKU-03025,Frozen,Dessert,PureLife,27.96
3026,SKU-03026,Frozen,Veg,AlphaFoods,32.16
3027,SKU-03027,Frozen,Dessert,Sunrise,38.9
3028,SKU-03028,Frozen,Veg,UrbanTaste,20.9
3029,SKU-03029,Frozen,Pizza,UrbanTaste,6.12
3030,SKU-03030,Snacks,Nuts,GreenLine,39.71
3031,SKU-03031,Frozen,Veg,AlphaFoods,14.21
3032,SKU-03032,Dairy,Yogurt,AlphaFoods,33.62
3033,SKU-03033,Snacks,Chips,NovaFresh,20.11
3034,SKU-03034,PersonalCare,Soap,PureLife,6.29
3035,SKU-03035,Snacks,Chips,NovaFresh,12.32
3036,SKU-03036,Grocery,Oil,Sunrise,3.56
3037,SKU-03037,Snacks,Biscuits,GreenLine,36.11
3038,SKU-03038,Snacks,Chips,GreenLine,28.11
3039,SKU-03039,PersonalCare,Soap,AlphaFoods,15.27
3040,SKU-03040,Beverage,Juice,GreenLine,29.3
3041,SKU-03041,Snacks,Chips,PureLife,14.17
3042,SKU-03042,PersonalCare,Toothpaste,AlphaFoods,5.65
3043,SKU-03043,Beverage,Juice,GreenLine,21.76
3044,SKU-03044,Beverage,Soda,PureLife,39.62
3045,SKU-03045,Frozen,Dessert,AlphaFoods,2.32
3046,SKU-03046,Frozen,Dessert,Sunrise,6.32
3047,SKU-03047,Frozen,Veg,Sunrise,23.82
3048,SKU-03048,Beverage,Juice,UrbanTaste,30.41
3049,SKU-03049,Frozen,Dessert,GreenLine,7.85
3050,SKU-03050,Frozen,Veg,PureLife,11.34
3051,SKU-03051,Dairy,Cheese,NovaFresh,19.08
3052,SKU-03052,Beverage,Water,PureLife,28.74
3053,SKU-03053,PersonalCare,Shampoo,NovaFresh,23.84
3054,SKU-03054,Grocery,Oil,NovaFresh,5.75
3055,SKU-03055,Snacks,Chips,PureLife,23.06
3056,SKU-03056,Snacks,Biscuits,AlphaFoods,19.48
3057,SKU-03057,Beverage,Soda,Sunrise,35.05
3058,SKU-03058,Dairy,Yogurt,GreenLine,2.4
3059,SKU-03059,Dairy,Yogurt,NovaFresh,14.32
3060,SKU-03060,Dairy,Milk,Sunrise,5.11
3061,SKU-03061,PersonalCare,Toothpaste,Sunrise,35.21
3062,SKU-03062,Snacks,Nuts,Sunrise,16.58
3063,SKU-03063,Dairy,Cheese,PureLife,14.07
3064,SKU-03064,Frozen,Veg,PureLife,17.14
3065,SKU-03065,Frozen,Dessert,UrbanTaste,25.24
3066,SKU-03066,Dairy,Milk,UrbanTaste,26.69
3067,SKU-03067,PersonalCare,Shampoo,PureLife,9.02
3068,SKU-03068,PersonalCare,Toothpaste,Sunrise,32.17
3069,SKU-03069,Frozen,Veg,NovaFresh,32.75
3070,SKU-03070,Frozen,Pizza,Sunrise,3.97
3071,SKU-03071,Beverage,Water,GreenLine,29.08
3072,SKU-03072,Grocery,Oil,PureLife,22.89
3073,SKU-03073,Grocery,Oil,AlphaFoods,37.62
3074,SKU-03074,Frozen,Pizza,GreenLine,18.37
3075,SKU-03075,PersonalCare,Shampoo,Sunrise,24.11
3076,SKU-03076,Beverage,Juice,Sunrise,25.1
3077,SKU-03077,Grocery,Pasta,AlphaFoods,15.36
3078,SKU-03078,Dairy,Milk,NovaFresh,31.13
3079,SKU-03079,Beverage,Juice,GreenLine,17.85
3080,SKU-03080,Beverage,Soda,Sunrise,31.98
3081,SKU-03081,Dairy,Yogurt,Sunrise,36.25
3082,SKU-03082,Beverage,Soda,GreenLine,21.44
3083,SKU-03083,Snacks,Nuts,GreenLine,8.55
3084,SKU-03084,Beverage,Soda,PureLife,24.02
3085,SKU-03085,Frozen,Dessert,UrbanTaste,9.36
3086,SKU-03086,Dairy,Cheese,NovaFresh,33.56
3087,SKU-03087,Frozen,Pizza,AlphaFoods,14.93
3088,SKU-03088,PersonalCare,Soap,UrbanTaste,35.03
3089,SKU-03089,Grocery,Rice,UrbanTaste,39.5
3090,SKU-03090,Frozen,Pizza,Sunrise,22.59
3091,SKU-03091,Beverage,Soda,GreenLine,4.05
3092,SKU-03092,Grocery,Oil,NovaFresh,16.78
3093,SKU-03093,Beverage,Juice,UrbanTaste,18.85
3094,SKU-03094,PersonalCare,Soap,NovaFresh,11.6
3095,SKU-03095,Frozen,Veg,Sunrise,6.68
3096,SKU-03096,Grocery,Pasta,UrbanTaste,6.49
3097,SKU-03097,Dairy,Yogurt,UrbanTaste,4.24
3098,SKU-03098,Dairy,Milk,PureLife,27.58
3099,SKU-03099,Grocery,Oil,PureLife,2.11
3100,SKU-03100,Dairy,Milk,GreenLine,6.61
3101,SKU-03101,Beverage,Soda,UrbanTaste,21.81
3102,SKU-03102,Dairy,Yogurt,GreenLine,0.71
3103,SKU-03103,Dairy,Cheese,AlphaFoods,23.98
3104,SKU-03104,Dairy,Yogurt,Sunrise,18.67
3105,SKU-03105,PersonalCare,Toothpaste,GreenLine,1.38
3106,SKU-03106,PersonalCare,Soap,GreenLine,14.77
3107,SKU-03107,Grocery,Pasta,PureLife,30.31
3108,SKU-03108,Grocery,Pasta,UrbanTaste,31.52
3109,SKU-03109,Dairy,Cheese,AlphaFoods,15.77
3110,SKU-03110,Dairy,Cheese,AlphaFoods,15.01
3111,SKU-03111,Beverage,Soda,AlphaFoods,10.35
3112,SKU-03112,Dairy,Milk,NovaFresh,25.94
3113,SKU-03113,Grocery,Oil,UrbanTaste,17.88
3114,SKU-03114,Grocery,Pasta,Sunrise,15.65
3115,SKU-03115,Frozen,Pizza,UrbanTaste,9.62
3116,SKU-03116,Snacks,Chips,Sunrise,18.04
3117,SKU-03117,Dairy,Yogurt,Sunrise,25.32
3118,SKU-03118,Snacks,Chips,Sunrise,22.19
3119,SKU-03119,Snacks,Nuts,NovaFresh,34.47
3120,SKU-03120,PersonalCare,Toothpaste,AlphaFoods,14.29
3121,SKU-03121,Dairy,Cheese,GreenLine,35.3
3122,SKU-03122,Beverage,Water,PureLife,3.38
3123,SKU-03123,PersonalCare,Toothpaste,Sunrise,34.56
3124,SKU-03124,Snacks,Biscuits,GreenLine,7.92
3125,SKU-03125,Beverage,Juice,GreenLine,34.61
3126,SKU-03126,Frozen,Veg,GreenLine,5.54
3127,SKU-03127,Grocery,Rice,PureLife,30.84
3128,SKU-03128,Beverage,Soda,NovaFresh,29.32
3129,SKU-03129,Snacks,Chips,UrbanTaste,29.52
3130,SKU-03130,PersonalCare,Shampoo,PureLife,4.25
3131,SKU-03131,Dairy,Cheese,PureLife,8.93
3132,SKU-03132,PersonalCare,Soap,GreenLine,30.4
3133,SKU-03133,Dairy,Yogurt,Sunrise,29.8
3134,SKU-03134,PersonalCare,Soap,GreenLine,38.63
3135,SKU-03135,Frozen,Dessert,Sunrise,8.14
3136,SKU-03136,Grocery,Pasta,PureLife,18.46
3137,SKU-03137,Snacks,Nuts,NovaFresh,26.82
3138,SKU-03138,Dairy,Cheese,Sunrise,3.71
3139,SKU-03139,Beverage,Soda,UrbanTaste,15.85
3140,SKU-03140,PersonalCare,Soap,PureLife,3.6
3141,SKU-03141,PersonalCare,Soap,UrbanTaste,38.18
3142,SKU-03142,PersonalCare,Toothpaste,Sunrise,11.32
3143,SKU-03143,Grocery,Oil,Sunrise,18.33
3144,SKU-03144,Dairy,Cheese,UrbanTaste,4.41
3145,SKU-03145,Frozen,Pizza,Sunrise,0.81
3146,SKU-03146,PersonalCare,Shampoo,GreenLine,20.18
3147,SKU-03147,Frozen,Veg,NovaFresh,18.82
3148,SKU-03148,Dairy,Yogurt,UrbanTaste,32.37
3149,SKU-03149,PersonalCare,Shampoo,AlphaFoods,35.74
3150,SKU-03150,Grocery,Pasta,NovaFresh,31.49
3151,SKU-03151,Frozen,Pizza,Sunrise,31.27
3152,SKU-03152,Dairy,Cheese,PureLife,6.72
3153,SKU-03153,Frozen,Dessert,GreenLine,19.37
3154,SKU-03154,Snacks,Nuts,NovaFresh,31.2
3155,SKU-03155,Snacks,Nuts,UrbanTaste,30.54
3156,SKU-03156,Frozen,Dessert,AlphaFoods,23.99
3157,SKU-03157,Grocery,Oil,GreenLine,10.21
3158,SKU-03158,PersonalCare,Shampoo,NovaFresh,30.67
3159,SKU-03159,Dairy,Cheese,UrbanTaste,8.69
3160,SKU-03160,Snacks,Biscuits,NovaFresh,15.76
3161,SKU-03161,Dairy,Milk,AlphaFoods,16.85
3162,SKU-03162,Dairy,Cheese,NovaFresh,3.81
3163,SKU-03163,Grocery,Pasta,UrbanTaste,32.81
3164,SKU-03164,Beverage,Juice,NovaFresh,8.92
3165,SKU-03165,Frozen,Veg,AlphaFoods,10.38
3166,SKU-03166,Snacks,Chips,GreenLine,32.71
3167,SKU-03167,PersonalCare,Soap,GreenLine,21.59
3168,SKU-03168,Frozen,Veg,GreenLine,20.29
3169,SKU-03169,PersonalCare,Shampoo,NovaFresh,13.62
3170,SKU-03170,Grocery,Rice,PureLife,24.06
3171,SKU-03171,Snacks,Nuts,PureLife,10.19
3172,SKU-03172,Grocery,Rice,GreenLine,10.02
3173,SKU-03173,Beverage,Water,AlphaFoods,21.9
3174,SKU-03174,Grocery,Oil,UrbanTaste,7.6
3175,SKU-03175,Grocery,Pasta,PureLife,26.03
3176,SKU-03176,Beverage,Juice,UrbanTaste,33.92
3177,SKU-03177,Beverage,Soda,UrbanTaste,7.59
3178,SKU-03178,Dairy,Yogurt,UrbanTaste,0.61
3179,SKU-03179,Frozen,Pizza,UrbanTaste,11.54
3180,SKU-03180,Dairy,Cheese,PureLife,35.31
3181,SKU-03181,Dairy,Yogurt,UrbanTaste,34.54
3182,SKU-03182,Dairy,Cheese,NovaFresh,10.8
3183,SKU-03183,Grocery,Rice,AlphaFoods,9.34
3184,SKU-03184,Frozen,Dessert,PureLife,17.85
3185,SKU-03185,Frozen,Veg,AlphaFoods,28.42
3186,SKU-03186,Grocery,Rice,UrbanTaste,22.27
3187,SKU-03187,Grocery,Rice,NovaFresh,28.84
3188,SKU-03188,Frozen,Veg,PureLife,15.1
3189,SKU-03189,PersonalCare,Shampoo,NovaFresh,28.52
3190,SKU-03190,PersonalCare,Shampoo,UrbanTaste,10.58
3191,SKU-03191,Grocery,Pasta,UrbanTaste,16.75
3192,SKU-03192,Snacks,Chips,UrbanTaste,25.11
3193,SKU-03193,Dairy,Yogurt,GreenLine,33.6
3194,SKU-03194,Grocery,Pasta,GreenLine,28.36
3195,SKU-03195,Snacks,Chips,GreenLine,14.49
3196,SKU-03196,Dairy,Milk,AlphaFoods,27.17
3197,SKU-03197,Dairy,Cheese,AlphaFoods,39.24
3198,SKU-03198,Dairy,Cheese,AlphaFoods,21.87
3199,SKU-03199,Grocery,Pasta,PureLife,11.2
3200,SKU-03200,Grocery,Oil,UrbanTaste,19.34
3201,SKU-03201,Grocery,Pasta,UrbanTaste,38.14
3202,SKU-03202,Grocery,Oil,NovaFresh,15.13
3203,SKU-03203,Grocery,Rice,NovaFresh,30.07
3204,SKU-03204,Snacks,Chips,PureLife,32.01
3205,SKU-03205,Grocery,Rice,NovaFresh,24.79
3206,SKU-03206,Grocery,Oil,NovaFresh,31.36
3207,SKU-03207,Dairy,Milk,NovaFresh,16.43
3208,SKU-03208,Snacks,Chips,Sunrise,37.09
3209,SKU-03209,Frozen,Dessert,NovaFresh,35.74
3210,SKU-03210,Dairy,Cheese,UrbanTaste,1.21
3211,SKU-03211,Dairy,Yogurt,NovaFresh,25.32
3212,SKU-03212,Snacks,Biscuits,AlphaFoods,36.28
3213,SKU-03213,Frozen,Pizza,GreenLine,27.46
3214,SKU-03214,Grocery,Oil,GreenLine,35.71
3215,SKU-03215,PersonalCare,Shampoo,GreenLine,22.17
3216,SKU-03216,PersonalCare,Soap,NovaFresh,3.56
3217,SKU-03217,Frozen,Pizza,NovaFresh,34.9
3218,SKU-03218,Dairy,Milk,UrbanTaste,2.74
3219,SKU-03219,Frozen,Dessert,NovaFresh,3.24
3220,SKU-03220,PersonalCare,Toothpaste,UrbanTaste,31.08
3221,SKU-03221,Grocery,Rice,NovaFresh,39.39
3222,SKU-03222,Frozen,Veg,Sunrise,27.24
3223,SKU-03223,Frozen,Pizza,Sunrise,28.96
3224,SKU-03224,PersonalCare,Shampoo,AlphaFoods,30.28
3225,SKU-03225,PersonalCare,Soap,UrbanTaste,5.7
3226,SKU-03226,PersonalCare,Soap,AlphaFoods,11.15
3227,SKU-03227,Grocery,Pasta,NovaFresh,25.74
3228,SKU-03228,Grocery,Oil,PureLife,3.59
3229,SKU-03229,Grocery,Oil,PureLife,10.08
3230,SKU-03230,Snacks,Nuts,NovaFresh,1.72
3231,SKU-03231,Beverage,Soda,PureLife,7.37
3232,SKU-03232,Beverage,Juice,Sunrise,39.24
3233,SKU-03233,Grocery,Rice,Sunrise,14.22
3234,SKU-03234,Frozen,Pizza,AlphaFoods,35.95
3235,SKU-03235,Snacks,Nuts,UrbanTaste,37.78
3236,SKU-03236,Grocery,Oil,AlphaFoods,5.21
3237,SKU-03237,Grocery,Rice,GreenLine,36.57
3238,SKU-03238,Grocery,Rice,NovaFresh,10.37
3239,SKU-03239,PersonalCare,Soap,AlphaFoods,11.25
3240,SKU-03240,Beverage,Soda,GreenLine,4.71
3241,SKU-03241,Snacks,Nuts,Sunrise,21.99
3242,SKU-03242,PersonalCare,Soap,GreenLine,15.58
3243,SKU-03243,PersonalCare,Shampoo,NovaFresh,9.37
3244,SKU-03244,Beverage,Juice,PureLife,35.59
3245,SKU-03245,Grocery,Pasta,GreenLine,32.34
3246,SKU-03246,Snacks,Nuts,NovaFresh,22.64
3247,SKU-03247,Grocery,Rice,Sunrise,36.23
3248,SKU-03248,Grocery,Pasta,PureLife,10.55
3249,SKU-03249,Snacks,Chips,Sunrise,14.81
3250,SKU-03250,PersonalCare,Shampoo,PureLife,14.85
3251,SKU-03251,Grocery,Pasta,PureLife,38.46
3252,SKU-03252,Beverage,Water,NovaFresh,13.66
3253,SKU-03253,Dairy,Milk,PureLife,35.44
3254,SKU-03254,PersonalCare,Shampoo,GreenLine,1.75
3255,SKU-03255,Dairy,Yogurt,GreenLine,14.61
3256,SKU-03256,Dairy,Cheese,GreenLine,12.33
3257,SKU-03257,Dairy,Yogurt,NovaFresh,27.85
3258,SKU-03258,Snacks,Nuts,GreenLine,6.68
3259,SKU-03259,Beverage,Water,PureLife,28.23
3260,SKU-03260,Frozen,Pizza,PureLife,19.57
3261,SKU-03261,Grocery,Oil,PureLife,29.36
3262,SKU-03262,Frozen,Dessert,GreenLine,15.75
3263,SKU-03263,Dairy,Yogurt,UrbanTaste,36.5
3264,SKU-03264,PersonalCare,Toothpaste,PureLife,3.0
3265,SKU-03265,Beverage,Juice,Sunrise,30.55
3266,SKU-03266,Grocery,Rice,GreenLine,24.01
3267,SKU-03267,Dairy,Milk,GreenLine,9.95
3268,SKU-03268,Dairy,Yogurt,UrbanTaste,25.85
3269,SKU-03269,Dairy,Milk,PureLife,5.35
3270,SKU-03270,Dairy,Milk,PureLife,27.01
3271,SKU-03271,Frozen,Veg,UrbanTaste,2.85
3272,SKU-03272,Snacks,Nuts,NovaFresh,15.33
3273,SKU-03273,PersonalCare,Soap,NovaFresh,1.64
3274,SKU-03274,Dairy,Yogurt,AlphaFoods,17.08
3275,SKU-03275,Snacks,Biscuits,GreenLine,13.45
3276,SKU-03276,Grocery,Rice,GreenLine,26.07
3277,SKU-03277,Snacks,Biscuits,PureLife,5.97
3278,SKU-03278,Dairy,Cheese,NovaFresh,23.54
3279,SKU-03279,PersonalCare,Shampoo,PureLife,23.33
3280,SKU-03280,Dairy,Milk,Sunrise,13.73
3281,SKU-03281,Snacks,Nuts,UrbanTaste,26.85
3282,SKU-03282,Dairy,Cheese,AlphaFoods,0.79
3283,SKU-03283,Beverage,Soda,UrbanTaste,4.91
3284,SKU-03284,Beverage,Juice,GreenLine,8.28
3285,SKU-03285,Dairy,Yogurt,PureLife,5.81
3286,SKU-03286,Dairy,Yogurt,AlphaFoods,2.78
3287,SKU-03287,Dairy,Milk,AlphaFoods,27.32
3288,SKU-03288,Beverage,Soda,GreenLine,28.35
3289,SKU-03289,PersonalCare,Toothpaste,PureLife,12.38
3290,SKU-03290,Dairy,Cheese,Sunrise,20.2
3291,SKU-03291,Snacks,Biscuits,Sunrise,7.65
3292,SKU-03292,Dairy,Milk,Sunrise,3.17
3293,SKU-03293,Beverage,Juice,NovaFresh,11.32
3294,SKU-03294,Beverage,Soda,NovaFresh,5.16
3295,SKU-03295,PersonalCare,Shampoo,UrbanTaste,31.95
3296,SKU-03296,Dairy,Cheese,NovaFresh,20.46
3297,SKU-03297,Beverage,Juice,NovaFresh,16.68
3298,SKU-03298,Snacks,Chips,NovaFresh,30.58
3299,SKU-03299,Frozen,Dessert,PureLife,17.62
3300,SKU-03300,Grocery,Rice,GreenLine,27.28
3301,SKU-03301,Dairy,Milk,NovaFresh,26.68
3302,SKU-03302,Snacks,Chips,GreenLine,15.24
3303,SKU-03303,Snacks,Chips,NovaFresh,38.56
3304,SKU-03304,Grocery,Pasta,GreenLine,38.66
3305,SKU-03305,Grocery,Pasta,AlphaFoods,9.79
3306,SKU-03306,Snacks,Chips,GreenLine,24.89
3307,SKU-03307,Snacks,Chips,UrbanTaste,25.68
3308,SKU-03308,Beverage,Juice,NovaFresh,39.23
3309,SKU-03309,Snacks,Chips,Sunrise,32.78
3310,SKU-03310,Snacks,Chips,Sunrise,23.57
3311,SKU-03311,Snacks,Biscuits,NovaFresh,3.06
3312,SKU-03312,Dairy,Cheese,GreenLine,38.29
3313,SKU-03313,Snacks,Chips,PureLife,33.55
3314,SKU-03314,Frozen,Pizza,UrbanTaste,6.66
3315,SKU-03315,Frozen,Veg,AlphaFoods,29.29
3316,SKU-03316,PersonalCare,Toothpaste,Sunrise,1.54
3317,SKU-03317,Beverage,Juice,UrbanTaste,14.8
3318,SKU-03318,Beverage,Juice,NovaFresh,32.33
3319,SKU-03319,Frozen,Dessert,UrbanTaste,23.2
3320,SKU-03320,Snacks,Chips,GreenLine,32.59
3321,SKU-03321,Grocery,Oil,UrbanTaste,0.72
3322,SKU-03322,Beverage,Soda,GreenLine,39.99
3323,SKU-03323,Frozen,Dessert,AlphaFoods,13.27
3324,SKU-03324,Dairy,Milk,UrbanTaste,27.47
3325,SKU-03325,Beverage,Water,GreenLine,12.64
3326,SKU-03326,Dairy,Cheese,NovaFresh,11.14
3327,SKU-03327,Frozen,Dessert,GreenLine,9.06
3328,SKU-03328,Snacks,Biscuits,UrbanTaste,28.04
3329,SKU-03329,Grocery,Rice,NovaFresh,39.76
3330,SKU-03330,Dairy,Yogurt,AlphaFoods,24.5
3331,SKU-03331,Dairy,Yogurt,UrbanTaste,21.17
3332,SKU-03332,Beverage,Juice,GreenLine,3.81
3333,SKU-03333,Grocery,Oil,PureLife,19.28
3334,SKU-03334,Snacks,Chips,GreenLine,38.7
3335,SKU-03335,Frozen,Pizza,Sunrise,16.27
3336,SKU-03336,Beverage,Juice,UrbanTaste,19.3
3337,SKU-03337,Beverage,Soda,Sunrise,14.8
3338,SKU-03338,Frozen,Pizza,UrbanTaste,8.35
3339,SKU-03339,Frozen,Dessert,NovaFresh,22.28
3340,SKU-03340,Snacks,Chips,AlphaFoods,16.28
3341,SKU-03341,Dairy,Milk,UrbanTaste,0.69
3342,SKU-03342,Grocery,Rice,AlphaFoods,2.65
3343,SKU-03343,Dairy,Yogurt,UrbanTaste,3.43
3344,SKU-03344,PersonalCare,Toothpaste,GreenLine,8.13
3345,SKU-03345,Frozen,Pizza,GreenLine,31.92
3346,SKU-03346,Dairy,Cheese,GreenLine,21.27
3347,SKU-03347,Beverage,Juice,PureLife,4.25
3348,SKU-03348,Dairy,Cheese,NovaFresh,1.57
3349,SKU-03349,Snacks,Biscuits,PureLife,16.01
3350,SKU-03350,Snacks,Nuts,GreenLine,13.61
3351,SKU-03351,Dairy,Cheese,NovaFresh,38.31
3352,SKU-03352,Frozen,Veg,UrbanTaste,26.15
3353,SKU-03353,PersonalCare,Toothpaste,Sunrise,16.68
3354,SKU-03354,Grocery,Oil,GreenLine,17.93
3355,SKU-03355,Snacks,Chips,UrbanTaste,31.85
3356,SKU-03356,Grocery,Pasta,Sunrise,27.01
3357,SKU-03357,Snacks,Nuts,PureLife,13.48
3358,SKU-03358,PersonalCare,Shampoo,Sunrise,13.59
3359,SKU-03359,Frozen,Pizza,PureLife,12.62
3360,SKU-03360,Beverage,Juice,GreenLine,34.94
3361,SKU-03361,Grocery,Oil,UrbanTaste,8.17
3362,SKU-03362,Beverage,Juice,UrbanTaste,16.04
3363,SKU-03363,PersonalCare,Toothpaste,GreenLine,16.77
3364,SKU-03364,Beverage,Water,NovaFresh,9.56
3365,SKU-03365,Dairy,Milk,AlphaFoods,11.77
3366,SKU-03366,Snacks,Nuts,UrbanTaste,39.4
3367,SKU-03367,PersonalCare,Soap,PureLife,37.81
3368,SKU-03368,PersonalCare,Soap,GreenLine,26.54
3369,SKU-03369,PersonalCare,Shampoo,UrbanTaste,18.21
3370,SKU-03370,Dairy,Milk,PureLife,35.41
3371,SKU-03371,PersonalCare,Soap,UrbanTaste,4.44
3372,SKU-03372,Grocery,Rice,AlphaFoods,32.87
3373,SKU-03373,Snacks,Chips,PureLife,21.68
3374,SKU-03374,PersonalCare,Shampoo,AlphaFoods,17.82
3375,SKU-03375,PersonalCare,Shampoo,PureLife,25.47
3376,SKU-03376,Beverage,Soda,Sunrise,7.24
3377,SKU-03377,Frozen,Dessert,AlphaFoods,1.83
3378,SKU-03378,Frozen,Dessert,GreenLine,34.31
3379,SKU-03379,Dairy,Milk,PureLife,33.73
3380,SKU-03380,Frozen,Dessert,PureLife,9.19
3381,SKU-03381,Snacks,Chips,UrbanTaste,28.21
3382,SKU-03382,Frozen,Dessert,GreenLine,17.89
3383,SKU-03383,PersonalCare,Soap,GreenLine,20.0
3384,SKU-03384,Snacks,Chips,AlphaFoods,5.29
3385,SKU-03385,Snacks,Biscuits,GreenLine,19.35
3386,SKU-03386,Snacks,Chips,NovaFresh,39.9
3387,SKU-03387,Frozen,Veg,Sunrise,33.91
3388,SKU-03388,PersonalCare,Soap,AlphaFoods,15.77
3389,SKU-03389,PersonalCare,Soap,GreenLine,18.26
3390,SKU-03390,PersonalCare,Shampoo,PureLife,15.86
3391,SKU-03391,Dairy,Milk,NovaFresh,25.01
3392,SKU-03392,Snacks,Nuts,PureLife,39.97
3393,SKU-03393,Frozen,Pizza,Sunrise,37.7
3394,SKU-03394,Beverage,Water,NovaFresh,4.73
3395,SKU-03395,Snacks,Chips,NovaFresh,13.31
3396,SKU-03396,Snacks,Nuts,UrbanTaste,11.11
3397,SKU-03397,Frozen,Dessert,AlphaFoods,26.49
3398,SKU-03398,Frozen,Pizza,UrbanTaste,9.21
3399,SKU-03399,Beverage,Soda,NovaFresh,11.64
3400,SKU-03400,Dairy,Yogurt,NovaFresh,37.78
3401,SKU-03401,PersonalCare,Toothpaste,NovaFresh,29.01
3402,SKU-03402,PersonalCare,Shampoo,PureLife,11.4
3403,SKU-03403,Beverage,Juice,GreenLine,25.63
3404,SKU-03404,Beverage,Water,AlphaFoods,10.62
3405,SKU-03405,Snacks,Nuts,PureLife,24.29
3406,SKU-03406,Beverage,Water,AlphaFoods,36.71
3407,SKU-03407,PersonalCare,Shampoo,AlphaFoods,26.56
3408,SKU-03408,Frozen,Dessert,GreenLine,29.92
3409,SKU-03409,Frozen,Pizza,PureLife,21.49
3410,SKU-03410,Dairy,Yogurt,UrbanTaste,33.19
3411,SKU-03411,Frozen,Dessert,NovaFresh,10.27
3412,SKU-03412,Grocery,Pasta,NovaFresh,30.18
3413,SKU-03413,Beverage,Soda,NovaFresh,31.47
3414,SKU-03414,PersonalCare,Soap,NovaFresh,35.6
3415,SKU-03415,Dairy,Yogurt,Sunrise,31.16
3416,SKU-03416,Dairy,Cheese,PureLife,21.09
3417,SKU-03417,Frozen,Dessert,UrbanTaste,13.94
3418,SKU-03418,Beverage,Juice,AlphaFoods,39.86
3419,SKU-03419,Snacks,Chips,GreenLine,7.86
3420,SKU-03420,Dairy,Cheese,UrbanTaste,15.43
3421,SKU-03421,Grocery,Pasta,Sunrise,11.83
3422,SKU-03422,Frozen,Dessert,NovaFresh,31.25
3423,SKU-03423,Grocery,Rice,PureLife,25.23
3424,SKU-03424,Grocery,Pasta,AlphaFoods,20.29
3425,SKU-03425,Snacks,Chips,Sunrise,22.48
3426,SKU-03426,Beverage,Water,NovaFresh,26.04
3427,SKU-03427,PersonalCare,Toothpaste,Sunrise,37.6
3428,SKU-03428,PersonalCare,Soap,Sunrise,19.8
3429,SKU-03429,Beverage,Soda,GreenLine,23.89
3430,SKU-03430,Grocery,Rice,GreenLine,20.74
3431,SKU-03431,Grocery,Rice,Sunrise,1.58
3432,SKU-03432,Dairy,Milk,NovaFresh,6.98
3433,SKU-03433,PersonalCare,Shampoo,NovaFresh,8.79
3434,SKU-03434,Beverage,Juice,GreenLine,14.93
3435,SKU-03435,Frozen,Veg,Sunrise,38.23
3436,SKU-03436,Frozen,Pizza,PureLife,28.64
3437,SKU-03437,Dairy,Milk,AlphaFoods,8.47
3438,SKU-03438,Dairy,Yogurt,PureLife,27.65
3439,SKU-03439,Frozen,Veg,AlphaFoods,36.24
3440,SKU-03440,Snacks,Biscuits,NovaFresh,16.25
3441,SKU-03441,Frozen,Pizza,NovaFresh,4.18
3442,SKU-03442,PersonalCare,Soap,Sunrise,20.54
3443,SKU-03443,Frozen,Pizza,AlphaFoods,12.67
3444,SKU-03444,Beverage,Juice,Sunrise,36.87
3445,SKU-03445,Snacks,Nuts,AlphaFoods,30.33
3446,SKU-03446,Dairy,Yogurt,GreenLine,32.64
3447,SKU-03447,Beverage,Water,AlphaFoods,23.17
3448,SKU-03448,Snacks,Nuts,UrbanTaste,34.74
3449,SKU-03449,Beverage,Juice,NovaFresh,8.61
3450,SKU-03450,Dairy,Cheese,UrbanTaste,7.98
3451,SKU-03451,Snacks,Chips,UrbanTaste,35.34
3452,SKU-03452,Frozen,Pizza,AlphaFoods,2.33
3453,SKU-03453,Frozen,Veg,Sunrise,14.74
3454,SKU-03454,Grocery,Oil,GreenLine,16.9
3455,SKU-03455,Grocery,Pasta,GreenLine,33.69
3456,SKU-03456,Frozen,Dessert,UrbanTaste,34.17
3457,SKU-03457,Snacks,Nuts,NovaFresh,32.7
3458,SKU-03458,Frozen,Veg,Sunrise,21.2
3459,SKU-03459,PersonalCare,Shampoo,UrbanTaste,29.29
3460,SKU-03460,Dairy,Milk,AlphaFoods,32.57
3461,SKU-03461,Grocery,Oil,PureLife,39.05
3462,SKU-03462,Grocery,Oil,GreenLine,22.85
3463,SKU-03463,PersonalCare,Soap,UrbanTaste,16.07
3464,SKU-03464,Snacks,Nuts,NovaFresh,34.04
3465,SKU-03465,Dairy,Milk,AlphaFoods,38.57
3466,SKU-03466,PersonalCare,Shampoo,PureLife,23.85
3467,SKU-03467,Beverage,Soda,Sunrise,29.23
3468,SKU-03468,Dairy,Cheese,AlphaFoods,7.24
3469,SKU-03469,Grocery,Oil,NovaFresh,2.75
3470,SKU-03470,Dairy,Cheese,GreenLine,14.07
3471,SKU-03471,Frozen,Veg,Sunrise,39.57
3472,SKU-03472,PersonalCare,Shampoo,AlphaFoods,7.19
3473,SKU-03473,Beverage,Juice,Sunrise,22.49
3474,SKU-03474,Beverage,Juice,AlphaFoods,36.82
3475,SKU-03475,Dairy,Milk,UrbanTaste,18.19
3476,SKU-03476,Snacks,Biscuits,Sunrise,15.61
3477,SKU-03477,Frozen,Pizza,AlphaFoods,12.47
3478,SKU-03478,Dairy,Milk,UrbanTaste,16.65
3479,SKU-03479,Grocery,Pasta,UrbanTaste,37.16
3480,SKU-03480,Grocery,Pasta,Sunrise,22.47
3481,SKU-03481,Grocery,Rice,UrbanTaste,6.87
3482,SKU-03482,Dairy,Cheese,PureLife,10.83
3483,SKU-03483,Snacks,Chips,AlphaFoods,10.6
3484,SKU-03484,PersonalCare,Shampoo,AlphaFoods,24.18
3485,SKU-03485,Grocery,Rice,UrbanTaste,12.42
3486,SKU-03486,Grocery,Oil,NovaFresh,32.8
3487,SKU-03487,Grocery,Oil,UrbanTaste,20.92
3488,SKU-03488,Frozen,Pizza,NovaFresh,2.14
3489,SKU-03489,Dairy,Cheese,AlphaFoods,25.85
3490,SKU-03490,Snacks,Biscuits,UrbanTaste,15.77
3491,SKU-03491,Dairy,Yogurt,Sunrise,19.51
3492,SKU-03492,Grocery,Oil,UrbanTaste,9.44
3493,SKU-03493,Dairy,Milk,AlphaFoods,32.71
3494,SKU-03494,Dairy,Cheese,Sunrise,26.68
3495,SKU-03495,Beverage,Juice,Sunrise,33.89
3496,SKU-03496,PersonalCare,Soap,GreenLine,6.26
3497,SKU-03497,Beverage,Water,AlphaFoods,9.66
3498,SKU-03498,Grocery,Rice,UrbanTaste,13.07
3499,SKU-03499,Grocery,Rice,GreenLine,30.95
3500,SKU-03500,Grocery,Pasta,Sunrise,28.96
3501,SKU-03501,Snacks,Chips,GreenLine,20.84
3502,SKU-03502,Snacks,Chips,UrbanTaste,11.91
3503,SKU-03503,Snacks,Chips,PureLife,12.69
3504,SKU-03504,Frozen,Pizza,NovaFresh,29.11
3505,SKU-03505,Snacks,Nuts,GreenLine,22.08
3506,SKU-03506,Snacks,Nuts,GreenLine,30.87
3507,SKU-03507,Frozen,Veg,PureLife,27.67
3508,SKU-03508,Beverage,Water,PureLife,38.54
3509,SKU-03509,Beverage,Water,Sunrise,27.64
3510,SKU-03510,Frozen,Pizza,GreenLine,14.19
3511,SKU-03511,Grocery,Oil,PureLife,8.94
3512,SKU-03512,Grocery,Rice,NovaFresh,20.3
3513,SKU-03513,Dairy,Yogurt,GreenLine,33.57
3514,SKU-03514,Snacks,Chips,Sunrise,36.28
3515,SKU-03515,Snacks,Biscuits,PureLife,22.29
3516,SKU-03516,Frozen,Dessert,NovaFresh,21.28
3517,SKU-03517,PersonalCare,Soap,PureLife,5.75
3518,SKU-03518,Grocery,Pasta,GreenLine,36.12
3519,SKU-03519,Dairy,Milk,UrbanTaste,19.34
3520,SKU-03520,PersonalCare,Shampoo,AlphaFoods,32.13
3521,SKU-03521,Frozen,Dessert,UrbanTaste,9.12
3522,SKU-03522,Beverage,Juice,NovaFresh,12.59
3523,SKU-03523,Grocery,Oil,UrbanTaste,26.77
3524,SKU-03524,PersonalCare,Toothpaste,Sunrise,14.1
3525,SKU-03525,Grocery,Pasta,PureLife,37.59
3526,SKU-03526,Snacks,Nuts,AlphaFoods,4.86
3527,SKU-03527,Frozen,Pizza,GreenLine,5.95
3528,SKU-03528,Beverage,Juice,UrbanTaste,5.41
3529,SKU-03529,PersonalCare,Toothpaste,GreenLine,26.75
3530,SKU-03530,Dairy,Cheese,PureLife,24.1
3531,SKU-03531,Dairy,Yogurt,GreenLine,22.85
3532,SKU-03532,Grocery,Pasta,PureLife,5.56
3533,SKU-03533,Beverage,Juice,PureLife,4.47
3534,SKU-03534,Grocery,Rice,UrbanTaste,32.99
3535,SKU-03535,Dairy,Yogurt,PureLife,4.35
3536,SKU-03536,Frozen,Pizza,GreenLine,10.15
3537,SKU-03537,Dairy,Cheese,GreenLine,12.92
3538,SKU-03538,Beverage,Soda,UrbanTaste,33.9
3539,SKU-03539,Snacks,Chips,UrbanTaste,38.07
3540,SKU-03540,Frozen,Veg,AlphaFoods,33.33
3541,SKU-03541,Beverage,Soda,Sunrise,33.68
3542,SKU-03542,Frozen,Veg,GreenLine,10.94
3543,SKU-03543,PersonalCare,Soap,AlphaFoods,19.27
3544,SKU-03544,Frozen,Veg,GreenLine,26.33
3545,SKU-03545,Frozen,Veg,UrbanTaste,39.99
3546,SKU-03546,Grocery,Rice,NovaFresh,33.21
3547,SKU-03547,Grocery,Pasta,NovaFresh,33.1
3548,SKU-03548,Snacks,Biscuits,GreenLine,11.38
3549,SKU-03549,Frozen,Veg,NovaFresh,30.62
3550,SKU-03550,PersonalCare,Toothpaste,Sunrise,6.43
3551,SKU-03551,Frozen,Pizza,PureLife,2.84
3552,SKU-03552,PersonalCare,Shampoo,GreenLine,35.32
3553,SKU-03553,Dairy,Yogurt,PureLife,20.38
3554,SKU-03554,Grocery,Oil,AlphaFoods,32.28
3555,SKU-03555,Frozen,Veg,NovaFresh,31.67
3556,SKU-03556,Grocery,Pasta,GreenLine,16.08
3557,SKU-03557,Dairy,Yogurt,AlphaFoods,36.43
3558,SKU-03558,Frozen,Pizza,NovaFresh,27.96
3559,SKU-03559,Frozen,Veg,PureLife,31.52
3560,SKU-03560,Snacks,Chips,AlphaFoods,20.82
3561,SKU-03561,Snacks,Chips,AlphaFoods,39.77
3562,SKU-03562,PersonalCare,Toothpaste,GreenLine,21.95
3563,SKU-03563,Dairy,Yogurt,Sunrise,8.0
3564,SKU-03564,Beverage,Juice,UrbanTaste,9.27
3565,SKU-03565,PersonalCare,Soap,UrbanTaste,12.98
3566,SKU-03566,Grocery,Rice,UrbanTaste,7.99
3567,SKU-03567,Grocery,Oil,UrbanTaste,13.62
3568,SKU-03568,Dairy,Yogurt,PureLife,9.95
3569,SKU-03569,Beverage,Juice,UrbanTaste,24.48
3570,SKU-03570,Beverage,Juice,AlphaFoods,21.68
3571,SKU-03571,Dairy,Milk,PureLife,27.44
3572,SKU-03572,Beverage,Water,GreenLine,1.3
3573,SKU-03573,Snacks,Biscuits,PureLife,14.59
3574,SKU-03574,Snacks,Nuts,PureLife,10.03
3575,SKU-03575,Beverage,Juice,PureLife,8.86
3576,SKU-03576,Frozen,Veg,AlphaFoods,1.29
3577,SKU-03577,Frozen,Dessert,Sunrise,19.06
3578,SKU-03578,Frozen,Dessert,UrbanTaste,16.85
3579,SKU-03579,Snacks,Nuts,Sunrise,25.61
3580,SKU-03580,Grocery,Pasta,UrbanTaste,6.8
3581,SKU-03581,Beverage,Water,UrbanTaste,37.6
3582,SKU-03582,Frozen,Dessert,Sunrise,19.5
3583,SKU-03583,Frozen,Dessert,PureLife,17.64
3584,SKU-03584,Frozen,Dessert,PureLife,22.18
3585,SKU-03585,Snacks,Chips,AlphaFoods,34.59
3586,SKU-03586,Grocery,Pasta,GreenLine,36.13
3587,SKU-03587,Beverage,Water,GreenLine,30.45
3588,SKU-03588,PersonalCare,Soap,PureLife,34.29
3589,SKU-03589,PersonalCare,Shampoo,AlphaFoods,29.03
3590,SKU-03590,Beverage,Water,UrbanTaste,20.87
3591,SKU-03591,Beverage,Juice,NovaFresh,26.21
3592,SKU-03592,Snacks,Biscuits,UrbanTaste,18.91
3593,SKU-03593,Grocery,Oil,PureLife,22.32
3594,SKU-03594,Grocery,Pasta,NovaFresh,2.88
3595,SKU-03595,Dairy,Cheese,PureLife,38.21
3596,SKU-03596,Grocery,Oil,GreenLine,10.35
3597,SKU-03597,Grocery,Pasta,AlphaFoods,4.28
3598,SKU-03598,Beverage,Soda,NovaFresh,27.29
3599,SKU-03599,PersonalCare,Soap,UrbanTaste,36.46
3600,SKU-03600,Frozen,Veg,GreenLine,2.03
3601,SKU-03601,Beverage,Juice,PureLife,8.15
3602,SKU-03602,PersonalCare,Toothpaste,NovaFresh,4.03
3603,SKU-03603,Grocery,Pasta,UrbanTaste,15.21
3604,SKU-03604,Grocery,Pasta,GreenLine,35.35
3605,SKU-03605,Snacks,Chips,Sunrise,10.25
3606,SKU-03606,Dairy,Cheese,PureLife,7.02
3607,SKU-03607,Snacks,Biscuits,AlphaFoods,23.63
3608,SKU-03608,Grocery,Oil,NovaFresh,28.1
3609,SKU-03609,PersonalCare,Toothpaste,Sunrise,19.21
3610,SKU-03610,Frozen,Dessert,UrbanTaste,33.6
3611,SKU-03611,Frozen,Dessert,UrbanTaste,30.3
3612,SKU-03612,Snacks,Chips,UrbanTaste,20.98
3613,SKU-03613,Snacks,Chips,GreenLine,24.39
3614,SKU-03614,Grocery,Pasta,Sunrise,11.7
3615,SKU-03615,Beverage,Soda,GreenLine,19.76
3616,SKU-03616,PersonalCare,Toothpaste,AlphaFoods,12.04
3617,SKU-03617,PersonalCare,Shampoo,NovaFresh,24.55
3618,SKU-03618,Dairy,Milk,NovaFresh,11.6
3619,SKU-03619,Frozen,Veg,Sunrise,17.72
3620,SKU-03620,Grocery,Rice,AlphaFoods,35.73
3621,SKU-03621,PersonalCare,Toothpaste,GreenLine,33.54
3622,SKU-03622,Dairy,Milk,AlphaFoods,9.95
3623,SKU-03623,Grocery,Oil,UrbanTaste,33.66
3624,SKU-03624,Grocery,Pasta,UrbanTaste,21.44
3625,SKU-03625,Beverage,Juice,UrbanTaste,24.67
3626,SKU-03626,PersonalCare,Soap,UrbanTaste,23.8
3627,SKU-03627,Snacks,Biscuits,UrbanTaste,12.98
3628,SKU-03628,Snacks,Chips,AlphaFoods,16.52
3629,SKU-03629,PersonalCare,Soap,PureLife,17.94
3630,SKU-03630,Frozen,Pizza,Sunrise,7.11
3631,SKU-03631,Dairy,Cheese,PureLife,6.95
3632,SKU-03632,Grocery,Pasta,Sunrise,3.64
3633,SKU-03633,Beverage,Water,NovaFresh,2.75
3634,SKU-03634,Beverage,Juice,PureLife,11.77
3635,SKU-03635,PersonalCare,Soap,GreenLine,24.58
3636,SKU-03636,Frozen,Veg,PureLife,16.77
3637,SKU-03637,Snacks,Biscuits,PureLife,33.3
3638,SKU-03638,Dairy,Milk,GreenLine,37.27
3639,SKU-03639,Beverage,Water,UrbanTaste,11.33
3640,SKU-03640,Dairy,Cheese,GreenLine,18.09
3641,SKU-03641,PersonalCare,Toothpaste,AlphaFoods,28.64
3642,SKU-03642,Beverage,Water,NovaFresh,21.63
3643,SKU-03643,PersonalCare,Soap,GreenLine,7.25
3644,SKU-03644,Frozen,Pizza,PureLife,30.13
3645,SKU-03645,Beverage,Soda,GreenLine,19.17
3646,SKU-03646,Dairy,Milk,UrbanTaste,33.88
3647,SKU-03647,Grocery,Rice,Sunrise,29.38
3648,SKU-03648,Dairy,Yogurt,UrbanTaste,27.29
3649,SKU-03649,PersonalCare,Soap,GreenLine,2.4
3650,SKU-03650,Snacks,Chips,NovaFresh,29.6
3651,SKU-03651,Dairy,Yogurt,Sunrise,22.96
3652,SKU-03652,Dairy,Milk,UrbanTaste,31.35
3653,SKU-03653,Frozen,Pizza,GreenLine,13.89
3654,SKU-03654,Dairy,Yogurt,UrbanTaste,8.17
3655,SKU-03655,PersonalCare,Soap,GreenLine,32.32
3656,SKU-03656,PersonalCare,Toothpaste,Sunrise,36.88
3657,SKU-03657,Snacks,Chips,Sunrise,8.31
3658,SKU-03658,PersonalCare,Toothpaste,AlphaFoods,39.86
3659,SKU-03659,Snacks,Chips,AlphaFoods,7.71
3660,SKU-03660,Dairy,Milk,Sunrise,18.31
3661,SKU-03661,Beverage,Soda,Sunrise,29.8
3662,SKU-03662,Beverage,Water,Sunrise,5.35
3663,SKU-03663,Grocery,Pasta,NovaFresh,29.68
3664,SKU-03664,Beverage,Soda,AlphaFoods,39.67
3665,SKU-03665,Dairy,Yogurt,PureLife,16.54
3666,SKU-03666,PersonalCare,Shampoo,UrbanTaste,20.03
3667,SKU-03667,PersonalCare,Shampoo,PureLife,14.42
3668,SKU-03668,Beverage,Soda,NovaFresh,11.06
3669,SKU-03669,Beverage,Juice,Sunrise,4.63
3670,SKU-03670,Frozen,Dessert,UrbanTaste,5.77
3671,SKU-03671,Snacks,Chips,GreenLine,18.54
3672,SKU-03672,Grocery,Pasta,AlphaFoods,39.89
3673,SKU-03673,Snacks,Biscuits,NovaFresh,2.32
3674,SKU-03674,Frozen,Dessert,NovaFresh,19.48
3675,SKU-03675,Dairy,Yogurt,GreenLine,4.49
3676,SKU-03676,Dairy,Yogurt,Sunrise,6.4
3677,SKU-03677,Beverage,Juice,AlphaFoods,3.05
3678,SKU-03678,Beverage,Soda,UrbanTaste,19.6
3679,SKU-03679,Beverage,Water,Sunrise,30.69
3680,SKU-03680,Frozen,Pizza,AlphaFoods,25.9
3681,SKU-03681,Snacks,Nuts,Sunrise,39.54
3682,SKU-03682,PersonalCare,Shampoo,AlphaFoods,19.81
3683,SKU-03683,Grocery,Rice,PureLife,5.76
3684,SKU-03684,Frozen,Dessert,NovaFresh,12.23
3685,SKU-03685,Snacks,Nuts,NovaFresh,28.19
3686,SKU-03686,Dairy,Milk,NovaFresh,7.27
3687,SKU-03687,Frozen,Dessert,NovaFresh,30.89
3688,SKU-03688,Beverage,Juice,AlphaFoods,2.2
3689,SKU-03689,PersonalCare,Soap,UrbanTaste,21.33
3690,SKU-03690,Beverage,Water,AlphaFoods,20.48
3691,SKU-03691,PersonalCare,Shampoo,AlphaFoods,15.57
3692,SKU-03692,Beverage,Water,PureLife,20.13
3693,SKU-03693,Dairy,Yogurt,AlphaFoods,27.54
3694,SKU-03694,PersonalCare,Soap,NovaFresh,19.08
3695,SKU-03695,Grocery,Pasta,NovaFresh,35.77
3696,SKU-03696,Grocery,Oil,GreenLine,6.52
3697,SKU-03697,PersonalCare,Soap,PureLife,20.28
3698,SKU-03698,Snacks,Nuts,NovaFresh,7.59
3699,SKU-03699,PersonalCare,Shampoo,PureLife,18.27
3700,SKU-03700,PersonalCare,Shampoo,GreenLine,31.07
3701,SKU-03701,Grocery,Rice,UrbanTaste,13.07
3702,SKU-03702,Grocery,Pasta,Sunrise,35.15
3703,SKU-03703,Dairy,Yogurt,AlphaFoods,37.19
3704,SKU-03704,Frozen,Dessert,PureLife,33.78
3705,SKU-03705,PersonalCare,Shampoo,AlphaFoods,2.79
3706,SKU-03706,PersonalCare,Shampoo,PureLife,1.47
3707,SKU-03707,Snacks,Biscuits,AlphaFoods,12.77
3708,SKU-03708,Beverage,Juice,Sunrise,26.83
3709,SKU-03709,Snacks,Nuts,PureLife,36.43
3710,SKU-03710,Frozen,Dessert,NovaFresh,29.53
3711,SKU-03711,Beverage,Juice,GreenLine,30.51
3712,SKU-03712,Frozen,Pizza,GreenLine,16.7
3713,SKU-03713,Snacks,Nuts,UrbanTaste,24.31
3714,SKU-03714,Frozen,Veg,AlphaFoods,35.44
3715,SKU-03715,Grocery,Oil,Sunrise,2.4
3716,SKU-03716,Frozen,Veg,AlphaFoods,33.59
3717,SKU-03717,Frozen,Dessert,NovaFresh,18.66
3718,SKU-03718,Snacks,Biscuits,UrbanTaste,7.73
3719,SKU-03719,Frozen,Pizza,UrbanTaste,32.04
3720,SKU-03720,PersonalCare,Shampoo,AlphaFoods,38.3
3721,SKU-03721,PersonalCare,Toothpaste,UrbanTaste,17.4
3722,SKU-03722,Dairy,Milk,NovaFresh,18.7
3723,SKU-03723,Beverage,Water,UrbanTaste,14.6
3724,SKU-03724,Snacks,Chips,AlphaFoods,4.8
3725,SKU-03725,Beverage,Soda,UrbanTaste,38.73
3726,SKU-03726,Beverage,Juice,PureLife,33.27
3727,SKU-03727,Snacks,Nuts,PureLife,32.74
3728,SKU-03728,PersonalCare,Soap,PureLife,27.55
3729,SKU-03729,Snacks,Biscuits,Sunrise,13.57
3730,SKU-03730,Grocery,Oil,Sunrise,32.64
3731,SKU-03731,Grocery,Pasta,NovaFresh,32.58
3732,SKU-03732,PersonalCare,Toothpaste,PureLife,38.78
3733,SKU-03733,PersonalCare,Toothpaste,NovaFresh,7.58
3734,SKU-03734,Beverage,Water,GreenLine,19.47
3735,SKU-03735,Dairy,Cheese,PureLife,35.04
3736,SKU-03736,Dairy,Cheese,GreenLine,30.82
3737,SKU-03737,Grocery,Pasta,NovaFresh,39.48
3738,SKU-03738,PersonalCare,Toothpaste,GreenLine,21.04
3739,SKU-03739,Dairy,Milk,Sunrise,9.57
3740,SKU-03740,Beverage,Juice,UrbanTaste,23.64
3741,SKU-03741,Grocery,Oil,Sunrise,24.58
3742,SKU-03742,PersonalCare,Shampoo,AlphaFoods,15.81
3743,SKU-03743,Grocery,Oil,UrbanTaste,21.79
3744,SKU-03744,Dairy,Yogurt,Sunrise,20.82
3745,SKU-03745,PersonalCare,Toothpaste,AlphaFoods,7.22
3746,SKU-03746,Beverage,Soda,NovaFresh,18.27
3747,SKU-03747,Frozen,Pizza,GreenLine,16.43
3748,SKU-03748,Beverage,Soda,PureLife,13.84
3749,SKU-03749,Snacks,Chips,AlphaFoods,12.1
3750,SKU-03750,Beverage,Juice,AlphaFoods,32.83
3751,SKU-03751,Beverage,Soda,NovaFresh,1.01
3752,SKU-03752,Grocery,Oil,NovaFresh,31.52
3753,SKU-03753,Snacks,Biscuits,AlphaFoods,25.66
3754,SKU-03754,Snacks,Chips,AlphaFoods,15.2
3755,SKU-03755,Beverage,Soda,PureLife,34.66
3756,SKU-03756,Snacks,Chips,GreenLine,35.66
3757,SKU-03757,Frozen,Pizza,NovaFresh,10.2
3758,SKU-03758,Grocery,Rice,Sunrise,2.05
3759,SKU-03759,Frozen,Dessert,Sunrise,36.94
3760,SKU-03760,PersonalCare,Shampoo,Sunrise,35.93
3761,SKU-03761,PersonalCare,Soap,AlphaFoods,24.89
3762,SKU-03762,Grocery,Rice,NovaFresh,18.0
3763,SKU-03763,Grocery,Rice,NovaFresh,12.3
3764,SKU-03764,Snacks,Nuts,PureLife,11.88
3765,SKU-03765,Dairy,Cheese,GreenLine,3.66
3766,SKU-03766,Dairy,Cheese,GreenLine,35.17
3767,SKU-03767,PersonalCare,Shampoo,NovaFresh,4.14
3768,SKU-03768,Snacks,Chips,UrbanTaste,16.6
3769,SKU-03769,Dairy,Milk,GreenLine,11.85
3770,SKU-03770,Snacks,Nuts,UrbanTaste,39.45
3771,SKU-03771,Beverage,Water,PureLife,18.53
3772,SKU-03772,Snacks,Nuts,Sunrise,11.44
3773,SKU-03773,Beverage,Juice,UrbanTaste,24.14
3774,SKU-03774,Beverage,Juice,Sunrise,33.1
3775,SKU-03775,PersonalCare,Soap,NovaFresh,22.68
3776,SKU-03776,Dairy,Cheese,GreenLine,25.25
3777,SKU-03777,Beverage,Water,AlphaFoods,20.18
3778,SKU-03778,Frozen,Veg,AlphaFoods,27.7
3779,SKU-03779,Grocery,Pasta,GreenLine,23.64
3780,SKU-03780,Beverage,Juice,NovaFresh,17.45
3781,SKU-03781,Beverage,Soda,GreenLine,7.72
3782,SKU-03782,Dairy,Yogurt,GreenLine,31.39
3783,SKU-03783,Frozen,Dessert,PureLife,19.19
3784,SKU-03784,Snacks,Biscuits,Sunrise,33.08
3785,SKU-03785,Frozen,Pizza,UrbanTaste,22.66
3786,SKU-03786,Snacks,Biscuits,GreenLine,20.8
3787,SKU-03787,Frozen,Dessert,UrbanTaste,13.24
3788,SKU-03788,PersonalCare,Toothpaste,PureLife,29.81
3789,SKU-03789,PersonalCare,Toothpaste,UrbanTaste,21.8
3790,SKU-03790,Frozen,Dessert,Sunrise,15.69
3791,SKU-03791,PersonalCare,Toothpaste,PureLife,8.91
3792,SKU-03792,Dairy,Cheese,GreenLine,38.28
3793,SKU-03793,Dairy,Cheese,GreenLine,19.84
3794,SKU-03794,Dairy,Cheese,PureLife,33.39
3795,SKU-03795,Grocery,Pasta,GreenLine,24.46
3796,SKU-03796,Frozen,Pizza,UrbanTaste,38.02
3797,SKU-03797,Dairy,Yogurt,GreenLine,34.38
3798,SKU-03798,Dairy,Cheese,NovaFresh,30.96
3799,SKU-03799,Frozen,Dessert,AlphaFoods,17.34
3800,SKU-03800,Frozen,Veg,AlphaFoods,19.66
3801,SKU-03801,Grocery,Rice,Sunrise,17.37
3802,SKU-03802,PersonalCare,Toothpaste,PureLife,28.4
3803,SKU-03803,PersonalCare,Soap,NovaFresh,12.91
3804,SKU-03804,PersonalCare,Soap,GreenLine,20.67
3805,SKU-03805,Frozen,Pizza,AlphaFoods,30.23
3806,SKU-03806,Beverage,Juice,PureLife,11.45
3807,SKU-03807,Grocery,Pasta,NovaFresh,37.01
3808,SKU-03808,Frozen,Dessert,UrbanTaste,11.5
3809,SKU-03809,Snacks,Nuts,NovaFresh,13.87
3810,SKU-03810,Dairy,Yogurt,UrbanTaste,13.49
3811,SKU-03811,Beverage,Juice,UrbanTaste,23.93
3812,SKU-03812,Dairy,Milk,AlphaFoods,10.55
3813,SKU-03813,Dairy,Yogurt,UrbanTaste,12.37
3814,SKU-03814,Snacks,Chips,UrbanTaste,10.95
3815,SKU-03815,Snacks,Nuts,NovaFresh,30.82
3816,SKU-03816,PersonalCare,Toothpaste,GreenLine,24.82
3817,SKU-03817,Grocery,Oil,PureLife,28.78
3818,SKU-03818,Frozen,Pizza,PureLife,21.62
3819,SKU-03819,PersonalCare,Toothpaste,AlphaFoods,10.85
3820,SKU-03820,Beverage,Juice,GreenLine,1.63
3821,SKU-03821,Dairy,Milk,NovaFresh,28.98
3822,SKU-03822,Beverage,Juice,PureLife,27.29
3823,SKU-03823,Grocery,Oil,PureLife,33.56
3824,SKU-03824,Frozen,Pizza,GreenLine,4.46
3825,SKU-03825,Grocery,Rice,UrbanTaste,34.41
3826,SKU-03826,Grocery,Oil,Sunrise,32.45
3827,SKU-03827,Frozen,Dessert,GreenLine,11.38
3828,SKU-03828,Grocery,Pasta,Sunrise,28.32
3829,SKU-03829,Frozen,Veg,GreenLine,38.7
3830,SKU-03830,Frozen,Pizza,GreenLine,1.93
3831,SKU-03831,Dairy,Yogurt,PureLife,16.57
3832,SKU-03832,Beverage,Water,UrbanTaste,18.73
3833,SKU-03833,Grocery,Oil,Sunrise,17.55
3834,SKU-03834,Grocery,Pasta,UrbanTaste,37.82
3835,SKU-03835,Grocery,Rice,UrbanTaste,15.25
3836,SKU-03836,PersonalCare,Soap,UrbanTaste,16.94
3837,SKU-03837,PersonalCare,Toothpaste,PureLife,31.78
3838,SKU-03838,Dairy,Cheese,Sunrise,27.65
3839,SKU-03839,Grocery,Pasta,UrbanTaste,11.68
3840,SKU-03840,Snacks,Chips,GreenLine,22.54
3841,SKU-03841,Beverage,Juice,PureLife,7.69
3842,SKU-03842,Snacks,Nuts,PureLife,18.4
3843,SKU-03843,Beverage,Water,UrbanTaste,29.49
3844,SKU-03844,Snacks,Nuts,GreenLine,34.14
3845,SKU-03845,Grocery,Oil,GreenLine,1.67
3846,SKU-03846,PersonalCare,Soap,AlphaFoods,30.9
3847,SKU-03847,Snacks,Biscuits,Sunrise,5.81
3848,SKU-03848,Grocery,Rice,GreenLine,21.9
3849,SKU-03849,Snacks,Chips,UrbanTaste,16.67
3850,SKU-03850,Snacks,Nuts,UrbanTaste,15.19
3851,SKU-03851,Frozen,Veg,AlphaFoods,15.03
3852,SKU-03852,Beverage,Soda,GreenLine,7.91
3853,SKU-03853,Dairy,Milk,UrbanTaste,21.26
3854,SKU-03854,Frozen,Dessert,AlphaFoods,15.85
3855,SKU-03855,Snacks,Nuts,Sunrise,14.76
3856,SKU-03856,Frozen,Dessert,Sunrise,16.36
3857,SKU-03857,Beverage,Water,NovaFresh,36.1
3858,SKU-03858,PersonalCare,Toothpaste,NovaFresh,35.76
3859,SKU-03859,Frozen,Veg,PureLife,19.21
3860,SKU-03860,Dairy,Yogurt,GreenLine,14.74
3861,SKU-03861,Grocery,Oil,Sunrise,27.84
3862,SKU-03862,PersonalCare,Soap,PureLife,25.87
3863,SKU-03863,Frozen,Dessert,NovaFresh,33.22
3864,SKU-03864,Beverage,Water,GreenLine,7.55
3865,SKU-03865,Dairy,Cheese,NovaFresh,38.75
3866,SKU-03866,Dairy,Yogurt,GreenLine,5.52
3867,SKU-03867,Dairy,Yogurt,GreenLine,32.84
3868,SKU-03868,Dairy,Cheese,NovaFresh,4.2
3869,SKU-03869,Grocery,Rice,PureLife,26.4
3870,SKU-03870,Frozen,Dessert,GreenLine,25.99
3871,SKU-03871,Dairy,Cheese,NovaFresh,16.18
3872,SKU-03872,Snacks,Chips,AlphaFoods,6.01
3873,SKU-03873,Frozen,Veg,PureLife,33.7
3874,SKU-03874,Frozen,Pizza,NovaFresh,23.33
3875,SKU-03875,Beverage,Soda,NovaFresh,6.57
3876,SKU-03876,Snacks,Chips,Sunrise,29.51
3877,SKU-03877,Dairy,Milk,Sunrise,5.47
3878,SKU-03878,Frozen,Dessert,NovaFresh,27.85
3879,SKU-03879,Frozen,Dessert,Sunrise,17.63
3880,SKU-03880,PersonalCare,Soap,Sunrise,30.5
3881,SKU-03881,Snacks,Nuts,AlphaFoods,23.26
3882,SKU-03882,Snacks,Biscuits,GreenLine,22.7
3883,SKU-03883,Frozen,Pizza,GreenLine,10.06
3884,SKU-03884,Frozen,Pizza,NovaFresh,27.88
3885,SKU-03885,Beverage,Water,Sunrise,37.43
3886,SKU-03886,Beverage,Soda,PureLife,10.18
3887,SKU-03887,Grocery,Oil,GreenLine,30.65
3888,SKU-03888,Snacks,Nuts,NovaFresh,6.32
3889,SKU-03889,Grocery,Rice,GreenLine,18.63
3890,SKU-03890,PersonalCare,Toothpaste,NovaFresh,18.26
3891,SKU-03891,PersonalCare,Toothpaste,UrbanTaste,1.23
3892,SKU-03892,PersonalCare,Shampoo,GreenLine,29.39
3893,SKU-03893,Snacks,Nuts,AlphaFoods,34.56
3894,SKU-03894,Beverage,Juice,AlphaFoods,39.09
3895,SKU-03895,Grocery,Oil,GreenLine,17.09
3896,SKU-03896,Grocery,Pasta,UrbanTaste,26.08
3897,SKU-03897,Beverage,Water,UrbanTaste,18.78
3898,SKU-03898,Beverage,Juice,AlphaFoods,5.31
3899,SKU-03899,Dairy,Yogurt,GreenLine,26.3
3900,SKU-03900,Frozen,Dessert,NovaFresh,12.24
3901,SKU-03901,Dairy,Cheese,PureLife,18.23
3902,SKU-03902,Snacks,Chips,GreenLine,8.71
3903,SKU-03903,Frozen,Veg,PureLife,31.4
3904,SKU-03904,Frozen,Pizza,UrbanTaste,9.29
3905,SKU-03905,PersonalCare,Toothpaste,NovaFresh,1.59
3906,SKU-03906,Frozen,Pizza,Sunrise,26.17
3907,SKU-03907,Frozen,Dessert,NovaFresh,17.54
3908,SKU-03908,Frozen,Dessert,Sunrise,16.48
3909,SKU-03909,Grocery,Pasta,UrbanTaste,30.07
3910,SKU-03910,PersonalCare,Soap,PureLife,2.96
3911,SKU-03911,Beverage,Soda,NovaFresh,22.31
3912,SKU-03912,Snacks,Nuts,GreenLine,13.42
3913,SKU-03913,PersonalCare,Toothpaste,UrbanTaste,4.36
3914,SKU-03914,Grocery,Rice,UrbanTaste,30.59
3915,SKU-03915,Grocery,Rice,GreenLine,34.39
3916,SKU-03916,Grocery,Rice,Sunrise,39.33
3917,SKU-03917,Beverage,Juice,GreenLine,2.2
3918,SKU-03918,Snacks,Biscuits,PureLife,22.84
3919,SKU-03919,Frozen,Pizza,PureLife,19.06
3920,SKU-03920,Dairy,Yogurt,GreenLine,30.51
3921,SKU-03921,Beverage,Water,NovaFresh,9.95
3922,SKU-03922,Snacks,Nuts,NovaFresh,10.49
3923,SKU-03923,Snacks,Biscuits,NovaFresh,31.9
3924,SKU-03924,Grocery,Rice,Sunrise,16.66
3925,SKU-03925,Beverage,Juice,AlphaFoods,36.29
3926,SKU-03926,Snacks,Biscuits,GreenLine,31.41
3927,SKU-03927,Beverage,Soda,GreenLine,36.26
3928,SKU-03928,Snacks,Chips,PureLife,20.88
3929,SKU-03929,Frozen,Veg,PureLife,28.14
3930,SKU-03930,Snacks,Chips,AlphaFoods,11.05
3931,SKU-03931,Beverage,Water,AlphaFoods,12.27
3932,SKU-03932,Grocery,Oil,AlphaFoods,37.11
3933,SKU-03933,Snacks,Biscuits,AlphaFoods,12.8
3934,SKU-03934,PersonalCare,Toothpaste,NovaFresh,19.12
3935,SKU-03935,Grocery,Pasta,PureLife,35.56
3936,SKU-03936,Beverage,Soda,UrbanTaste,32.16
3937,SKU-03937,Dairy,Yogurt,Sunrise,19.64
3938,SKU-03938,Frozen,Dessert,GreenLine,13.63
3939,SKU-03939,Dairy,Milk,UrbanTaste,38.66
3940,SKU-03940,Beverage,Water,Sunrise,18.03
3941,SKU-03941,Frozen,Veg,GreenLine,32.79
3942,SKU-03942,Grocery,Rice,NovaFresh,3.77
3943,SKU-03943,Snacks,Nuts,NovaFresh,3.24
3944,SKU-03944,Snacks,Chips,Sunrise,36.19
3945,SKU-03945,Beverage,Water,GreenLine,2.6
3946,SKU-03946,Beverage,Juice,NovaFresh,4.14
3947,SKU-03947,Grocery,Rice,AlphaFoods,3.62
3948,SKU-03948,PersonalCare,Soap,AlphaFoods,4.14
3949,SKU-03949,Snacks,Chips,Sunrise,21.72
3950,SKU-03950,Frozen,Dessert,UrbanTaste,6.56
3951,SKU-03951,Grocery,Pasta,NovaFresh,5.3
3952,SKU-03952,Grocery,Oil,NovaFresh,35.18
3953,SKU-03953,Beverage,Juice,PureLife,19.01
3954,SKU-03954,PersonalCare,Shampoo,GreenLine,39.93
3955,SKU-03955,Grocery,Oil,PureLife,38.3
3956,SKU-03956,Frozen,Veg,PureLife,30.49
3957,SKU-03957,Grocery,Oil,PureLife,7.41
3958,SKU-03958,Beverage,Soda,GreenLine,12.92
3959,SKU-03959,Snacks,Biscuits,PureLife,10.98
3960,SKU-03960,Dairy,Cheese,GreenLine,17.64
3961,SKU-03961,Grocery,Pasta,Sunrise,33.59
3962,SKU-03962,Dairy,Milk,AlphaFoods,22.02
3963,SKU-03963,Snacks,Biscuits,AlphaFoods,13.72
3964,SKU-03964,Snacks,Chips,NovaFresh,29.3
3965,SKU-03965,Beverage,Soda,UrbanTaste,24.97
3966,SKU-03966,Snacks,Biscuits,NovaFresh,29.26
3967,SKU-03967,Frozen,Dessert,UrbanTaste,12.95
3968,SKU-03968,Beverage,Water,Sunrise,25.83
3969,SKU-03969,PersonalCare,Soap,GreenLine,38.26
3970,SKU-03970,Frozen,Pizza,Sunrise,22.4
3971,SKU-03971,Dairy,Cheese,GreenLine,31.87
3972,SKU-03972,PersonalCare,Soap,AlphaFoods,38.84
3973,SKU-03973,Dairy,Milk,UrbanTaste,22.63
3974,SKU-03974,Dairy,Cheese,NovaFresh,7.66
3975,SKU-03975,Beverage,Juice,PureLife,36.58
3976,SKU-03976,Beverage,Water,AlphaFoods,27.33
3977,SKU-03977,Dairy,Milk,AlphaFoods,35.27
3978,SKU-03978,Beverage,Water,NovaFresh,21.25
3979,SKU-03979,Beverage,Water,PureLife,12.02
3980,SKU-03980,Grocery,Oil,PureLife,28.11
3981,SKU-03981,Grocery,Rice,Sunrise,5.63
3982,SKU-03982,Snacks,Chips,GreenLine,23.18
3983,SKU-03983,Snacks,Biscuits,Sunrise,13.15
3984,SKU-03984,Snacks,Chips,Sunrise,11.79
3985,SKU-03985,Snacks,Chips,GreenLine,27.23
3986,SKU-03986,Grocery,Pasta,GreenLine,2.85
3987,SKU-03987,Beverage,Soda,GreenLine,27.96
3988,SKU-03988,Frozen,Dessert,NovaFresh,21.22
3989,SKU-03989,Beverage,Water,AlphaFoods,18.46
3990,SKU-03990,Beverage,Juice,GreenLine,15.4
3991,SKU-03991,Dairy,Milk,AlphaFoods,21.9
3992,SKU-03992,Frozen,Pizza,UrbanTaste,6.19
3993,SKU-03993,Frozen,Dessert,AlphaFoods,11.9
3994,SKU-03994,Grocery,Pasta,UrbanTaste,3.27
3995,SKU-03995,Dairy,Cheese,Sunrise,15.22
3996,SKU-03996,Dairy,Milk,PureLife,26.12
3997,SKU-03997,Dairy,Yogurt,GreenLine,11.85
3998,SKU-03998,Dairy,Milk,PureLife,5.93
3999,SKU-03999,Dairy,Cheese,UrbanTaste,29.71
4000,SKU-04000,PersonalCare,Toothpaste,NovaFresh,5.03
4001,SKU-04001,Beverage,Water,UrbanTaste,9.38
4002,SKU-04002,Dairy,Cheese,PureLife,34.54
4003,SKU-04003,Grocery,Oil,PureLife,3.11
4004,SKU-04004,Dairy,Milk,NovaFresh,15.95
4005,SKU-04005,Snacks,Nuts,GreenLine,22.11
4006,SKU-04006,Grocery,Oil,AlphaFoods,25.36
4007,SKU-04007,Grocery,Rice,UrbanTaste,12.84
4008,SKU-04008,Beverage,Water,Sunrise,39.99
4009,SKU-04009,Grocery,Rice,NovaFresh,12.4
4010,SKU-04010,Dairy,Milk,GreenLine,9.43
4011,SKU-04011,Dairy,Yogurt,UrbanTaste,4.63
4012,SKU-04012,Grocery,Oil,NovaFresh,19.0
4013,SKU-04013,PersonalCare,Soap,Sunrise,31.18
4014,SKU-04014,Dairy,Yogurt,Sunrise,25.16
4015,SKU-04015,Grocery,Oil,Sunrise,28.87
4016,SKU-04016,PersonalCare,Shampoo,Sunrise,36.97
4017,SKU-04017,Dairy,Cheese,NovaFresh,35.01
4018,SKU-04018,PersonalCare,Soap,GreenLine,14.48
4019,SKU-04019,Grocery,Rice,AlphaFoods,33.95
4020,SKU-04020,Beverage,Water,Sunrise,31.8
4021,SKU-04021,Dairy,Milk,PureLife,16.82
4022,SKU-04022,Grocery,Rice,Sunrise,5.37
4023,SKU-04023,Grocery,Rice,UrbanTaste,35.03
4024,SKU-04024,PersonalCare,Toothpaste,AlphaFoods,39.69
4025,SKU-04025,Snacks,Chips,Sunrise,26.01
4026,SKU-04026,Dairy,Cheese,AlphaFoods,3.17
4027,SKU-04027,Snacks,Nuts,AlphaFoods,23.41
4028,SKU-04028,Dairy,Milk,UrbanTaste,11.74
4029,SKU-04029,Dairy,Cheese,Sunrise,26.14
4030,SKU-04030,Frozen,Dessert,PureLife,24.85
4031,SKU-04031,Snacks,Chips,GreenLine,28.45
4032,SKU-04032,Beverage,Water,PureLife,20.3
4033,SKU-04033,Snacks,Chips,PureLife,32.81
4034,SKU-04034,Beverage,Juice,AlphaFoods,27.73
4035,SKU-04035,PersonalCare,Shampoo,PureLife,20.67
4036,SKU-04036,Snacks,Biscuits,AlphaFoods,35.95
4037,SKU-04037,Dairy,Yogurt,Sunrise,2.77
4038,SKU-04038,Beverage,Soda,AlphaFoods,1.09
4039,SKU-04039,Grocery,Rice,Sunrise,6.33
4040,SKU-04040,Beverage,Soda,GreenLine,37.58
4041,SKU-04041,PersonalCare,Toothpaste,Sunrise,14.49
4042,SKU-04042,Grocery,Pasta,NovaFresh,9.47
4043,SKU-04043,Snacks,Nuts,PureLife,12.28
4044,SKU-04044,Beverage,Water,Sunrise,1.35
4045,SKU-04045,Snacks,Biscuits,NovaFresh,12.67
4046,SKU-04046,Frozen,Veg,GreenLine,36.0
4047,SKU-04047,Snacks,Nuts,GreenLine,10.52
4048,SKU-04048,Dairy,Cheese,AlphaFoods,12.04
4049,SKU-04049,Frozen,Pizza,NovaFresh,38.27
4050,SKU-04050,PersonalCare,Shampoo,Sunrise,33.26
4051,SKU-04051,Dairy,Milk,NovaFresh,17.33
4052,SKU-04052,Frozen,Pizza,GreenLine,10.01
4053,SKU-04053,Snacks,Chips,Sunrise,20.61
4054,SKU-04054,Frozen,Pizza,UrbanTaste,8.21
4055,SKU-04055,PersonalCare,Shampoo,AlphaFoods,37.79
4056,SKU-04056,Frozen,Veg,NovaFresh,35.06
4057,SKU-04057,Snacks,Nuts,PureLife,0.53
4058,SKU-04058,Grocery,Rice,Sunrise,24.63
4059,SKU-04059,PersonalCare,Soap,AlphaFoods,12.24
4060,SKU-04060,Grocery,Pasta,AlphaFoods,16.32
4061,SKU-04061,Frozen,Dessert,PureLife,4.9
4062,SKU-04062,Beverage,Soda,UrbanTaste,30.02
4063,SKU-04063,Dairy,Milk,AlphaFoods,13.83
4064,SKU-04064,Frozen,Dessert,GreenLine,20.34
4065,SKU-04065,Grocery,Rice,PureLife,15.01
4066,SKU-04066,Snacks,Biscuits,GreenLine,34.2
4067,SKU-04067,Dairy,Yogurt,NovaFresh,26.71
4068,SKU-04068,PersonalCare,Soap,Sunrise,33.39
4069,SKU-04069,Grocery,Oil,Sunrise,24.68
4070,SKU-04070,Snacks,Biscuits,NovaFresh,2.84
4071,SKU-04071,Snacks,Chips,PureLife,15.85
4072,SKU-04072,Beverage,Water,GreenLine,8.76
4073,SKU-04073,PersonalCare,Soap,Sunrise,12.52
4074,SKU-04074,PersonalCare,Shampoo,UrbanTaste,1.2
4075,SKU-04075,Snacks,Biscuits,PureLife,0.64
4076,SKU-04076,PersonalCare,Shampoo,PureLife,12.38
4077,SKU-04077,Snacks,Chips,AlphaFoods,23.71
4078,SKU-04078,Frozen,Dessert,NovaFresh,30.41
4079,SKU-04079,Snacks,Chips,AlphaFoods,21.25
4080,SKU-04080,Snacks,Nuts,PureLife,1.13
4081,SKU-04081,Grocery,Pasta,NovaFresh,38.22
4082,SKU-04082,Frozen,Pizza,Sunrise,14.9
4083,SKU-04083,Snacks,Biscuits,NovaFresh,25.75
4084,SKU-04084,Snacks,Chips,UrbanTaste,8.51
4085,SKU-04085,Dairy,Cheese,PureLife,29.69
4086,SKU-04086,Frozen,Veg,GreenLine,27.41
4087,SKU-04087,Dairy,Yogurt,NovaFresh,9.78
4088,SKU-04088,Grocery,Pasta,NovaFresh,22.33
4089,SKU-04089,PersonalCare,Toothpaste,PureLife,33.57
4090,SKU-04090,Snacks,Nuts,Sunrise,39.23
4091,SKU-04091,Grocery,Rice,NovaFresh,38.23
4092,SKU-04092,PersonalCare,Soap,PureLife,31.63
4093,SKU-04093,Dairy,Yogurt,NovaFresh,34.4
4094,SKU-04094,Grocery,Rice,UrbanTaste,19.39
4095,SKU-04095,Beverage,Juice,Sunrise,34.93
4096,SKU-04096,Snacks,Biscuits,UrbanTaste,37.13
4097,SKU-04097,Snacks,Chips,NovaFresh,37.1
4098,SKU-04098,Beverage,Water,NovaFresh,20.9
4099,SKU-04099,Snacks,Chips,GreenLine,11.85
4100,SKU-04100,PersonalCare,Shampoo,Sunrise,19.85
4101,SKU-04101,Beverage,Soda,GreenLine,11.85
4102,SKU-04102,Frozen,Pizza,GreenLine,27.07
4103,SKU-04103,Dairy,Cheese,Sunrise,30.02
4104,SKU-04104,Grocery,Oil,PureLife,33.43
4105,SKU-04105,Frozen,Pizza,AlphaFoods,5.33
4106,SKU-04106,Frozen,Veg,AlphaFoods,17.27
4107,SKU-04107,Dairy,Milk,NovaFresh,10.06
4108,SKU-04108,Frozen,Veg,NovaFresh,38.42
4109,SKU-04109,Dairy,Cheese,PureLife,3.14
4110,SKU-04110,Frozen,Veg,GreenLine,16.66
4111,SKU-04111,Grocery,Oil,NovaFresh,17.7
4112,SKU-04112,PersonalCare,Soap,PureLife,25.14
4113,SKU-04113,PersonalCare,Toothpaste,AlphaFoods,19.09
4114,SKU-04114,Snacks,Chips,PureLife,24.92
4115,SKU-04115,Snacks,Biscuits,AlphaFoods,15.19
4116,SKU-04116,Snacks,Biscuits,GreenLine,22.4
4117,SKU-04117,Grocery,Pasta,Sunrise,9.87
4118,SKU-04118,Grocery,Oil,NovaFresh,21.55
4119,SKU-04119,Grocery,Rice,AlphaFoods,26.8
4120,SKU-04120,Snacks,Biscuits,NovaFresh,15.78
4121,SKU-04121,Frozen,Pizza,NovaFresh,37.77
4122,SKU-04122,Dairy,Yogurt,UrbanTaste,19.94
4123,SKU-04123,Grocery,Oil,GreenLine,32.98
4124,SKU-04124,Grocery,Pasta,NovaFresh,21.13
4125,SKU-04125,Dairy,Yogurt,AlphaFoods,4.54
4126,SKU-04126,Dairy,Cheese,GreenLine,8.01
4127,SKU-04127,Dairy,Yogurt,GreenLine,0.96
4128,SKU-04128,Frozen,Pizza,NovaFresh,3.58
4129,SKU-04129,PersonalCare,Shampoo,AlphaFoods,26.25
4130,SKU-04130,PersonalCare,Shampoo,Sunrise,39.85
4131,SKU-04131,Dairy,Cheese,UrbanTaste,22.33
4132,SKU-04132,Frozen,Pizza,PureLife,31.47
4133,SKU-04133,Beverage,Juice,NovaFresh,21.17
4134,SKU-04134,PersonalCare,Shampoo,GreenLine,17.5
4135,SKU-04135,PersonalCare,Shampoo,AlphaFoods,25.01
4136,SKU-04136,PersonalCare,Toothpaste,Sunrise,27.29
4137,SKU-04137,PersonalCare,Soap,PureLife,17.22
4138,SKU-04138,Snacks,Chips,Sunrise,24.69
4139,SKU-04139,Grocery,Rice,AlphaFoods,29.22
4140,SKU-04140,PersonalCare,Shampoo,GreenLine,11.72
4141,SKU-04141,PersonalCare,Shampoo,Sunrise,37.8
4142,SKU-04142,Snacks,Nuts,UrbanTaste,24.71
4143,SKU-04143,Beverage,Water,Sunrise,7.92
4144,SKU-04144,Grocery,Rice,Sunrise,39.05
4145,SKU-04145,Beverage,Soda,Sunrise,10.26
4146,SKU-04146,Grocery,Oil,UrbanTaste,36.64
4147,SKU-04147,PersonalCare,Toothpaste,AlphaFoods,38.2
4148,SKU-04148,PersonalCare,Soap,PureLife,16.13
4149,SKU-04149,PersonalCare,Toothpaste,AlphaFoods,20.07
4150,SKU-04150,PersonalCare,Soap,NovaFresh,34.21
4151,SKU-04151,Dairy,Yogurt,PureLife,21.26
4152,SKU-04152,PersonalCare,Shampoo,GreenLine,13.11
4153,SKU-04153,Grocery,Pasta,AlphaFoods,23.14
4154,SKU-04154,Dairy,Yogurt,NovaFresh,28.94
4155,SKU-04155,Grocery,Rice,GreenLine,37.56
4156,SKU-04156,Grocery,Oil,NovaFresh,12.25
4157,SKU-04157,Snacks,Chips,PureLife,1.17
4158,SKU-04158,Beverage,Soda,GreenLine,10.02
4159,SKU-04159,Grocery,Pasta,GreenLine,16.1
4160,SKU-04160,Grocery,Pasta,GreenLine,16.02
4161,SKU-04161,Beverage,Juice,AlphaFoods,38.1
4162,SKU-04162,Snacks,Chips,UrbanTaste,22.94
4163,SKU-04163,Beverage,Water,Sunrise,35.21
4164,SKU-04164,Frozen,Veg,PureLife,3.09
4165,SKU-04165,Snacks,Biscuits,NovaFresh,5.14
4166,SKU-04166,Grocery,Oil,PureLife,31.2
4167,SKU-04167,Snacks,Nuts,PureLife,8.88
4168,SKU-04168,Grocery,Rice,PureLife,33.01
4169,SKU-04169,Beverage,Water,NovaFresh,26.45
4170,SKU-04170,Dairy,Milk,NovaFresh,27.36
4171,SKU-04171,Dairy,Yogurt,UrbanTaste,16.56
4172,SKU-04172,Frozen,Pizza,GreenLine,9.03
4173,SKU-04173,PersonalCare,Soap,PureLife,18.07
4174,SKU-04174,Grocery,Rice,NovaFresh,4.15
4175,SKU-04175,Dairy,Milk,PureLife,14.48
4176,SKU-04176,Frozen,Veg,AlphaFoods,30.03
4177,SKU-04177,Snacks,Chips,GreenLine,25.51
4178,SKU-04178,Dairy,Yogurt,PureLife,32.7
4179,SKU-04179,Snacks,Biscuits,NovaFresh,30.51
4180,SKU-04180,Beverage,Water,UrbanTaste,26.13
4181,SKU-04181,Dairy,Milk,Sunrise,6.29
4182,SKU-04182,PersonalCare,Shampoo,AlphaFoods,28.2
4183,SKU-04183,Dairy,Yogurt,Sunrise,6.4
4184,SKU-04184,PersonalCare,Shampoo,NovaFresh,0.89
4185,SKU-04185,PersonalCare,Soap,UrbanTaste,17.69
4186,SKU-04186,Grocery,Rice,GreenLine,36.42
4187,SKU-04187,Frozen,Dessert,PureLife,2.41
4188,SKU-04188,Snacks,Biscuits,Sunrise,9.45
4189,SKU-04189,Dairy,Yogurt,PureLife,32.08
4190,SKU-04190,Dairy,Cheese,PureLife,39.86
4191,SKU-04191,Grocery,Oil,GreenLine,5.35
4192,SKU-04192,Beverage,Soda,GreenLine,23.52
4193,SKU-04193,PersonalCare,Soap,UrbanTaste,12.88
4194,SKU-04194,Frozen,Veg,Sunrise,25.44
4195,SKU-04195,Frozen,Veg,Sunrise,25.81
4196,SKU-04196,Dairy,Yogurt,GreenLine,18.17
4197,SKU-04197,Dairy,Cheese,PureLife,36.78
4198,SKU-04198,Snacks,Chips,AlphaFoods,37.81
4199,SKU-04199,Frozen,Pizza,AlphaFoods,36.46
4200,SKU-04200,Beverage,Juice,Sunrise,25.12
4201,SKU-04201,Snacks,Biscuits,UrbanTaste,37.02
4202,SKU-04202,Beverage,Juice,GreenLine,7.97
4203,SKU-04203,Beverage,Soda,UrbanTaste,35.57
4204,SKU-04204,Frozen,Dessert,PureLife,10.08
4205,SKU-04205,Beverage,Water,NovaFresh,34.46
4206,SKU-04206,Snacks,Chips,PureLife,27.06
4207,SKU-04207,Dairy,Yogurt,AlphaFoods,38.75
4208,SKU-04208,Frozen,Dessert,UrbanTaste,11.41
4209,SKU-04209,Dairy,Cheese,UrbanTaste,29.64
4210,SKU-04210,Dairy,Cheese,GreenLine,30.53
4211,SKU-04211,PersonalCare,Soap,NovaFresh,19.07
4212,SKU-04212,Dairy,Yogurt,UrbanTaste,3.24
4213,SKU-04213,Frozen,Pizza,UrbanTaste,4.33
4214,SKU-04214,Frozen,Veg,Sunrise,30.45
4215,SKU-04215,Frozen,Dessert,Sunrise,25.07
4216,SKU-04216,Beverage,Water,NovaFresh,24.09
4217,SKU-04217,Beverage,Water,GreenLine,5.28
4218,SKU-04218,Beverage,Soda,AlphaFoods,30.65
4219,SKU-04219,Beverage,Juice,AlphaFoods,22.88
4220,SKU-04220,Grocery,Rice,PureLife,39.73
4221,SKU-04221,Beverage,Juice,AlphaFoods,27.4
4222,SKU-04222,Grocery,Oil,UrbanTaste,13.98
4223,SKU-04223,Beverage,Juice,Sunrise,5.24
4224,SKU-04224,PersonalCare,Shampoo,Sunrise,39.86
4225,SKU-04225,Beverage,Soda,NovaFresh,35.29
4226,SKU-04226,PersonalCare,Soap,UrbanTaste,17.44
4227,SKU-04227,Dairy,Milk,AlphaFoods,1.92
4228,SKU-04228,Beverage,Juice,UrbanTaste,10.79
4229,SKU-04229,Frozen,Dessert,Sunrise,29.14
4230,SKU-04230,PersonalCare,Toothpaste,NovaFresh,18.07
4231,SKU-04231,Snacks,Chips,NovaFresh,35.71
4232,SKU-04232,Dairy,Yogurt,GreenLine,10.69
4233,SKU-04233,Grocery,Pasta,NovaFresh,30.94
4234,SKU-04234,Grocery,Rice,NovaFresh,14.42
4235,SKU-04235,Dairy,Yogurt,PureLife,14.85
4236,SKU-04236,Frozen,Veg,Sunrise,36.13
4237,SKU-04237,Frozen,Veg,AlphaFoods,19.83
4238,SKU-04238,PersonalCare,Soap,AlphaFoods,30.31
4239,SKU-04239,Snacks,Nuts,GreenLine,38.56
4240,SKU-04240,Snacks,Biscuits,PureLife,25.54
4241,SKU-04241,Snacks,Biscuits,GreenLine,27.56
4242,SKU-04242,Snacks,Nuts,GreenLine,9.79
4243,SKU-04243,Snacks,Nuts,UrbanTaste,9.68
4244,SKU-04244,Beverage,Soda,UrbanTaste,32.06
4245,SKU-04245,PersonalCare,Toothpaste,GreenLine,38.42
4246,SKU-04246,Beverage,Juice,AlphaFoods,10.54
4247,SKU-04247,Dairy,Milk,GreenLine,14.9
4248,SKU-04248,Snacks,Biscuits,Sunrise,20.8
4249,SKU-04249,Dairy,Cheese,PureLife,16.0
4250,SKU-04250,Grocery,Rice,PureLife,29.28
4251,SKU-04251,Grocery,Pasta,PureLife,34.1
4252,SKU-04252,Dairy,Milk,UrbanTaste,24.03
4253,SKU-04253,PersonalCare,Soap,AlphaFoods,36.44
4254,SKU-04254,Grocery,Rice,NovaFresh,14.48
4255,SKU-04255,PersonalCare,Soap,NovaFresh,4.4
4256,SKU-04256,Frozen,Pizza,AlphaFoods,30.12
4257,SKU-04257,Dairy,Yogurt,AlphaFoods,0.91
4258,SKU-04258,Grocery,Oil,Sunrise,39.86
4259,SKU-04259,Snacks,Biscuits,AlphaFoods,39.99
4260,SKU-04260,PersonalCare,Soap,UrbanTaste,15.49
4261,SKU-04261,Dairy,Milk,GreenLine,12.16
4262,SKU-04262,Grocery,Rice,UrbanTaste,35.23
4263,SKU-04263,Grocery,Oil,PureLife,36.05
4264,SKU-04264,Dairy,Yogurt,NovaFresh,8.91
4265,SKU-04265,PersonalCare,Toothpaste,UrbanTaste,7.1
4266,SKU-04266,Frozen,Veg,GreenLine,22.22
4267,SKU-04267,Dairy,Cheese,NovaFresh,17.88
4268,SKU-04268,Beverage,Juice,Sunrise,33.48
4269,SKU-04269,PersonalCare,Toothpaste,Sunrise,27.9
4270,SKU-04270,Grocery,Rice,UrbanTaste,31.73
4271,SKU-04271,Beverage,Water,PureLife,14.99
4272,SKU-04272,Frozen,Pizza,Sunrise,15.84
4273,SKU-04273,Beverage,Water,GreenLine,22.37
4274,SKU-04274,Beverage,Soda,PureLife,39.0
4275,SKU-04275,Dairy,Cheese,PureLife,34.53
4276,SKU-04276,Beverage,Water,UrbanTaste,31.18
4277,SKU-04277,Grocery,Rice,NovaFresh,27.48
4278,SKU-04278,Frozen,Veg,AlphaFoods,27.95
4279,SKU-04279,Grocery,Pasta,Sunrise,15.33
4280,SKU-04280,Frozen,Pizza,AlphaFoods,37.72
4281,SKU-04281,Frozen,Pizza,AlphaFoods,28.05
4282,SKU-04282,Beverage,Soda,PureLife,2.9
4283,SKU-04283,Beverage,Juice,AlphaFoods,37.63
4284,SKU-04284,Grocery,Pasta,AlphaFoods,11.0
4285,SKU-04285,Beverage,Soda,GreenLine,39.31
4286,SKU-04286,Snacks,Nuts,Sunrise,32.88
4287,SKU-04287,Grocery,Pasta,Sunrise,15.13
4288,SKU-04288,Beverage,Water,UrbanTaste,17.23
4289,SKU-04289,Frozen,Dessert,GreenLine,8.69
4290,SKU-04290,Beverage,Soda,GreenLine,3.27
4291,SKU-04291,Beverage,Juice,GreenLine,8.68
4292,SKU-04292,Beverage,Water,GreenLine,1.99
4293,SKU-04293,Dairy,Milk,PureLife,14.66
4294,SKU-04294,Snacks,Chips,Sunrise,16.91
4295,SKU-04295,Snacks,Chips,PureLife,2.83
4296,SKU-04296,Beverage,Juice,Sunrise,18.76
4297,SKU-04297,Snacks,Chips,PureLife,9.51
4298,SKU-04298,Frozen,Pizza,NovaFresh,26.92
4299,SKU-04299,Frozen,Veg,NovaFresh,39.4
4300,SKU-04300,Snacks,Chips,Sunrise,3.08
4301,SKU-04301,Grocery,Rice,GreenLine,14.44
4302,SKU-04302,Grocery,Pasta,AlphaFoods,2.5
4303,SKU-04303,Beverage,Water,AlphaFoods,21.92
4304,SKU-04304,Snacks,Chips,AlphaFoods,9.59
4305,SKU-04305,Dairy,Yogurt,AlphaFoods,12.35
4306,SKU-04306,Dairy,Milk,NovaFresh,6.38
4307,SKU-04307,Dairy,Yogurt,Sunrise,31.42
4308,SKU-04308,Dairy,Milk,GreenLine,23.55
4309,SKU-04309,PersonalCare,Shampoo,PureLife,4.77
4310,SKU-04310,Snacks,Chips,AlphaFoods,5.78
4311,SKU-04311,PersonalCare,Toothpaste,NovaFresh,11.71
4312,SKU-04312,Grocery,Pasta,GreenLine,37.36
4313,SKU-04313,Beverage,Soda,NovaFresh,24.68
4314,SKU-04314,Beverage,Water,NovaFresh,13.25
4315,SKU-04315,Frozen,Pizza,NovaFresh,2.62
4316,SKU-04316,Beverage,Soda,AlphaFoods,28.56
4317,SKU-04317,PersonalCare,Toothpaste,Sunrise,37.35
4318,SKU-04318,Grocery,Rice,GreenLine,21.41
4319,SKU-04319,Grocery,Rice,NovaFresh,15.99
4320,SKU-04320,Beverage,Juice,NovaFresh,31.94
4321,SKU-04321,Dairy,Milk,NovaFresh,22.19
4322,SKU-04322,PersonalCare,Toothpaste,UrbanTaste,3.51
4323,SKU-04323,Snacks,Biscuits,UrbanTaste,1.89
4324,SKU-04324,Snacks,Biscuits,AlphaFoods,34.45
4325,SKU-04325,Snacks,Chips,UrbanTaste,7.44
4326,SKU-04326,Beverage,Juice,AlphaFoods,13.6
4327,SKU-04327,Grocery,Oil,GreenLine,34.2
4328,SKU-04328,Beverage,Soda,GreenLine,33.63
4329,SKU-04329,PersonalCare,Soap,NovaFresh,2.3
4330,SKU-04330,Dairy,Milk,NovaFresh,33.95
4331,SKU-04331,Dairy,Yogurt,PureLife,13.18
4332,SKU-04332,Dairy,Yogurt,GreenLine,27.22
4333,SKU-04333,Grocery,Rice,UrbanTaste,18.2
4334,SKU-04334,Grocery,Oil,PureLife,20.2
4335,SKU-04335,Beverage,Water,AlphaFoods,13.18
4336,SKU-04336,Dairy,Yogurt,Sunrise,38.08
4337,SKU-04337,Dairy,Yogurt,UrbanTaste,23.33
4338,SKU-04338,PersonalCare,Soap,NovaFresh,8.77
4339,SKU-04339,Grocery,Pasta,UrbanTaste,30.16
4340,SKU-04340,Grocery,Oil,NovaFresh,8.34
4341,SKU-04341,Grocery,Pasta,UrbanTaste,24.21
4342,SKU-04342,Grocery,Pasta,GreenLine,12.27
4343,SKU-04343,Grocery,Pasta,PureLife,10.53
4344,SKU-04344,PersonalCare,Shampoo,PureLife,39.75
4345,SKU-04345,Frozen,Pizza,NovaFresh,24.31
4346,SKU-04346,Frozen,Pizza,UrbanTaste,10.18
4347,SKU-04347,Snacks,Nuts,NovaFresh,21.93
4348,SKU-04348,Snacks,Biscuits,AlphaFoods,38.99
4349,SKU-04349,Snacks,Biscuits,AlphaFoods,26.05
4350,SKU-04350,Dairy,Milk,UrbanTaste,29.11
4351,SKU-04351,PersonalCare,Shampoo,GreenLine,20.15
4352,SKU-04352,Snacks,Biscuits,AlphaFoods,1.87
4353,SKU-04353,PersonalCare,Shampoo,UrbanTaste,18.81
4354,SKU-04354,Beverage,Water,PureLife,23.38
4355,SKU-04355,PersonalCare,Soap,NovaFresh,17.02
4356,SKU-04356,Grocery,Oil,PureLife,14.64
4357,SKU-04357,Snacks,Biscuits,GreenLine,35.27
4358,SKU-04358,Dairy,Milk,UrbanTaste,2.02
4359,SKU-04359,Snacks,Biscuits,Sunrise,11.95
4360,SKU-04360,Frozen,Dessert,Sunrise,5.62
4361,SKU-04361,Frozen,Pizza,NovaFresh,4.22
4362,SKU-04362,Snacks,Nuts,UrbanTaste,35.53
4363,SKU-04363,Beverage,Water,GreenLine,31.38
4364,SKU-04364,Grocery,Pasta,GreenLine,38.87
4365,SKU-04365,PersonalCare,Soap,PureLife,21.39
4366,SKU-04366,Grocery,Rice,GreenLine,8.4
4367,SKU-04367,PersonalCare,Soap,NovaFresh,22.28
4368,SKU-04368,Frozen,Pizza,PureLife,27.57
4369,SKU-04369,Grocery,Pasta,NovaFresh,37.27
4370,SKU-04370,Dairy,Yogurt,Sunrise,3.24
4371,SKU-04371,Beverage,Soda,UrbanTaste,10.29
4372,SKU-04372,Beverage,Soda,UrbanTaste,18.91
4373,SKU-04373,PersonalCare,Toothpaste,GreenLine,39.24
4374,SKU-04374,PersonalCare,Toothpaste,Sunrise,38.7
4375,SKU-04375,Frozen,Pizza,UrbanTaste,33.8
4376,SKU-04376,Dairy,Milk,NovaFresh,21.03
4377,SKU-04377,Dairy,Cheese,PureLife,8.73
4378,SKU-04378,PersonalCare,Soap,NovaFresh,27.4
4379,SKU-04379,Beverage,Water,PureLife,29.08
4380,SKU-04380,Frozen,Veg,GreenLine,9.08
4381,SKU-04381,PersonalCare,Toothpaste,PureLife,24.19
4382,SKU-04382,Snacks,Nuts,GreenLine,4.44
4383,SKU-04383,Dairy,Cheese,Sunrise,2.81
4384,SKU-04384,Frozen,Veg,Sunrise,22.72
4385,SKU-04385,Beverage,Soda,AlphaFoods,9.28
4386,SKU-04386,Snacks,Chips,AlphaFoods,23.45
4387,SKU-04387,PersonalCare,Soap,Sunrise,1.67
4388,SKU-04388,Snacks,Chips,UrbanTaste,25.12
4389,SKU-04389,Snacks,Chips,AlphaFoods,23.99
4390,SKU-04390,Snacks,Chips,NovaFresh,11.83
4391,SKU-04391,Dairy,Milk,PureLife,29.41
4392,SKU-04392,Beverage,Juice,GreenLine,8.25
4393,SKU-04393,Snacks,Nuts,PureLife,8.28
4394,SKU-04394,Frozen,Veg,NovaFresh,30.82
4395,SKU-04395,Snacks,Chips,UrbanTaste,6.76
4396,SKU-04396,Beverage,Soda,AlphaFoods,19.77
4397,SKU-04397,PersonalCare,Soap,Sunrise,4.15
4398,SKU-04398,Snacks,Nuts,Sunrise,12.03
4399,SKU-04399,Grocery,Oil,AlphaFoods,28.56
4400,SKU-04400,Beverage,Juice,NovaFresh,15.19
4401,SKU-04401,Beverage,Juice,GreenLine,21.01
4402,SKU-04402,PersonalCare,Soap,AlphaFoods,17.17
4403,SKU-04403,Beverage,Juice,GreenLine,33.57
4404,SKU-04404,Frozen,Pizza,Sunrise,6.4
4405,SKU-04405,Snacks,Nuts,GreenLine,5.9
4406,SKU-04406,Dairy,Cheese,Sunrise,24.54
4407,SKU-04407,Frozen,Pizza,PureLife,2.31
4408,SKU-04408,Dairy,Milk,GreenLine,14.49
4409,SKU-04409,PersonalCare,Shampoo,GreenLine,1.4
4410,SKU-04410,Grocery,Oil,AlphaFoods,29.59
4411,SKU-04411,Snacks,Biscuits,NovaFresh,31.74
4412,SKU-04412,Dairy,Cheese,GreenLine,3.46
4413,SKU-04413,Dairy,Yogurt,Sunrise,15.87
4414,SKU-04414,Dairy,Yogurt,AlphaFoods,2.23
4415,SKU-04415,Grocery,Oil,PureLife,37.59
4416,SKU-04416,Dairy,Milk,GreenLine,36.86
4417,SKU-04417,Grocery,Pasta,Sunrise,11.25
4418,SKU-04418,Beverage,Juice,PureLife,2.43
4419,SKU-04419,Dairy,Yogurt,UrbanTaste,25.64
4420,SKU-04420,Grocery,Pasta,AlphaFoods,12.71
4421,SKU-04421,Snacks,Chips,GreenLine,15.7
4422,SKU-04422,Dairy,Cheese,UrbanTaste,6.45
4423,SKU-04423,Frozen,Veg,UrbanTaste,21.37
4424,SKU-04424,Beverage,Soda,PureLife,6.0
4425,SKU-04425,Dairy,Milk,GreenLine,29.29
4426,SKU-04426,Snacks,Chips,Sunrise,28.64
4427,SKU-04427,Dairy,Milk,NovaFresh,30.68
4428,SKU-04428,Snacks,Nuts,AlphaFoods,19.67
4429,SKU-04429,PersonalCare,Toothpaste,NovaFresh,6.65
4430,SKU-04430,PersonalCare,Shampoo,Sunrise,15.4
4431,SKU-04431,Snacks,Chips,Sunrise,1.19
4432,SKU-04432,PersonalCare,Toothpaste,NovaFresh,30.24
4433,SKU-04433,Snacks,Biscuits,UrbanTaste,36.51
4434,SKU-04434,Frozen,Dessert,NovaFresh,23.4
4435,SKU-04435,Beverage,Water,UrbanTaste,27.61
4436,SKU-04436,Frozen,Dessert,PureLife,21.06
4437,SKU-04437,Snacks,Biscuits,NovaFresh,24.53
4438,SKU-04438,Snacks,Biscuits,NovaFresh,7.46
4439,SKU-04439,Frozen,Veg,NovaFresh,3.38
4440,SKU-04440,PersonalCare,Shampoo,NovaFresh,18.17
4441,SKU-04441,Grocery,Rice,AlphaFoods,35.77
4442,SKU-04442,Grocery,Pasta,GreenLine,20.57
4443,SKU-04443,PersonalCare,Soap,GreenLine,28.99
4444,SKU-04444,Grocery,Oil,Sunrise,39.66
4445,SKU-04445,Snacks,Nuts,AlphaFoods,18.43
4446,SKU-04446,Grocery,Pasta,GreenLine,14.23
4447,SKU-04447,PersonalCare,Soap,UrbanTaste,32.67
4448,SKU-04448,Grocery,Rice,PureLife,26.6
4449,SKU-04449,PersonalCare,Toothpaste,NovaFresh,7.69
4450,SKU-04450,Grocery,Rice,PureLife,36.63
4451,SKU-04451,Beverage,Juice,GreenLine,22.04
4452,SKU-04452,Beverage,Water,Sunrise,36.97
4453,SKU-04453,Grocery,Oil,UrbanTaste,22.65
4454,SKU-04454,Grocery,Pasta,Sunrise,36.47
4455,SKU-04455,Frozen,Veg,UrbanTaste,39.77
4456,SKU-04456,PersonalCare,Shampoo,PureLife,35.76
4457,SKU-04457,Dairy,Milk,UrbanTaste,2.5
4458,SKU-04458,Beverage,Soda,AlphaFoods,0.79
4459,SKU-04459,Beverage,Juice,AlphaFoods,16.15
4460,SKU-04460,Grocery,Pasta,GreenLine,12.27
4461,SKU-04461,PersonalCare,Soap,PureLife,24.17
4462,SKU-04462,Frozen,Dessert,GreenLine,32.93
4463,SKU-04463,Dairy,Milk,AlphaFoods,7.51
4464,SKU-04464,Frozen,Dessert,PureLife,20.97
4465,SKU-04465,Dairy,Yogurt,Sunrise,33.78
4466,SKU-04466,Snacks,Biscuits,PureLife,12.04
4467,SKU-04467,Beverage,Soda,NovaFresh,6.42
4468,SKU-04468,Dairy,Milk,GreenLine,24.22
4469,SKU-04469,Frozen,Dessert,PureLife,1.49
4470,SKU-04470,Beverage,Soda,UrbanTaste,37.81
4471,SKU-04471,Dairy,Milk,UrbanTaste,29.67
4472,SKU-04472,PersonalCare,Soap,Sunrise,30.18
4473,SKU-04473,Dairy,Cheese,GreenLine,10.28
4474,SKU-04474,Dairy,Milk,GreenLine,15.82
4475,SKU-04475,Dairy,Yogurt,UrbanTaste,16.04
4476,SKU-04476,Frozen,Dessert,UrbanTaste,29.34
4477,SKU-04477,Grocery,Rice,PureLife,4.91
4478,SKU-04478,Dairy,Milk,NovaFresh,21.16
4479,SKU-04479,Snacks,Chips,Sunrise,4.48
4480,SKU-04480,PersonalCare,Toothpaste,AlphaFoods,8.94
4481,SKU-04481,Dairy,Cheese,AlphaFoods,37.68
4482,SKU-04482,Snacks,Chips,UrbanTaste,6.0
4483,SKU-04483,Frozen,Veg,PureLife,38.86
4484,SKU-04484,Frozen,Veg,Sunrise,39.62
4485,SKU-04485,Beverage,Water,AlphaFoods,10.85
4486,SKU-04486,Dairy,Cheese,AlphaFoods,16.64
4487,SKU-04487,PersonalCare,Toothpaste,UrbanTaste,18.52
4488,SKU-04488,Beverage,Juice,GreenLine,25.55
4489,SKU-04489,Grocery,Oil,GreenLine,8.48
4490,SKU-04490,Beverage,Soda,NovaFresh,25.87
4491,SKU-04491,Beverage,Soda,Sunrise,37.96
4492,SKU-04492,Beverage,Soda,AlphaFoods,37.48
4493,SKU-04493,Grocery,Rice,Sunrise,19.97
4494,SKU-04494,PersonalCare,Soap,AlphaFoods,25.07
4495,SKU-04495,Snacks,Biscuits,GreenLine,26.55
4496,SKU-04496,Snacks,Chips,AlphaFoods,37.09
4497,SKU-04497,Grocery,Oil,PureLife,8.53
4498,SKU-04498,Frozen,Dessert,Sunrise,36.43
4499,SKU-04499,Grocery,Pasta,Sunrise,12.63
4500,SKU-04500,Snacks,Chips,GreenLine,39.93
4501,SKU-04501,Beverage,Water,NovaFresh,36.08
4502,SKU-04502,PersonalCare,Shampoo,GreenLine,20.19
4503,SKU-04503,Grocery,Oil,AlphaFoods,5.65
4504,SKU-04504,PersonalCare,Soap,PureLife,11.14
4505,SKU-04505,PersonalCare,Shampoo,Sunrise,39.24
4506,SKU-04506,PersonalCare,Shampoo,NovaFresh,8.68
4507,SKU-04507,Beverage,Water,Sunrise,37.58
4508,SKU-04508,Frozen,Pizza,UrbanTaste,13.34
4509,SKU-04509,Dairy,Milk,AlphaFoods,34.49
4510,SKU-04510,Beverage,Juice,PureLife,20.94
4511,SKU-04511,Snacks,Nuts,PureLife,1.85
4512,SKU-04512,Frozen,Dessert,GreenLine,26.73
4513,SKU-04513,PersonalCare,Toothpaste,GreenLine,32.29
4514,SKU-04514,PersonalCare,Toothpaste,Sunrise,11.33
4515,SKU-04515,Grocery,Pasta,AlphaFoods,32.34
4516,SKU-04516,Beverage,Soda,GreenLine,32.38
4517,SKU-04517,Snacks,Chips,UrbanTaste,31.96
4518,SKU-04518,PersonalCare,Toothpaste,Sunrise,17.14
4519,SKU-04519,Frozen,Pizza,AlphaFoods,21.16
4520,SKU-04520,Dairy,Cheese,NovaFresh,4.35
4521,SKU-04521,Dairy,Milk,UrbanTaste,2.24
4522,SKU-04522,Dairy,Yogurt,UrbanTaste,3.31
4523,SKU-04523,Frozen,Dessert,GreenLine,23.34
4524,SKU-04524,Grocery,Pasta,PureLife,25.25
4525,SKU-04525,Dairy,Milk,AlphaFoods,35.51
4526,SKU-04526,Grocery,Rice,Sunrise,0.9
4527,SKU-04527,Beverage,Water,GreenLine,8.37
4528,SKU-04528,Beverage,Water,AlphaFoods,21.21
4529,SKU-04529,PersonalCare,Shampoo,NovaFresh,20.76
4530,SKU-04530,Grocery,Rice,UrbanTaste,32.31
4531,SKU-04531,Grocery,Pasta,NovaFresh,3.44
4532,SKU-04532,PersonalCare,Shampoo,AlphaFoods,4.38
4533,SKU-04533,Grocery,Pasta,AlphaFoods,17.49
4534,SKU-04534,Grocery,Pasta,AlphaFoods,6.89
4535,SKU-04535,Beverage,Water,GreenLine,2.82
4536,SKU-04536,Frozen,Veg,AlphaFoods,19.26
4537,SKU-04537,PersonalCare,Soap,GreenLine,9.3
4538,SKU-04538,Frozen,Pizza,PureLife,22.66
4539,SKU-04539,Beverage,Soda,UrbanTaste,3.45
4540,SKU-04540,Grocery,Rice,AlphaFoods,20.19
4541,SKU-04541,Dairy,Yogurt,AlphaFoods,11.24
4542,SKU-04542,Grocery,Rice,Sunrise,26.88
4543,SKU-04543,Grocery,Rice,PureLife,11.63
4544,SKU-04544,PersonalCare,Soap,NovaFresh,25.28
4545,SKU-04545,Grocery,Pasta,AlphaFoods,0.89
4546,SKU-04546,Snacks,Biscuits,Sunrise,20.25
4547,SKU-04547,Dairy,Milk,UrbanTaste,13.13
4548,SKU-04548,Grocery,Oil,PureLife,7.01
4549,SKU-04549,Dairy,Milk,AlphaFoods,35.22
4550,SKU-04550,Snacks,Chips,AlphaFoods,38.72
4551,SKU-04551,PersonalCare,Shampoo,Sunrise,27.81
4552,SKU-04552,Grocery,Pasta,NovaFresh,4.45
4553,SKU-04553,Grocery,Pasta,UrbanTaste,17.35
4554,SKU-04554,Grocery,Pasta,AlphaFoods,1.83
4555,SKU-04555,PersonalCare,Shampoo,AlphaFoods,10.08
4556,SKU-04556,Dairy,Yogurt,NovaFresh,19.38
4557,SKU-04557,Grocery,Rice,UrbanTaste,16.83
4558,SKU-04558,Beverage,Soda,UrbanTaste,0.52
4559,SKU-04559,Snacks,Nuts,AlphaFoods,18.96
4560,SKU-04560,Snacks,Nuts,UrbanTaste,11.46
4561,SKU-04561,Dairy,Milk,GreenLine,35.41
4562,SKU-04562,Beverage,Water,GreenLine,8.31
4563,SKU-04563,Beverage,Soda,NovaFresh,25.9
4564,SKU-04564,PersonalCare,Shampoo,AlphaFoods,12.54
4565,SKU-04565,Frozen,Pizza,GreenLine,29.64
4566,SKU-04566,Snacks,Chips,GreenLine,7.45
4567,SKU-04567,Frozen,Dessert,UrbanTaste,19.22
4568,SKU-04568,Dairy,Yogurt,UrbanTaste,4.37
4569,SKU-04569,Grocery,Oil,UrbanTaste,27.15
4570,SKU-04570,Frozen,Dessert,AlphaFoods,16.71
4571,SKU-04571,Beverage,Juice,PureLife,15.22
4572,SKU-04572,Frozen,Pizza,NovaFresh,20.62
4573,SKU-04573,Snacks,Chips,PureLife,23.3
4574,SKU-04574,Snacks,Chips,PureLife,22.3
4575,SKU-04575,Dairy,Cheese,Sunrise,30.78
4576,SKU-04576,Dairy,Milk,GreenLine,34.76
4577,SKU-04577,Frozen,Dessert,Sunrise,17.8
4578,SKU-04578,Beverage,Juice,GreenLine,8.86
4579,SKU-04579,Dairy,Milk,UrbanTaste,6.04
4580,SKU-04580,Snacks,Chips,UrbanTaste,13.38
4581,SKU-04581,PersonalCare,Shampoo,GreenLine,3.69
4582,SKU-04582,PersonalCare,Toothpaste,AlphaFoods,33.67
4583,SKU-04583,Frozen,Pizza,NovaFresh,36.11
4584,SKU-04584,Dairy,Milk,Sunrise,36.97
4585,SKU-04585,Dairy,Yogurt,PureLife,34.32
4586,SKU-04586,Frozen,Pizza,UrbanTaste,30.84
4587,SKU-04587,Snacks,Biscuits,Sunrise,31.71
4588,SKU-04588,Dairy,Milk,GreenLine,7.77
4589,SKU-04589,Grocery,Pasta,Sunrise,26.85
4590,SKU-04590,Grocery,Rice,UrbanTaste,11.4
4591,SKU-04591,PersonalCare,Soap,Sunrise,0.86
4592,SKU-04592,Dairy,Yogurt,AlphaFoods,17.17
4593,SKU-04593,Beverage,Juice,NovaFresh,37.3
4594,SKU-04594,Beverage,Water,UrbanTaste,30.28
4595,SKU-04595,PersonalCare,Toothpaste,GreenLine,31.81
4596,SKU-04596,Frozen,Pizza,GreenLine,18.77
4597,SKU-04597,PersonalCare,Shampoo,NovaFresh,20.2
4598,SKU-04598,Snacks,Biscuits,NovaFresh,8.16
4599,SKU-04599,Snacks,Nuts,UrbanTaste,3.15
4600,SKU-04600,Dairy,Milk,UrbanTaste,16.8
4601,SKU-04601,PersonalCare,Soap,Sunrise,33.75
4602,SKU-04602,PersonalCare,Soap,PureLife,22.73
4603,SKU-04603,Snacks,Chips,GreenLine,22.17
4604,SKU-04604,Snacks,Chips,GreenLine,8.48
4605,SKU-04605,Grocery,Rice,PureLife,12.51
4606,SKU-04606,Grocery,Rice,UrbanTaste,22.88
4607,SKU-04607,Snacks,Biscuits,AlphaFoods,14.51
4608,SKU-04608,Frozen,Dessert,GreenLine,2.07
4609,SKU-04609,PersonalCare,Soap,Sunrise,14.5
4610,SKU-04610,Grocery,Pasta,NovaFresh,32.47
4611,SKU-04611,Grocery,Rice,PureLife,32.51
4612,SKU-04612,Grocery,Oil,NovaFresh,8.58
4613,SKU-04613,Snacks,Chips,UrbanTaste,16.84
4614,SKU-04614,Grocery,Rice,Sunrise,28.14
4615,SKU-04615,Grocery,Oil,Sunrise,11.29
4616,SKU-04616,Frozen,Pizza,NovaFresh,6.48
4617,SKU-04617,Snacks,Biscuits,PureLife,30.6
4618,SKU-04618,PersonalCare,Soap,PureLife,12.5
4619,SKU-04619,Dairy,Cheese,Sunrise,8.92
4620,SKU-04620,PersonalCare,Shampoo,AlphaFoods,28.2
4621,SKU-04621,Snacks,Chips,Sunrise,14.3
4622,SKU-04622,PersonalCare,Toothpaste,NovaFresh,38.99
4623,SKU-04623,Frozen,Dessert,PureLife,39.87
4624,SKU-04624,PersonalCare,Toothpaste,Sunrise,26.62
4625,SKU-04625,Dairy,Yogurt,UrbanTaste,38.6
4626,SKU-04626,Snacks,Nuts,PureLife,23.13
4627,SKU-04627,Beverage,Soda,PureLife,23.34
4628,SKU-04628,Frozen,Dessert,NovaFresh,1.76
4629,SKU-04629,Frozen,Veg,UrbanTaste,23.8
4630,SKU-04630,Beverage,Water,NovaFresh,13.77
4631,SKU-04631,Grocery,Oil,GreenLine,19.77
4632,SKU-04632,Frozen,Pizza,UrbanTaste,12.02
4633,SKU-04633,Beverage,Water,UrbanTaste,16.79
4634,SKU-04634,Dairy,Milk,AlphaFoods,26.3
4635,SKU-04635,Snacks,Chips,UrbanTaste,33.54
4636,SKU-04636,Frozen,Dessert,PureLife,18.24
4637,SKU-04637,Dairy,Milk,NovaFresh,38.41
4638,SKU-04638,Beverage,Soda,PureLife,23.05
4639,SKU-04639,Dairy,Yogurt,AlphaFoods,36.03
4640,SKU-04640,Beverage,Juice,PureLife,31.71
4641,SKU-04641,PersonalCare,Shampoo,PureLife,9.45
4642,SKU-04642,Dairy,Milk,UrbanTaste,25.14
4643,SKU-04643,Frozen,Dessert,UrbanTaste,18.99
4644,SKU-04644,PersonalCare,Shampoo,PureLife,31.57
4645,SKU-04645,Grocery,Pasta,PureLife,21.17
4646,SKU-04646,PersonalCare,Soap,NovaFresh,16.34
4647,SKU-04647,Beverage,Soda,NovaFresh,27.31
4648,SKU-04648,Grocery,Oil,GreenLine,20.37
4649,SKU-04649,Snacks,Nuts,AlphaFoods,37.51
4650,SKU-04650,Snacks,Biscuits,PureLife,28.27
4651,SKU-04651,Frozen,Veg,GreenLine,37.51
4652,SKU-04652,PersonalCare,Soap,UrbanTaste,15.54
4653,SKU-04653,Dairy,Yogurt,AlphaFoods,19.07
4654,SKU-04654,Grocery,Pasta,GreenLine,21.17
4655,SKU-04655,Snacks,Nuts,GreenLine,22.01
4656,SKU-04656,Dairy,Milk,NovaFresh,31.75
4657,SKU-04657,Dairy,Milk,UrbanTaste,7.14
4658,SKU-04658,Dairy,Yogurt,UrbanTaste,10.0
4659,SKU-04659,Snacks,Nuts,GreenLine,22.55
4660,SKU-04660,PersonalCare,Shampoo,GreenLine,13.94
4661,SKU-04661,PersonalCare,Toothpaste,Sunrise,21.02
4662,SKU-04662,Beverage,Juice,PureLife,5.91
4663,SKU-04663,Dairy,Cheese,AlphaFoods,4.44
4664,SKU-04664,Dairy,Cheese,NovaFresh,33.38
4665,SKU-04665,Snacks,Nuts,NovaFresh,16.89
4666,SKU-04666,Beverage,Juice,UrbanTaste,35.32
4667,SKU-04667,Frozen,Veg,NovaFresh,25.71
4668,SKU-04668,Beverage,Water,UrbanTaste,17.72
4669,SKU-04669,Grocery,Oil,Sunrise,22.56
4670,SKU-04670,Frozen,Pizza,GreenLine,19.29
4671,SKU-04671,Frozen,Veg,PureLife,31.35
4672,SKU-04672,Beverage,Water,PureLife,26.35
4673,SKU-04673,Grocery,Pasta,UrbanTaste,30.32
4674,SKU-04674,Frozen,Pizza,UrbanTaste,25.45
4675,SKU-04675,Beverage,Soda,GreenLine,35.37
4676,SKU-04676,Beverage,Water,NovaFresh,25.23
4677,SKU-04677,Beverage,Juice,UrbanTaste,34.78
4678,SKU-04678,Dairy,Cheese,UrbanTaste,35.33
4679,SKU-04679,Snacks,Nuts,GreenLine,1.72
4680,SKU-04680,Dairy,Yogurt,NovaFresh,26.49
4681,SKU-04681,Grocery,Rice,AlphaFoods,24.06
4682,SKU-04682,Snacks,Biscuits,Sunrise,15.34
4683,SKU-04683,Dairy,Cheese,Sunrise,12.98
4684,SKU-04684,Grocery,Pasta,AlphaFoods,31.67
4685,SKU-04685,Dairy,Milk,AlphaFoods,15.14
4686,SKU-04686,PersonalCare,Toothpaste,AlphaFoods,36.97
4687,SKU-04687,PersonalCare,Shampoo,Sunrise,37.95
4688,SKU-04688,Snacks,Nuts,PureLife,13.85
4689,SKU-04689,PersonalCare,Shampoo,AlphaFoods,19.93
4690,SKU-04690,Beverage,Water,UrbanTaste,37.67
4691,SKU-04691,Snacks,Nuts,AlphaFoods,22.39
4692,SKU-04692,Grocery,Rice,UrbanTaste,36.74
4693,SKU-04693,Frozen,Veg,Sunrise,8.04
4694,SKU-04694,Beverage,Soda,NovaFresh,20.97
4695,SKU-04695,Beverage,Water,PureLife,35.25
4696,SKU-04696,Dairy,Yogurt,GreenLine,16.42
4697,SKU-04697,Frozen,Veg,NovaFresh,9.68
4698,SKU-04698,Grocery,Oil,NovaFresh,11.34
4699,SKU-04699,PersonalCare,Soap,Sunrise,27.83
4700,SKU-04700,Beverage,Soda,UrbanTaste,26.42
4701,SKU-04701,Grocery,Pasta,Sunrise,26.14
4702,SKU-04702,Frozen,Pizza,NovaFresh,25.39
4703,SKU-04703,PersonalCare,Shampoo,UrbanTaste,24.44
4704,SKU-04704,Snacks,Biscuits,Sunrise,3.98
4705,SKU-04705,Snacks,Nuts,Sunrise,13.77
4706,SKU-04706,Dairy,Milk,NovaFresh,0.79
4707,SKU-04707,Frozen,Pizza,GreenLine,9.01
4708,SKU-04708,Beverage,Soda,AlphaFoods,13.11
4709,SKU-04709,Grocery,Pasta,UrbanTaste,32.72
4710,SKU-04710,Snacks,Chips,PureLife,16.56
4711,SKU-04711,Frozen,Dessert,Sunrise,38.18
4712,SKU-04712,Grocery,Rice,GreenLine,26.31
4713,SKU-04713,PersonalCare,Soap,PureLife,31.5
4714,SKU-04714,Dairy,Milk,Sunrise,18.3
4715,SKU-04715,Snacks,Chips,PureLife,24.43
4716,SKU-04716,Grocery,Rice,Sunrise,4.55
4717,SKU-04717,PersonalCare,Soap,GreenLine,21.21
4718,SKU-04718,Beverage,Juice,Sunrise,23.04
4719,SKU-04719,Snacks,Nuts,Sunrise,10.2
4720,SKU-04720,PersonalCare,Toothpaste,GreenLine,6.38
4721,SKU-04721,Frozen,Dessert,PureLife,8.61
4722,SKU-04722,PersonalCare,Shampoo,Sunrise,29.67
4723,SKU-04723,Frozen,Pizza,AlphaFoods,18.69
4724,SKU-04724,Grocery,Rice,GreenLine,33.33
4725,SKU-04725,Beverage,Soda,AlphaFoods,10.15
4726,SKU-04726,PersonalCare,Toothpaste,UrbanTaste,2.27
4727,SKU-04727,PersonalCare,Toothpaste,NovaFresh,3.59
4728,SKU-04728,Beverage,Juice,GreenLine,7.87
4729,SKU-04729,PersonalCare,Toothpaste,AlphaFoods,16.32
4730,SKU-04730,PersonalCare,Toothpaste,NovaFresh,24.22
4731,SKU-04731,Dairy,Cheese,GreenLine,14.87
4732,SKU-04732,PersonalCare,Shampoo,UrbanTaste,22.98
4733,SKU-04733,Snacks,Biscuits,AlphaFoods,1.66
4734,SKU-04734,Frozen,Pizza,Sunrise,20.45
4735,SKU-04735,Dairy,Yogurt,NovaFresh,4.3
4736,SKU-04736,Snacks,Chips,UrbanTaste,24.06
4737,SKU-04737,Beverage,Soda,PureLife,26.79
4738,SKU-04738,PersonalCare,Toothpaste,UrbanTaste,27.6
4739,SKU-04739,Dairy,Yogurt,UrbanTaste,1.15
4740,SKU-04740,Dairy,Milk,AlphaFoods,27.68
4741,SKU-04741,Grocery,Pasta,PureLife,38.75
4742,SKU-04742,PersonalCare,Toothpaste,PureLife,20.94
4743,SKU-04743,Frozen,Veg,AlphaFoods,37.09
4744,SKU-04744,Grocery,Pasta,NovaFresh,16.81
4745,SKU-04745,Dairy,Yogurt,AlphaFoods,23.19
4746,SKU-04746,PersonalCare,Toothpaste,PureLife,13.51
4747,SKU-04747,Dairy,Yogurt,AlphaFoods,13.41
4748,SKU-04748,Frozen,Veg,AlphaFoods,3.98
4749,SKU-04749,Grocery,Oil,Sunrise,28.88
4750,SKU-04750,Grocery,Oil,NovaFresh,39.09
4751,SKU-04751,Frozen,Pizza,PureLife,19.1
4752,SKU-04752,Snacks,Biscuits,UrbanTaste,7.4
4753,SKU-04753,Frozen,Veg,NovaFresh,39.86
4754,SKU-04754,Dairy,Milk,AlphaFoods,15.99
4755,SKU-04755,Frozen,Veg,UrbanTaste,18.75
4756,SKU-04756,PersonalCare,Toothpaste,AlphaFoods,35.97
4757,SKU-04757,Dairy,Yogurt,GreenLine,19.66
4758,SKU-04758,PersonalCare,Shampoo,NovaFresh,4.57
4759,SKU-04759,Dairy,Yogurt,GreenLine,38.4
4760,SKU-04760,Grocery,Rice,UrbanTaste,8.56
4761,SKU-04761,Frozen,Pizza,GreenLine,3.63
4762,SKU-04762,Frozen,Pizza,NovaFresh,17.41
4763,SKU-04763,PersonalCare,Shampoo,NovaFresh,19.78
4764,SKU-04764,Frozen,Veg,PureLife,19.26
4765,SKU-04765,Snacks,Biscuits,GreenLine,24.37
4766,SKU-04766,Snacks,Chips,UrbanTaste,36.47
4767,SKU-04767,Frozen,Veg,UrbanTaste,34.01
4768,SKU-04768,Frozen,Pizza,Sunrise,36.34
4769,SKU-04769,Grocery,Rice,AlphaFoods,24.48
4770,SKU-04770,Snacks,Nuts,UrbanTaste,14.54
4771,SKU-04771,PersonalCare,Toothpaste,AlphaFoods,33.88
4772,SKU-04772,Dairy,Cheese,AlphaFoods,3.09
4773,SKU-04773,Snacks,Nuts,GreenLine,13.66
4774,SKU-04774,Frozen,Dessert,PureLife,29.75
4775,SKU-04775,PersonalCare,Toothpaste,AlphaFoods,29.22
4776,SKU-04776,Dairy,Yogurt,AlphaFoods,0.53
4777,SKU-04777,PersonalCare,Shampoo,NovaFresh,25.22
4778,SKU-04778,Beverage,Soda,PureLife,7.3
4779,SKU-04779,PersonalCare,Toothpaste,AlphaFoods,27.6
4780,SKU-04780,Frozen,Dessert,NovaFresh,12.92
4781,SKU-04781,Beverage,Juice,PureLife,25.79
4782,SKU-04782,Snacks,Chips,Sunrise,20.61
4783,SKU-04783,Snacks,Biscuits,AlphaFoods,31.66
4784,SKU-04784,Grocery,Oil,GreenLine,14.25
4785,SKU-04785,Beverage,Soda,AlphaFoods,4.72
4786,SKU-04786,Grocery,Oil,NovaFresh,36.66
4787,SKU-04787,Grocery,Pasta,Sunrise,1.7
4788,SKU-04788,PersonalCare,Shampoo,AlphaFoods,1.61
4789,SKU-04789,Grocery,Pasta,NovaFresh,27.63
4790,SKU-04790,Snacks,Nuts,Sunrise,7.72
4791,SKU-04791,Beverage,Soda,GreenLine,24.51
4792,SKU-04792,Beverage,Water,Sunrise,16.25
4793,SKU-04793,Grocery,Rice,PureLife,26.78
4794,SKU-04794,Dairy,Yogurt,Sunrise,4.71
4795,SKU-04795,Beverage,Water,Sunrise,21.98
4796,SKU-04796,PersonalCare,Toothpaste,Sunrise,13.77
4797,SKU-04797,Frozen,Pizza,PureLife,6.3
4798,SKU-04798,Dairy,Cheese,UrbanTaste,24.38
4799,SKU-04799,Dairy,Cheese,Sunrise,27.66
4800,SKU-04800,Grocery,Rice,Sunrise,37.0
4801,SKU-04801,Grocery,Oil,UrbanTaste,35.61
4802,SKU-04802,Beverage,Juice,UrbanTaste,23.23
4803,SKU-04803,Beverage,Water,NovaFresh,1.73
4804,SKU-04804,Dairy,Milk,NovaFresh,22.78
4805,SKU-04805,Dairy,Cheese,PureLife,31.05
4806,SKU-04806,Beverage,Juice,GreenLine,31.48
4807,SKU-04807,Dairy,Milk,PureLife,23.94
4808,SKU-04808,PersonalCare,Shampoo,NovaFresh,39.2
4809,SKU-04809,Beverage,Water,GreenLine,13.27
4810,SKU-04810,Frozen,Dessert,UrbanTaste,14.44
4811,SKU-04811,PersonalCare,Shampoo,UrbanTaste,32.41
4812,SKU-04812,Frozen,Veg,NovaFresh,22.05
4813,SKU-04813,Frozen,Pizza,AlphaFoods,10.83
4814,SKU-04814,Dairy,Cheese,GreenLine,18.75
4815,SKU-04815,Frozen,Pizza,AlphaFoods,28.98
4816,SKU-04816,PersonalCare,Soap,AlphaFoods,31.61
4817,SKU-04817,Beverage,Water,Sunrise,25.86
4818,SKU-04818,Dairy,Yogurt,GreenLine,23.61
4819,SKU-04819,Grocery,Pasta,NovaFresh,22.01
4820,SKU-04820,Beverage,Juice,NovaFresh,5.83
4821,SKU-04821,Frozen,Veg,UrbanTaste,23.96
4822,SKU-04822,Snacks,Nuts,NovaFresh,0.98
4823,SKU-04823,Frozen,Pizza,AlphaFoods,11.9
4824,SKU-04824,PersonalCare,Soap,PureLife,15.85
4825,SKU-04825,Snacks,Biscuits,AlphaFoods,38.01
4826,SKU-04826,Frozen,Veg,AlphaFoods,14.92
4827,SKU-04827,Frozen,Pizza,Sunrise,21.13
4828,SKU-04828,Grocery,Pasta,UrbanTaste,8.37
4829,SKU-04829,Grocery,Pasta,UrbanTaste,26.57
4830,SKU-04830,Snacks,Biscuits,NovaFresh,32.69
4831,SKU-04831,PersonalCare,Toothpaste,NovaFresh,33.89
4832,SKU-04832,Dairy,Milk,AlphaFoods,17.39
4833,SKU-04833,Dairy,Yogurt,NovaFresh,30.14
4834,SKU-04834,Snacks,Nuts,AlphaFoods,25.52
4835,SKU-04835,Frozen,Dessert,UrbanTaste,14.27
4836,SKU-04836,Dairy,Milk,PureLife,27.27
4837,SKU-04837,Beverage,Soda,AlphaFoods,14.59
4838,SKU-04838,Frozen,Veg,Sunrise,19.66
4839,SKU-04839,Snacks,Biscuits,AlphaFoods,8.05
4840,SKU-04840,Beverage,Soda,UrbanTaste,27.4
4841,SKU-04841,PersonalCare,Soap,AlphaFoods,15.7
4842,SKU-04842,Grocery,Rice,GreenLine,7.01
4843,SKU-04843,Grocery,Pasta,Sunrise,14.72
4844,SKU-04844,Frozen,Veg,NovaFresh,19.73
4845,SKU-04845,Snacks,Chips,GreenLine,33.46
4846,SKU-04846,Beverage,Soda,UrbanTaste,27.98
4847,SKU-04847,Beverage,Soda,UrbanTaste,11.43
4848,SKU-04848,Beverage,Soda,AlphaFoods,7.08
4849,SKU-04849,Dairy,Milk,UrbanTaste,34.05
4850,SKU-04850,Beverage,Juice,PureLife,28.59
4851,SKU-04851,Snacks,Chips,GreenLine,22.33
4852,SKU-04852,PersonalCare,Soap,GreenLine,17.94
4853,SKU-04853,PersonalCare,Toothpaste,NovaFresh,33.72
4854,SKU-04854,PersonalCare,Shampoo,UrbanTaste,38.96
4855,SKU-04855,Beverage,Juice,PureLife,27.99
4856,SKU-04856,Grocery,Pasta,GreenLine,11.78
4857,SKU-04857,Grocery,Pasta,GreenLine,13.24
4858,SKU-04858,PersonalCare,Toothpaste,AlphaFoods,13.41
4859,SKU-04859,Grocery,Rice,AlphaFoods,13.73
4860,SKU-04860,Beverage,Soda,NovaFresh,6.94
4861,SKU-04861,PersonalCare,Toothpaste,PureLife,39.83
4862,SKU-04862,Beverage,Soda,PureLife,2.07
4863,SKU-04863,Beverage,Soda,UrbanTaste,12.51
4864,SKU-04864,Snacks,Chips,PureLife,30.16
4865,SKU-04865,Frozen,Pizza,GreenLine,13.44
4866,SKU-04866,Frozen,Pizza,Sunrise,22.08
4867,SKU-04867,Grocery,Rice,AlphaFoods,15.95
4868,SKU-04868,Grocery,Pasta,PureLife,2.29
4869,SKU-04869,Dairy,Yogurt,Sunrise,25.93
4870,SKU-04870,Grocery,Pasta,AlphaFoods,23.41
4871,SKU-04871,Grocery,Pasta,AlphaFoods,7.47
4872,SKU-04872,Beverage,Soda,Sunrise,20.83
4873,SKU-04873,Frozen,Veg,PureLife,33.89
4874,SKU-04874,Grocery,Rice,NovaFresh,25.27
4875,SKU-04875,Beverage,Soda,Sunrise,20.13
4876,SKU-04876,Grocery,Pasta,NovaFresh,30.38
4877,SKU-04877,PersonalCare,Toothpaste,GreenLine,2.06
4878,SKU-04878,Snacks,Chips,GreenLine,27.63
4879,SKU-04879,Beverage,Soda,UrbanTaste,33.78
4880,SKU-04880,Dairy,Yogurt,GreenLine,35.89
4881,SKU-04881,Beverage,Juice,AlphaFoods,3.91
4882,SKU-04882,Frozen,Dessert,Sunrise,12.47
4883,SKU-04883,Dairy,Yogurt,AlphaFoods,13.02
4884,SKU-04884,Snacks,Nuts,Sunrise,22.64
4885,SKU-04885,PersonalCare,Shampoo,UrbanTaste,14.08
4886,SKU-04886,PersonalCare,Toothpaste,GreenLine,19.93
4887,SKU-04887,Beverage,Soda,GreenLine,37.27
4888,SKU-04888,Beverage,Water,NovaFresh,25.73
4889,SKU-04889,Frozen,Pizza,AlphaFoods,22.64
4890,SKU-04890,Dairy,Milk,Sunrise,12.02
4891,SKU-04891,Grocery,Rice,PureLife,6.53
4892,SKU-04892,PersonalCare,Shampoo,GreenLine,3.03
4893,SKU-04893,Frozen,Veg,GreenLine,15.7
4894,SKU-04894,Beverage,Juice,UrbanTaste,38.01
4895,SKU-04895,PersonalCare,Toothpaste,PureLife,32.04
4896,SKU-04896,Grocery,Rice,Sunrise,25.14
4897,SKU-04897,Grocery,Rice,NovaFresh,17.5
4898,SKU-04898,Snacks,Nuts,PureLife,17.55
4899,SKU-04899,Beverage,Water,Sunrise,3.2
4900,SKU-04900,Grocery,Rice,PureLife,26.05
4901,SKU-04901,Frozen,Dessert,NovaFresh,2.56
4902,SKU-04902,Dairy,Milk,AlphaFoods,17.06
4903,SKU-04903,Beverage,Juice,GreenLine,6.58
4904,SKU-04904,Dairy,Milk,GreenLine,17.97
4905,SKU-04905,Frozen,Veg,GreenLine,11.13
4906,SKU-04906,Beverage,Juice,NovaFresh,24.56
4907,SKU-04907,Grocery,Rice,Sunrise,31.84
4908,SKU-04908,Snacks,Biscuits,AlphaFoods,21.48
4909,SKU-04909,Grocery,Pasta,PureLife,20.38
4910,SKU-04910,Snacks,Chips,AlphaFoods,22.95
4911,SKU-04911,Beverage,Juice,Sunrise,9.18
4912,SKU-04912,Grocery,Rice,Sunrise,38.62
4913,SKU-04913,Dairy,Milk,NovaFresh,36.76
4914,SKU-04914,Frozen,Pizza,PureLife,35.31
4915,SKU-04915,Grocery,Oil,AlphaFoods,31.59
4916,SKU-04916,Snacks,Nuts,UrbanTaste,25.14
4917,SKU-04917,Frozen,Dessert,AlphaFoods,16.4
4918,SKU-04918,Snacks,Chips,PureLife,13.76
4919,SKU-04919,Beverage,Soda,NovaFresh,34.45
4920,SKU-04920,Dairy,Milk,GreenLine,39.45
4921,SKU-04921,Beverage,Soda,GreenLine,13.44
4922,SKU-04922,PersonalCare,Soap,UrbanTaste,26.93
4923,SKU-04923,PersonalCare,Shampoo,AlphaFoods,20.76
4924,SKU-04924,Dairy,Milk,UrbanTaste,21.08
4925,SKU-04925,Frozen,Veg,Sunrise,36.49
4926,SKU-04926,PersonalCare,Soap,Sunrise,2.78
4927,SKU-04927,Beverage,Water,AlphaFoods,20.69
4928,SKU-04928,Dairy,Cheese,Sunrise,24.84
4929,SKU-04929,PersonalCare,Shampoo,UrbanTaste,17.91
4930,SKU-04930,Beverage,Juice,AlphaFoods,3.34
4931,SKU-04931,Beverage,Juice,PureLife,39.74
4932,SKU-04932,Beverage,Juice,GreenLine,24.41
4933,SKU-04933,Dairy,Yogurt,PureLife,28.9
4934,SKU-04934,Grocery,Rice,NovaFresh,13.42
4935,SKU-04935,Beverage,Water,NovaFresh,34.67
4936,SKU-04936,Grocery,Oil,PureLife,1.94
4937,SKU-04937,PersonalCare,Soap,GreenLine,25.69
4938,SKU-04938,Grocery,Oil,Sunrise,28.95
4939,SKU-04939,Frozen,Pizza,GreenLine,12.67
4940,SKU-04940,Grocery,Rice,GreenLine,37.83
4941,SKU-04941,Beverage,Juice,PureLife,30.37
4942,SKU-04942,Snacks,Nuts,Sunrise,37.09
4943,SKU-04943,Frozen,Pizza,PureLife,16.63
4944,SKU-04944,Snacks,Biscuits,PureLife,37.49
4945,SKU-04945,Grocery,Oil,Sunrise,38.86
4946,SKU-04946,Dairy,Cheese,GreenLine,20.16
4947,SKU-04947,Frozen,Dessert,NovaFresh,6.95
4948,SKU-04948,Dairy,Yogurt,UrbanTaste,36.82
4949,SKU-04949,Dairy,Yogurt,AlphaFoods,16.37
4950,SKU-04950,PersonalCare,Toothpaste,NovaFresh,23.88
4951,SKU-04951,PersonalCare,Soap,GreenLine,31.03
4952,SKU-04952,Snacks,Biscuits,NovaFresh,20.93
4953,SKU-04953,PersonalCare,Shampoo,Sunrise,17.65
4954,SKU-04954,Snacks,Nuts,UrbanTaste,5.55
4955,SKU-04955,PersonalCare,Soap,PureLife,35.17
4956,SKU-04956,Grocery,Oil,PureLife,8.13
4957,SKU-04957,Dairy,Milk,Sunrise,9.13
4958,SKU-04958,Snacks,Chips,UrbanTaste,1.58
4959,SKU-04959,Grocery,Oil,UrbanTaste,10.23
4960,SKU-04960,Frozen,Dessert,Sunrise,14.66
4961,SKU-04961,Dairy,Milk,Sunrise,22.55
4962,SKU-04962,Grocery,Oil,GreenLine,34.39
4963,SKU-04963,Grocery,Rice,UrbanTaste,15.16
4964,SKU-04964,Grocery,Oil,AlphaFoods,7.32
4965,SKU-04965,Dairy,Milk,PureLife,4.7
4966,SKU-04966,Frozen,Veg,PureLife,19.74
4967,SKU-04967,Grocery,Pasta,AlphaFoods,30.87
4968,SKU-04968,Beverage,Water,PureLife,16.02
4969,SKU-04969,Grocery,Oil,PureLife,9.3
4970,SKU-04970,Snacks,Chips,NovaFresh,17.9
4971,SKU-04971,Beverage,Juice,UrbanTaste,13.64
4972,SKU-04972,Grocery,Oil,PureLife,28.33
4973,SKU-04973,Dairy,Cheese,UrbanTaste,3.21
4974,SKU-04974,Dairy,Yogurt,NovaFresh,9.47
4975,SKU-04975,Snacks,Nuts,Sunrise,28.79
4976,SKU-04976,Dairy,Yogurt,PureLife,4.35
4977,SKU-04977,PersonalCare,Toothpaste,UrbanTaste,4.5
4978,SKU-04978,Grocery,Oil,GreenLine,18.96
4979,SKU-04979,Frozen,Dessert,UrbanTaste,1.62
4980,SKU-04980,PersonalCare,Toothpaste,Sunrise,1.81
4981,SKU-04981,Frozen,Pizza,Sunrise,23.03
4982,SKU-04982,Grocery,Pasta,AlphaFoods,38.57
4983,SKU-04983,Grocery,Rice,AlphaFoods,26.87
4984,SKU-04984,Beverage,Soda,GreenLine,6.35
4985,SKU-04985,Frozen,Veg,AlphaFoods,37.61
4986,SKU-04986,Beverage,Soda,Sunrise,29.56
4987,SKU-04987,Snacks,Chips,NovaFresh,23.22
4988,SKU-04988,Frozen,Veg,NovaFresh,2.94
4989,SKU-04989,Frozen,Dessert,AlphaFoods,8.02
4990,SKU-04990,PersonalCare,Soap,Sunrise,30.48
4991,SKU-04991,Beverage,Soda,AlphaFoods,8.79
4992,SKU-04992,Dairy,Milk,NovaFresh,9.46
4993,SKU-04993,PersonalCare,Shampoo,NovaFresh,7.18
4994,SKU-04994,Snacks,Biscuits,PureLife,0.84
4995,SKU-04995,PersonalCare,Soap,GreenLine,6.67
4996,SKU-04996,Snacks,Chips,UrbanTaste,7.91
4997,SKU-04997,Dairy,Cheese,GreenLine,11.91
4998,SKU-04998,Frozen,Veg,GreenLine,12.81
4999,SKU-04999,Grocery,Pasta,GreenLine,39.34
5000,SKU-05000,PersonalCare,Toothpaste,UrbanTaste,6.47
5001,SKU-05001,PersonalCare,Toothpaste,NovaFresh,5.15
5002,SKU-05002,Grocery,Rice,AlphaFoods,35.63
5003,SKU-05003,Frozen,Pizza,GreenLine,10.58
5004,SKU-05004,Grocery,Pasta,Sunrise,32.27
5005,SKU-05005,PersonalCare,Shampoo,NovaFresh,15.18
5006,SKU-05006,Frozen,Pizza,NovaFresh,10.74
5007,SKU-05007,PersonalCare,Toothpaste,NovaFresh,4.17
5008,SKU-05008,Frozen,Dessert,UrbanTaste,26.85
5009,SKU-05009,Dairy,Yogurt,PureLife,9.13
5010,SKU-05010,Frozen,Veg,AlphaFoods,15.08
5011,SKU-05011,Dairy,Yogurt,AlphaFoods,30.54
5012,SKU-05012,Beverage,Soda,GreenLine,2.5
5013,SKU-05013,Dairy,Yogurt,AlphaFoods,12.72
5014,SKU-05014,Beverage,Soda,PureLife,12.64
5015,SKU-05015,Beverage,Soda,GreenLine,21.9
5016,SKU-05016,Beverage,Soda,AlphaFoods,3.29
5017,SKU-05017,Dairy,Yogurt,PureLife,3.04
5018,SKU-05018,Frozen,Veg,Sunrise,30.3
5019,SKU-05019,Snacks,Biscuits,NovaFresh,21.25
5020,SKU-05020,Dairy,Milk,UrbanTaste,11.01
5021,SKU-05021,PersonalCare,Soap,GreenLine,0.76
5022,SKU-05022,Dairy,Cheese,AlphaFoods,28.88
5023,SKU-05023,Snacks,Biscuits,GreenLine,9.88
5024,SKU-05024,Dairy,Yogurt,AlphaFoods,12.29
5025,SKU-05025,Dairy,Milk,Sunrise,13.0
5026,SKU-05026,Grocery,Pasta,AlphaFoods,11.84
5027,SKU-05027,Frozen,Dessert,GreenLine,18.91
5028,SKU-05028,Grocery,Pasta,GreenLine,15.1
5029,SKU-05029,Frozen,Pizza,GreenLine,37.05
5030,SKU-05030,Grocery,Rice,AlphaFoods,19.04
5031,SKU-05031,Snacks,Biscuits,Sunrise,33.07
5032,SKU-05032,PersonalCare,Toothpaste,GreenLine,31.52
5033,SKU-05033,Grocery,Pasta,Sunrise,11.57
5034,SKU-05034,Beverage,Juice,GreenLine,11.18
5035,SKU-05035,Dairy,Cheese,PureLife,22.67
5036,SKU-05036,Frozen,Pizza,UrbanTaste,1.54
5037,SKU-05037,PersonalCare,Toothpaste,NovaFresh,39.49
5038,SKU-05038,Dairy,Milk,PureLife,3.99
5039,SKU-05039,Beverage,Soda,NovaFresh,38.54
5040,SKU-05040,Dairy,Yogurt,GreenLine,9.75
5041,SKU-05041,Beverage,Soda,NovaFresh,22.57
5042,SKU-05042,PersonalCare,Toothpaste,PureLife,22.24
5043,SKU-05043,Beverage,Soda,NovaFresh,18.61
5044,SKU-05044,Frozen,Veg,PureLife,10.96
5045,SKU-05045,Beverage,Soda,PureLife,24.31
5046,SKU-05046,Beverage,Soda,GreenLine,18.56
5047,SKU-05047,Beverage,Water,Sunrise,26.73
5048,SKU-05048,PersonalCare,Shampoo,PureLife,30.96
5049,SKU-05049,PersonalCare,Shampoo,UrbanTaste,15.9
5050,SKU-05050,PersonalCare,Soap,AlphaFoods,11.91
5051,SKU-05051,Dairy,Milk,Sunrise,22.88
5052,SKU-05052,Grocery,Pasta,NovaFresh,1.54
5053,SKU-05053,Frozen,Pizza,PureLife,9.74
5054,SKU-05054,Dairy,Cheese,UrbanTaste,11.09
5055,SKU-05055,Frozen,Veg,Sunrise,23.53
5056,SKU-05056,Frozen,Veg,Sunrise,4.84
5057,SKU-05057,Beverage,Water,Sunrise,10.49
5058,SKU-05058,Dairy,Cheese,AlphaFoods,15.46
5059,SKU-05059,Grocery,Rice,Sunrise,21.35
5060,SKU-05060,Dairy,Yogurt,Sunrise,17.81
5061,SKU-05061,PersonalCare,Shampoo,AlphaFoods,21.57
5062,SKU-05062,Dairy,Cheese,Sunrise,31.65
5063,SKU-05063,Grocery,Pasta,Sunrise,26.86
5064,SKU-05064,Frozen,Pizza,NovaFresh,7.67
5065,SKU-05065,Grocery,Pasta,PureLife,15.04
5066,SKU-05066,Frozen,Dessert,GreenLine,28.93
5067,SKU-05067,Frozen,Pizza,PureLife,34.52
5068,SKU-05068,PersonalCare,Shampoo,PureLife,35.87
5069,SKU-05069,Frozen,Dessert,AlphaFoods,39.13
5070,SKU-05070,Snacks,Biscuits,GreenLine,35.54
5071,SKU-05071,Grocery,Rice,AlphaFoods,28.11
5072,SKU-05072,Grocery,Oil,NovaFresh,39.89
5073,SKU-05073,PersonalCare,Soap,PureLife,25.66
5074,SKU-05074,PersonalCare,Toothpaste,GreenLine,24.89
5075,SKU-05075,Frozen,Dessert,GreenLine,21.83
5076,SKU-05076,Beverage,Juice,Sunrise,16.12
5077,SKU-05077,Beverage,Water,NovaFresh,18.5
5078,SKU-05078,Frozen,Dessert,PureLife,24.83
5079,SKU-05079,Dairy,Milk,NovaFresh,10.09
5080,SKU-05080,Grocery,Oil,NovaFresh,21.34
5081,SKU-05081,Frozen,Pizza,PureLife,23.97
5082,SKU-05082,Frozen,Pizza,NovaFresh,14.51
5083,SKU-05083,Dairy,Cheese,AlphaFoods,28.62
5084,SKU-05084,Snacks,Biscuits,Sunrise,37.59
5085,SKU-05085,Snacks,Biscuits,GreenLine,0.81
5086,SKU-05086,Frozen,Dessert,UrbanTaste,31.42
5087,SKU-05087,Snacks,Chips,UrbanTaste,1.39
5088,SKU-05088,Dairy,Milk,AlphaFoods,22.85
5089,SKU-05089,Dairy,Milk,PureLife,39.94
5090,SKU-05090,Snacks,Chips,NovaFresh,3.77
5091,SKU-05091,PersonalCare,Shampoo,UrbanTaste,14.7
5092,SKU-05092,PersonalCare,Shampoo,AlphaFoods,38.1
5093,SKU-05093,PersonalCare,Toothpaste,GreenLine,29.06
5094,SKU-05094,PersonalCare,Soap,NovaFresh,7.98
5095,SKU-05095,Snacks,Biscuits,NovaFresh,7.56
5096,SKU-05096,Snacks,Biscuits,NovaFresh,22.52
5097,SKU-05097,Frozen,Pizza,NovaFresh,25.8
5098,SKU-05098,Grocery,Pasta,PureLife,32.26
5099,SKU-05099,Grocery,Oil,NovaFresh,27.54
5100,SKU-05100,Dairy,Cheese,GreenLine,11.48
5101,SKU-05101,Grocery,Rice,GreenLine,4.09
5102,SKU-05102,Dairy,Yogurt,UrbanTaste,18.89
5103,SKU-05103,Beverage,Soda,GreenLine,38.85
5104,SKU-05104,Frozen,Dessert,PureLife,14.13
5105,SKU-05105,Beverage,Soda,AlphaFoods,34.02
5106,SKU-05106,Dairy,Yogurt,UrbanTaste,25.61
5107,SKU-05107,Beverage,Water,Sunrise,12.18
5108,SKU-05108,Dairy,Yogurt,NovaFresh,26.91
5109,SKU-05109,Grocery,Rice,NovaFresh,0.61
5110,SKU-05110,Frozen,Dessert,AlphaFoods,12.85
5111,SKU-05111,PersonalCare,Soap,UrbanTaste,29.11
5112,SKU-05112,Frozen,Pizza,GreenLine,13.03
5113,SKU-05113,Snacks,Nuts,AlphaFoods,25.93
5114,SKU-05114,Beverage,Soda,PureLife,11.82
5115,SKU-05115,Grocery,Oil,GreenLine,16.11
5116,SKU-05116,Frozen,Veg,AlphaFoods,7.28
5117,SKU-05117,Snacks,Chips,AlphaFoods,14.09
5118,SKU-05118,PersonalCare,Shampoo,Sunrise,31.0
5119,SKU-05119,Beverage,Juice,GreenLine,29.59
5120,SKU-05120,Dairy,Yogurt,UrbanTaste,28.5
5121,SKU-05121,Grocery,Oil,GreenLine,38.49
5122,SKU-05122,Frozen,Pizza,Sunrise,1.48
5123,SKU-05123,PersonalCare,Soap,AlphaFoods,33.53
5124,SKU-05124,Frozen,Pizza,PureLife,37.6
5125,SKU-05125,Grocery,Rice,AlphaFoods,24.02
5126,SKU-05126,Dairy,Milk,Sunrise,34.84
5127,SKU-05127,Grocery,Oil,Sunrise,34.59
5128,SKU-05128,Snacks,Biscuits,PureLife,18.08
5129,SKU-05129,Dairy,Yogurt,GreenLine,5.9
5130,SKU-05130,Snacks,Biscuits,GreenLine,26.9
5131,SKU-05131,Snacks,Biscuits,NovaFresh,5.94
5132,SKU-05132,Snacks,Chips,AlphaFoods,28.42
5133,SKU-05133,Dairy,Milk,Sunrise,5.51
5134,SKU-05134,PersonalCare,Shampoo,PureLife,7.8
5135,SKU-05135,Frozen,Veg,NovaFresh,8.51
5136,SKU-05136,Grocery,Pasta,Sunrise,12.93
5137,SKU-05137,PersonalCare,Soap,UrbanTaste,23.49
5138,SKU-05138,Frozen,Pizza,PureLife,4.11
5139,SKU-05139,Grocery,Rice,GreenLine,38.11
5140,SKU-05140,Dairy,Cheese,PureLife,7.64
5141,SKU-05141,Grocery,Pasta,AlphaFoods,27.69
5142,SKU-05142,Dairy,Cheese,PureLife,37.77
5143,SKU-05143,Dairy,Cheese,UrbanTaste,10.68
5144,SKU-05144,Dairy,Yogurt,Sunrise,20.96
5145,SKU-05145,Frozen,Dessert,UrbanTaste,34.8
5146,SKU-05146,Beverage,Water,PureLife,22.0
5147,SKU-05147,Grocery,Rice,NovaFresh,20.42
5148,SKU-05148,Dairy,Cheese,GreenLine,17.06
5149,SKU-05149,Dairy,Milk,GreenLine,31.57
5150,SKU-05150,PersonalCare,Shampoo,GreenLine,27.37
5151,SKU-05151,Snacks,Nuts,PureLife,26.22
5152,SKU-05152,Beverage,Soda,Sunrise,36.13
5153,SKU-05153,Dairy,Milk,UrbanTaste,36.84
5154,SKU-05154,Frozen,Dessert,GreenLine,34.94
5155,SKU-05155,PersonalCare,Shampoo,NovaFresh,14.86
5156,SKU-05156,Snacks,Biscuits,UrbanTaste,22.26
5157,SKU-05157,Frozen,Dessert,UrbanTaste,35.67
5158,SKU-05158,Beverage,Soda,GreenLine,6.49
5159,SKU-05159,Snacks,Nuts,UrbanTaste,15.92
5160,SKU-05160,Dairy,Cheese,NovaFresh,16.99
5161,SKU-05161,Dairy,Cheese,UrbanTaste,1.31
5162,SKU-05162,Beverage,Water,GreenLine,8.56
5163,SKU-05163,Grocery,Rice,NovaFresh,27.43
5164,SKU-05164,Dairy,Cheese,UrbanTaste,9.46
5165,SKU-05165,Grocery,Pasta,UrbanTaste,19.1
5166,SKU-05166,Dairy,Yogurt,AlphaFoods,36.35
5167,SKU-05167,Grocery,Pasta,GreenLine,24.03
5168,SKU-05168,Frozen,Pizza,Sunrise,19.29
5169,SKU-05169,Frozen,Pizza,AlphaFoods,27.15
5170,SKU-05170,Grocery,Rice,PureLife,37.51
5171,SKU-05171,Dairy,Cheese,UrbanTaste,1.21
5172,SKU-05172,Snacks,Nuts,NovaFresh,20.26
5173,SKU-05173,PersonalCare,Toothpaste,PureLife,26.81
5174,SKU-05174,Snacks,Nuts,NovaFresh,17.18
5175,SKU-05175,Frozen,Veg,Sunrise,6.27
5176,SKU-05176,Dairy,Milk,Sunrise,2.92
5177,SKU-05177,Grocery,Pasta,GreenLine,29.58
5178,SKU-05178,Beverage,Juice,UrbanTaste,19.54
5179,SKU-05179,Frozen,Veg,UrbanTaste,25.98
5180,SKU-05180,Beverage,Juice,NovaFresh,8.33
5181,SKU-05181,Dairy,Yogurt,Sunrise,25.18
5182,SKU-05182,Grocery,Rice,GreenLine,20.61
5183,SKU-05183,Snacks,Chips,UrbanTaste,9.4
5184,SKU-05184,Beverage,Soda,GreenLine,38.19
5185,SKU-05185,Frozen,Dessert,Sunrise,27.51
5186,SKU-05186,Beverage,Juice,GreenLine,1.1
5187,SKU-05187,Dairy,Milk,UrbanTaste,13.07
5188,SKU-05188,PersonalCare,Shampoo,NovaFresh,29.08
5189,SKU-05189,PersonalCare,Shampoo,AlphaFoods,36.28
5190,SKU-05190,Beverage,Juice,UrbanTaste,2.97
5191,SKU-05191,Dairy,Milk,UrbanTaste,23.38
5192,SKU-05192,Grocery,Rice,GreenLine,6.87
5193,SKU-05193,Grocery,Oil,UrbanTaste,25.2
5194,SKU-05194,Snacks,Chips,NovaFresh,4.24
5195,SKU-05195,Grocery,Rice,UrbanTaste,33.58
5196,SKU-05196,Grocery,Oil,GreenLine,31.8
5197,SKU-05197,Frozen,Veg,NovaFresh,37.72
5198,SKU-05198,PersonalCare,Soap,NovaFresh,14.74
5199,SKU-05199,Frozen,Pizza,PureLife,37.58
5200,SKU-05200,Beverage,Juice,NovaFresh,14.68
5201,SKU-05201,PersonalCare,Soap,Sunrise,25.88
5202,SKU-05202,PersonalCare,Soap,PureLife,14.95
5203,SKU-05203,Beverage,Juice,NovaFresh,35.48
5204,SKU-05204,Dairy,Cheese,NovaFresh,27.44
5205,SKU-05205,Frozen,Veg,UrbanTaste,39.1
5206,SKU-05206,Beverage,Soda,NovaFresh,36.48
5207,SKU-05207,PersonalCare,Toothpaste,PureLife,24.68
5208,SKU-05208,PersonalCare,Toothpaste,UrbanTaste,22.76
5209,SKU-05209,Frozen,Pizza,GreenLine,7.82
5210,SKU-05210,Dairy,Milk,AlphaFoods,34.24
5211,SKU-05211,PersonalCare,Soap,AlphaFoods,23.22
5212,SKU-05212,Frozen,Dessert,PureLife,33.07
5213,SKU-05213,PersonalCare,Toothpaste,AlphaFoods,14.46
5214,SKU-05214,Grocery,Rice,GreenLine,4.86
5215,SKU-05215,Dairy,Cheese,Sunrise,6.06
5216,SKU-05216,PersonalCare,Toothpaste,PureLife,27.76
5217,SKU-05217,Dairy,Cheese,Sunrise,33.38
5218,SKU-05218,Beverage,Juice,AlphaFoods,8.51
5219,SKU-05219,PersonalCare,Toothpaste,Sunrise,19.42
5220,SKU-05220,Beverage,Water,UrbanTaste,12.42
5221,SKU-05221,Snacks,Biscuits,Sunrise,1.53
5222,SKU-05222,Snacks,Biscuits,UrbanTaste,35.7
5223,SKU-05223,Grocery,Pasta,AlphaFoods,16.06
5224,SKU-05224,Snacks,Nuts,NovaFresh,6.22
5225,SKU-05225,Snacks,Biscuits,GreenLine,36.14
5226,SKU-05226,PersonalCare,Shampoo,AlphaFoods,9.88
5227,SKU-05227,PersonalCare,Soap,UrbanTaste,28.1
5228,SKU-05228,PersonalCare,Toothpaste,PureLife,19.68
5229,SKU-05229,PersonalCare,Shampoo,NovaFresh,23.6
5230,SKU-05230,Grocery,Oil,GreenLine,2.87
5231,SKU-05231,Dairy,Cheese,UrbanTaste,24.45
5232,SKU-05232,PersonalCare,Shampoo,AlphaFoods,22.41
5233,SKU-05233,PersonalCare,Soap,GreenLine,31.47
5234,SKU-05234,Snacks,Biscuits,GreenLine,38.87
5235,SKU-05235,Dairy,Milk,UrbanTaste,11.07
5236,SKU-05236,PersonalCare,Shampoo,UrbanTaste,31.39
5237,SKU-05237,Beverage,Soda,PureLife,32.74
5238,SKU-05238,PersonalCare,Shampoo,UrbanTaste,30.12
5239,SKU-05239,Grocery,Oil,GreenLine,5.98
5240,SKU-05240,Snacks,Nuts,UrbanTaste,33.82
5241,SKU-05241,Beverage,Juice,PureLife,34.4
5242,SKU-05242,Beverage,Water,UrbanTaste,4.42
5243,SKU-05243,Snacks,Chips,PureLife,33.13
5244,SKU-05244,Grocery,Pasta,Sunrise,10.01
5245,SKU-05245,PersonalCare,Shampoo,NovaFresh,7.91
5246,SKU-05246,Snacks,Nuts,UrbanTaste,28.28
5247,SKU-05247,Frozen,Pizza,UrbanTaste,1.42
5248,SKU-05248,Dairy,Cheese,Sunrise,6.68
5249,SKU-05249,Dairy,Milk,Sunrise,37.13
5250,SKU-05250,Grocery,Rice,Sunrise,22.33
5251,SKU-05251,Beverage,Soda,PureLife,24.61
5252,SKU-05252,PersonalCare,Soap,PureLife,38.07
5253,SKU-05253,PersonalCare,Toothpaste,AlphaFoods,6.77
5254,SKU-05254,Dairy,Milk,UrbanTaste,39.6
5255,SKU-05255,PersonalCare,Soap,UrbanTaste,39.95
5256,SKU-05256,Dairy,Yogurt,PureLife,39.62
5257,SKU-05257,Dairy,Cheese,NovaFresh,14.06
5258,SKU-05258,Frozen,Dessert,GreenLine,8.93
5259,SKU-05259,Grocery,Rice,GreenLine,39.49
5260,SKU-05260,PersonalCare,Toothpaste,NovaFresh,21.25
5261,SKU-05261,Frozen,Veg,GreenLine,11.48
5262,SKU-05262,Grocery,Pasta,UrbanTaste,25.72
5263,SKU-05263,Grocery,Oil,AlphaFoods,30.92
5264,SKU-05264,Beverage,Soda,Sunrise,7.45
5265,SKU-05265,Grocery,Oil,NovaFresh,24.87
5266,SKU-05266,Dairy,Yogurt,AlphaFoods,8.28
5267,SKU-05267,Dairy,Milk,PureLife,28.95
5268,SKU-05268,Snacks,Biscuits,PureLife,25.88
5269,SKU-05269,Snacks,Nuts,GreenLine,22.8
5270,SKU-05270,Snacks,Biscuits,GreenLine,11.42
5271,SKU-05271,PersonalCare,Soap,Sunrise,4.76
5272,SKU-05272,Beverage,Soda,AlphaFoods,4.74
5273,SKU-05273,Beverage,Soda,Sunrise,30.38
5274,SKU-05274,Frozen,Veg,PureLife,5.83
5275,SKU-05275,Frozen,Veg,UrbanTaste,7.92
5276,SKU-05276,Beverage,Soda,GreenLine,13.82
5277,SKU-05277,Frozen,Dessert,PureLife,19.31
5278,SKU-05278,PersonalCare,Soap,NovaFresh,28.19
5279,SKU-05279,Beverage,Water,GreenLine,36.23
5280,SKU-05280,Dairy,Milk,NovaFresh,29.02
5281,SKU-05281,PersonalCare,Toothpaste,PureLife,21.21
5282,SKU-05282,Dairy,Milk,GreenLine,7.82
5283,SKU-05283,Frozen,Pizza,UrbanTaste,15.49
5284,SKU-05284,Snacks,Chips,NovaFresh,14.99
5285,SKU-05285,Frozen,Veg,UrbanTaste,36.25
5286,SKU-05286,Dairy,Milk,UrbanTaste,22.64
5287,SKU-05287,PersonalCare,Shampoo,GreenLine,33.34
5288,SKU-05288,PersonalCare,Soap,PureLife,6.12
5289,SKU-05289,Frozen,Dessert,PureLife,1.08
5290,SKU-05290,Grocery,Oil,Sunrise,23.18
5291,SKU-05291,PersonalCare,Toothpaste,GreenLine,38.69
5292,SKU-05292,Beverage,Soda,GreenLine,6.81
5293,SKU-05293,Snacks,Biscuits,AlphaFoods,22.73
5294,SKU-05294,Dairy,Milk,NovaFresh,27.81
5295,SKU-05295,PersonalCare,Soap,NovaFresh,14.69
5296,SKU-05296,Beverage,Soda,GreenLine,10.02
5297,SKU-05297,PersonalCare,Shampoo,UrbanTaste,38.34
5298,SKU-05298,Snacks,Biscuits,UrbanTaste,29.3
5299,SKU-05299,Frozen,Dessert,Sunrise,17.91
5300,SKU-05300,Frozen,Veg,Sunrise,1.68
5301,SKU-05301,Frozen,Pizza,AlphaFoods,6.04
5302,SKU-05302,PersonalCare,Toothpaste,NovaFresh,25.4
5303,SKU-05303,Beverage,Juice,NovaFresh,5.08
5304,SKU-05304,PersonalCare,Shampoo,AlphaFoods,10.01
5305,SKU-05305,Beverage,Juice,GreenLine,10.34
5306,SKU-05306,Dairy,Cheese,AlphaFoods,33.77
5307,SKU-05307,Frozen,Dessert,NovaFresh,30.06
5308,SKU-05308,Snacks,Nuts,NovaFresh,24.17
5309,SKU-05309,Beverage,Soda,Sunrise,21.17
5310,SKU-05310,Beverage,Soda,NovaFresh,19.02
5311,SKU-05311,Frozen,Pizza,GreenLine,15.68
5312,SKU-05312,Snacks,Nuts,PureLife,30.16
5313,SKU-05313,Snacks,Chips,AlphaFoods,27.77
5314,SKU-05314,PersonalCare,Toothpaste,Sunrise,39.19
5315,SKU-05315,PersonalCare,Shampoo,GreenLine,29.9
5316,SKU-05316,Snacks,Nuts,AlphaFoods,4.78
5317,SKU-05317,Beverage,Soda,NovaFresh,2.88
5318,SKU-05318,Beverage,Juice,AlphaFoods,19.33
5319,SKU-05319,Frozen,Veg,AlphaFoods,38.75
5320,SKU-05320,Dairy,Milk,PureLife,27.75
5321,SKU-05321,Dairy,Cheese,GreenLine,20.08
5322,SKU-05322,Beverage,Juice,PureLife,23.75
5323,SKU-05323,Grocery,Pasta,Sunrise,33.58
5324,SKU-05324,PersonalCare,Soap,GreenLine,3.81
5325,SKU-05325,PersonalCare,Shampoo,Sunrise,2.03
5326,SKU-05326,PersonalCare,Soap,AlphaFoods,6.2
5327,SKU-05327,Dairy,Cheese,Sunrise,12.47
5328,SKU-05328,Dairy,Cheese,Sunrise,20.26
5329,SKU-05329,Snacks,Nuts,Sunrise,39.96
5330,SKU-05330,Snacks,Nuts,PureLife,34.69
5331,SKU-05331,Snacks,Biscuits,UrbanTaste,1.81
5332,SKU-05332,Dairy,Cheese,NovaFresh,12.38
5333,SKU-05333,Grocery,Oil,NovaFresh,30.56
5334,SKU-05334,Frozen,Dessert,GreenLine,36.48
5335,SKU-05335,Snacks,Chips,Sunrise,22.88
5336,SKU-05336,PersonalCare,Soap,NovaFresh,5.88
5337,SKU-05337,Frozen,Veg,GreenLine,6.74
5338,SKU-05338,Snacks,Biscuits,PureLife,2.97
5339,SKU-05339,Frozen,Dessert,PureLife,14.83
5340,SKU-05340,Frozen,Pizza,AlphaFoods,4.39
5341,SKU-05341,PersonalCare,Soap,AlphaFoods,26.64
5342,SKU-05342,Frozen,Dessert,PureLife,15.43
5343,SKU-05343,PersonalCare,Soap,UrbanTaste,23.28
5344,SKU-05344,Beverage,Soda,Sunrise,8.86
5345,SKU-05345,Grocery,Pasta,NovaFresh,6.93
5346,SKU-05346,Snacks,Chips,AlphaFoods,1.15
5347,SKU-05347,Beverage,Soda,Sunrise,4.02
5348,SKU-05348,Frozen,Dessert,PureLife,36.79
5349,SKU-05349,Frozen,Pizza,AlphaFoods,12.96
5350,SKU-05350,Frozen,Pizza,UrbanTaste,20.53
5351,SKU-05351,PersonalCare,Shampoo,GreenLine,35.29
5352,SKU-05352,Grocery,Pasta,NovaFresh,4.61
5353,SKU-05353,Grocery,Pasta,Sunrise,36.56
5354,SKU-05354,Beverage,Water,GreenLine,31.43
5355,SKU-05355,Dairy,Milk,AlphaFoods,34.36
5356,SKU-05356,Frozen,Veg,Sunrise,28.18
5357,SKU-05357,Frozen,Pizza,AlphaFoods,17.86
5358,SKU-05358,PersonalCare,Toothpaste,NovaFresh,10.86
5359,SKU-05359,Snacks,Biscuits,UrbanTaste,27.79
5360,SKU-05360,Snacks,Biscuits,UrbanTaste,7.14
5361,SKU-05361,Beverage,Soda,PureLife,37.69
5362,SKU-05362,Beverage,Water,NovaFresh,17.17
5363,SKU-05363,Beverage,Water,PureLife,20.01
5364,SKU-05364,Dairy,Milk,AlphaFoods,23.62
5365,SKU-05365,PersonalCare,Soap,AlphaFoods,5.9
5366,SKU-05366,Snacks,Nuts,AlphaFoods,29.85
5367,SKU-05367,PersonalCare,Shampoo,PureLife,21.73
5368,SKU-05368,Snacks,Biscuits,NovaFresh,10.7
5369,SKU-05369,Grocery,Pasta,Sunrise,33.77
5370,SKU-05370,Snacks,Biscuits,AlphaFoods,26.74
5371,SKU-05371,PersonalCare,Shampoo,NovaFresh,27.88
5372,SKU-05372,Dairy,Milk,Sunrise,1.88
5373,SKU-05373,Beverage,Juice,PureLife,28.69
5374,SKU-05374,Snacks,Nuts,Sunrise,30.29
5375,SKU-05375,PersonalCare,Toothpaste,PureLife,10.98
5376,SKU-05376,Grocery,Rice,NovaFresh,13.47
5377,SKU-05377,PersonalCare,Shampoo,UrbanTaste,18.8
5378,SKU-05378,PersonalCare,Toothpaste,Sunrise,16.67
5379,SKU-05379,PersonalCare,Soap,GreenLine,20.87
5380,SKU-05380,PersonalCare,Toothpaste,Sunrise,3.05
5381,SKU-05381,PersonalCare,Soap,GreenLine,22.16
5382,SKU-05382,PersonalCare,Toothpaste,NovaFresh,18.75
5383,SKU-05383,Grocery,Oil,PureLife,27.49
5384,SKU-05384,Frozen,Pizza,Sunrise,7.14
5385,SKU-05385,Frozen,Veg,PureLife,12.23
5386,SKU-05386,Snacks,Chips,GreenLine,30.08
5387,SKU-05387,Beverage,Water,AlphaFoods,34.89
5388,SKU-05388,Frozen,Veg,UrbanTaste,38.07
5389,SKU-05389,Dairy,Yogurt,PureLife,13.28
5390,SKU-05390,Dairy,Milk,NovaFresh,18.8
5391,SKU-05391,Dairy,Cheese,Sunrise,33.93
5392,SKU-05392,PersonalCare,Soap,AlphaFoods,8.76
5393,SKU-05393,Frozen,Dessert,NovaFresh,29.61
5394,SKU-05394,Snacks,Chips,GreenLine,25.8
5395,SKU-05395,Beverage,Juice,GreenLine,20.96
5396,SKU-05396,Beverage,Soda,PureLife,13.31
5397,SKU-05397,PersonalCare,Soap,UrbanTaste,12.18
5398,SKU-05398,Beverage,Water,UrbanTaste,6.34
5399,SKU-05399,PersonalCare,Soap,Sunrise,27.28
5400,SKU-05400,Frozen,Pizza,UrbanTaste,24.84
5401,SKU-05401,Beverage,Water,NovaFresh,27.66
5402,SKU-05402,PersonalCare,Soap,AlphaFoods,10.75
5403,SKU-05403,Beverage,Juice,NovaFresh,38.67
5404,SKU-05404,Dairy,Milk,NovaFresh,18.86
5405,SKU-05405,PersonalCare,Shampoo,AlphaFoods,20.75
5406,SKU-05406,PersonalCare,Soap,UrbanTaste,25.59
5407,SKU-05407,Snacks,Biscuits,UrbanTaste,8.28
5408,SKU-05408,Frozen,Dessert,AlphaFoods,25.89
5409,SKU-05409,Snacks,Nuts,UrbanTaste,3.82
5410,SKU-05410,Grocery,Oil,AlphaFoods,24.2
5411,SKU-05411,PersonalCare,Toothpaste,Sunrise,13.5
5412,SKU-05412,PersonalCare,Toothpaste,NovaFresh,8.99
5413,SKU-05413,PersonalCare,Toothpaste,NovaFresh,35.74
5414,SKU-05414,Snacks,Biscuits,AlphaFoods,2.99
5415,SKU-05415,Beverage,Soda,PureLife,4.99
5416,SKU-05416,Snacks,Chips,UrbanTaste,24.71
5417,SKU-05417,Beverage,Soda,NovaFresh,19.13
5418,SKU-05418,Frozen,Dessert,UrbanTaste,30.7
5419,SKU-05419,Dairy,Milk,NovaFresh,2.28
5420,SKU-05420,Dairy,Yogurt,PureLife,37.91
5421,SKU-05421,Grocery,Rice,PureLife,36.17
5422,SKU-05422,Grocery,Oil,GreenLine,10.53
5423,SKU-05423,PersonalCare,Toothpaste,GreenLine,20.88
5424,SKU-05424,Beverage,Juice,Sunrise,35.14
5425,SKU-05425,Beverage,Soda,GreenLine,8.06
5426,SKU-05426,Beverage,Juice,PureLife,36.92
5427,SKU-05427,Grocery,Oil,UrbanTaste,23.63
5428,SKU-05428,Beverage,Juice,AlphaFoods,10.61
5429,SKU-05429,Beverage,Soda,UrbanTaste,4.13
5430,SKU-05430,Dairy,Yogurt,NovaFresh,30.06
5431,SKU-05431,Snacks,Chips,UrbanTaste,38.22
5432,SKU-05432,Snacks,Biscuits,AlphaFoods,11.79
5433,SKU-05433,Beverage,Water,UrbanTaste,39.31
5434,SKU-05434,Snacks,Chips,UrbanTaste,13.26
5435,SKU-05435,PersonalCare,Soap,NovaFresh,28.32
5436,SKU-05436,Grocery,Rice,PureLife,1.6
5437,SKU-05437,Beverage,Juice,AlphaFoods,22.48
5438,SKU-05438,Beverage,Soda,NovaFresh,27.52
5439,SKU-05439,Snacks,Biscuits,UrbanTaste,37.22
5440,SKU-05440,Snacks,Chips,GreenLine,24.07
5441,SKU-05441,Dairy,Milk,UrbanTaste,18.26
5442,SKU-05442,Dairy,Milk,UrbanTaste,33.14
5443,SKU-05443,Beverage,Soda,PureLife,34.57
5444,SKU-05444,Grocery,Pasta,NovaFresh,9.55
5445,SKU-05445,Snacks,Nuts,PureLife,37.81
5446,SKU-05446,Dairy,Yogurt,NovaFresh,9.87
5447,SKU-05447,Snacks,Chips,AlphaFoods,20.89
5448,SKU-05448,Frozen,Pizza,AlphaFoods,10.17
5449,SKU-05449,Beverage,Juice,AlphaFoods,3.66
5450,SKU-05450,Grocery,Rice,PureLife,3.08
5451,SKU-05451,Frozen,Pizza,NovaFresh,1.27
5452,SKU-05452,PersonalCare,Shampoo,AlphaFoods,1.91
5453,SKU-05453,PersonalCare,Shampoo,AlphaFoods,31.32
5454,SKU-05454,Snacks,Nuts,NovaFresh,39.84
5455,SKU-05455,PersonalCare,Soap,GreenLine,30.47
5456,SKU-05456,Frozen,Veg,PureLife,15.89
5457,SKU-05457,Frozen,Dessert,PureLife,32.49
5458,SKU-05458,Frozen,Pizza,NovaFresh,11.21
5459,SKU-05459,Snacks,Biscuits,UrbanTaste,17.26
5460,SKU-05460,Grocery,Rice,NovaFresh,33.02
5461,SKU-05461,Dairy,Yogurt,AlphaFoods,10.05
5462,SKU-05462,Dairy,Yogurt,AlphaFoods,39.54
5463,SKU-05463,Snacks,Nuts,NovaFresh,9.22
5464,SKU-05464,Beverage,Water,AlphaFoods,26.79
5465,SKU-05465,Dairy,Milk,UrbanTaste,9.8
5466,SKU-05466,Snacks,Biscuits,GreenLine,11.65
5467,SKU-05467,PersonalCare,Toothpaste,Sunrise,22.08
5468,SKU-05468,Beverage,Soda,GreenLine,2.0
5469,SKU-05469,Snacks,Chips,GreenLine,32.09
5470,SKU-05470,Snacks,Chips,AlphaFoods,15.42
5471,SKU-05471,PersonalCare,Soap,UrbanTaste,2.05
5472,SKU-05472,Beverage,Water,PureLife,21.65
5473,SKU-05473,Grocery,Oil,NovaFresh,33.12
5474,SKU-05474,Frozen,Veg,NovaFresh,36.71
5475,SKU-05475,Dairy,Milk,AlphaFoods,39.88
5476,SKU-05476,PersonalCare,Toothpaste,PureLife,34.3
5477,SKU-05477,Beverage,Juice,UrbanTaste,23.28
5478,SKU-05478,Snacks,Nuts,UrbanTaste,14.91
5479,SKU-05479,Frozen,Veg,AlphaFoods,17.72
5480,SKU-05480,PersonalCare,Soap,UrbanTaste,31.25
5481,SKU-05481,Beverage,Juice,PureLife,26.68
5482,SKU-05482,Dairy,Cheese,AlphaFoods,28.47
5483,SKU-05483,Dairy,Milk,PureLife,17.95
5484,SKU-05484,Dairy,Cheese,NovaFresh,19.2
5485,SKU-05485,Frozen,Veg,PureLife,6.83
5486,SKU-05486,Dairy,Yogurt,AlphaFoods,33.59
5487,SKU-05487,Beverage,Water,PureLife,10.88
5488,SKU-05488,Snacks,Nuts,Sunrise,35.13
5489,SKU-05489,PersonalCare,Toothpaste,UrbanTaste,18.48
5490,SKU-05490,Dairy,Yogurt,NovaFresh,0.85
5491,SKU-05491,Dairy,Milk,GreenLine,16.12
5492,SKU-05492,Dairy,Yogurt,Sunrise,28.58
5493,SKU-05493,Grocery,Rice,UrbanTaste,16.09
5494,SKU-05494,Snacks,Nuts,PureLife,30.38
5495,SKU-05495,Snacks,Nuts,Sunrise,26.75
5496,SKU-05496,Beverage,Juice,UrbanTaste,11.73
5497,SKU-05497,Frozen,Dessert,GreenLine,38.69
5498,SKU-05498,PersonalCare,Soap,NovaFresh,2.04
5499,SKU-05499,PersonalCare,Soap,AlphaFoods,10.81
5500,SKU-05500,Frozen,Pizza,PureLife,7.85
5501,SKU-05501,Snacks,Nuts,UrbanTaste,38.29
5502,SKU-05502,Frozen,Pizza,AlphaFoods,4.43
5503,SKU-05503,Grocery,Pasta,GreenLine,15.05
5504,SKU-05504,Frozen,Veg,AlphaFoods,24.76
5505,SKU-05505,Grocery,Rice,AlphaFoods,38.75
5506,SKU-05506,Dairy,Milk,PureLife,37.73
5507,SKU-05507,Beverage,Juice,UrbanTaste,5.89
5508,SKU-05508,Grocery,Oil,Sunrise,20.4
5509,SKU-05509,Grocery,Oil,AlphaFoods,28.6
5510,SKU-05510,Beverage,Soda,AlphaFoods,7.44
5511,SKU-05511,Grocery,Rice,PureLife,33.35
5512,SKU-05512,Frozen,Dessert,Sunrise,3.89
5513,SKU-05513,PersonalCare,Shampoo,NovaFresh,27.64
5514,SKU-05514,Dairy,Cheese,Sunrise,21.34
5515,SKU-05515,Frozen,Veg,GreenLine,2.55
5516,SKU-05516,Dairy,Milk,GreenLine,31.19
5517,SKU-05517,Grocery,Pasta,UrbanTaste,9.4
5518,SKU-05518,Grocery,Oil,Sunrise,9.29
5519,SKU-05519,Snacks,Biscuits,PureLife,8.29
5520,SKU-05520,Snacks,Nuts,NovaFresh,27.7
5521,SKU-05521,PersonalCare,Toothpaste,GreenLine,14.61
5522,SKU-05522,PersonalCare,Shampoo,Sunrise,35.62
5523,SKU-05523,Dairy,Cheese,PureLife,6.58
5524,SKU-05524,Dairy,Milk,NovaFresh,12.79
5525,SKU-05525,Snacks,Nuts,AlphaFoods,4.58
5526,SKU-05526,Grocery,Oil,PureLife,8.37
5527,SKU-05527,Beverage,Water,NovaFresh,13.1
5528,SKU-05528,Snacks,Biscuits,UrbanTaste,21.05
5529,SKU-05529,Dairy,Milk,NovaFresh,1.98
5530,SKU-05530,Frozen,Dessert,Sunrise,20.76
5531,SKU-05531,Frozen,Pizza,UrbanTaste,28.8
5532,SKU-05532,Snacks,Biscuits,Sunrise,32.0
5533,SKU-05533,Frozen,Dessert,PureLife,25.58
5534,SKU-05534,Snacks,Nuts,AlphaFoods,35.13
5535,SKU-05535,Grocery,Pasta,UrbanTaste,15.61
5536,SKU-05536,Frozen,Veg,PureLife,2.4
5537,SKU-05537,Frozen,Pizza,GreenLine,1.24
5538,SKU-05538,Snacks,Chips,Sunrise,28.0
5539,SKU-05539,PersonalCare,Toothpaste,NovaFresh,4.0
5540,SKU-05540,Grocery,Oil,UrbanTaste,6.3
5541,SKU-05541,PersonalCare,Shampoo,UrbanTaste,3.36
5542,SKU-05542,Beverage,Juice,GreenLine,8.31
5543,SKU-05543,Grocery,Rice,GreenLine,36.41
5544,SKU-05544,Frozen,Pizza,NovaFresh,27.73
5545,SKU-05545,Frozen,Pizza,UrbanTaste,34.54
5546,SKU-05546,Snacks,Nuts,PureLife,24.02
5547,SKU-05547,Dairy,Cheese,GreenLine,27.03
5548,SKU-05548,Frozen,Dessert,GreenLine,22.93
5549,SKU-05549,Frozen,Pizza,NovaFresh,21.55
5550,SKU-05550,Beverage,Soda,Sunrise,38.0
5551,SKU-05551,Beverage,Water,GreenLine,22.55
5552,SKU-05552,Dairy,Yogurt,PureLife,35.33
5553,SKU-05553,Grocery,Rice,PureLife,39.33
5554,SKU-05554,PersonalCare,Shampoo,NovaFresh,22.03
5555,SKU-05555,Grocery,Rice,NovaFresh,23.98
5556,SKU-05556,Beverage,Water,GreenLine,34.61
5557,SKU-05557,Beverage,Soda,PureLife,20.98
5558,SKU-05558,Beverage,Water,UrbanTaste,13.24
5559,SKU-05559,Snacks,Biscuits,NovaFresh,4.76
5560,SKU-05560,Dairy,Yogurt,NovaFresh,24.51
5561,SKU-05561,Snacks,Biscuits,GreenLine,27.95
5562,SKU-05562,Snacks,Chips,NovaFresh,25.44
5563,SKU-05563,Snacks,Nuts,UrbanTaste,26.69
5564,SKU-05564,Snacks,Chips,Sunrise,21.45
5565,SKU-05565,Beverage,Soda,AlphaFoods,29.3
5566,SKU-05566,Beverage,Soda,NovaFresh,30.38
5567,SKU-05567,Dairy,Cheese,Sunrise,3.72
5568,SKU-05568,PersonalCare,Shampoo,AlphaFoods,5.05
5569,SKU-05569,Snacks,Biscuits,Sunrise,39.61
5570,SKU-05570,Grocery,Oil,UrbanTaste,25.68
5571,SKU-05571,Dairy,Milk,PureLife,20.19
5572,SKU-05572,Frozen,Veg,NovaFresh,39.72
5573,SKU-05573,Snacks,Chips,GreenLine,35.57
5574,SKU-05574,Frozen,Pizza,UrbanTaste,8.46
5575,SKU-05575,Beverage,Juice,AlphaFoods,37.1
5576,SKU-05576,Beverage,Soda,Sunrise,11.07
5577,SKU-05577,PersonalCare,Shampoo,UrbanTaste,5.73
5578,SKU-05578,Beverage,Juice,Sunrise,35.94
5579,SKU-05579,Frozen,Pizza,UrbanTaste,3.89
5580,SKU-05580,Snacks,Chips,Sunrise,25.12
5581,SKU-05581,Frozen,Pizza,Sunrise,39.82
5582,SKU-05582,Dairy,Cheese,NovaFresh,18.42
5583,SKU-05583,Beverage,Water,AlphaFoods,29.35
5584,SKU-05584,Snacks,Chips,Sunrise,11.72
5585,SKU-05585,Frozen,Pizza,AlphaFoods,1.45
5586,SKU-05586,Snacks,Nuts,AlphaFoods,20.18
5587,SKU-05587,Snacks,Nuts,AlphaFoods,3.49
5588,SKU-05588,Beverage,Juice,AlphaFoods,22.89
5589,SKU-05589,Dairy,Milk,Sunrise,26.3
5590,SKU-05590,PersonalCare,Toothpaste,GreenLine,26.75
5591,SKU-05591,Snacks,Nuts,Sunrise,26.52
5592,SKU-05592,Beverage,Soda,AlphaFoods,9.89
5593,SKU-05593,Snacks,Biscuits,AlphaFoods,19.66
5594,SKU-05594,PersonalCare,Shampoo,AlphaFoods,18.81
5595,SKU-05595,Grocery,Pasta,PureLife,27.61
5596,SKU-05596,Frozen,Pizza,GreenLine,22.91
5597,SKU-05597,Dairy,Yogurt,NovaFresh,10.85
5598,SKU-05598,Beverage,Water,Sunrise,12.13
5599,SKU-05599,Snacks,Chips,GreenLine,34.1
5600,SKU-05600,Beverage,Juice,NovaFresh,22.26
5601,SKU-05601,Grocery,Pasta,UrbanTaste,6.58
5602,SKU-05602,Snacks,Nuts,UrbanTaste,34.98
5603,SKU-05603,PersonalCare,Toothpaste,Sunrise,30.84
5604,SKU-05604,Snacks,Chips,Sunrise,5.83
5605,SKU-05605,Grocery,Rice,Sunrise,29.82
5606,SKU-05606,Snacks,Nuts,GreenLine,10.4
5607,SKU-05607,Frozen,Pizza,PureLife,16.94
5608,SKU-05608,Grocery,Pasta,NovaFresh,27.7
5609,SKU-05609,Grocery,Oil,UrbanTaste,2.33
5610,SKU-05610,PersonalCare,Toothpaste,GreenLine,39.47
5611,SKU-05611,Beverage,Soda,Sunrise,11.53
5612,SKU-05612,Grocery,Oil,AlphaFoods,30.39
5613,SKU-05613,Frozen,Veg,PureLife,27.34
5614,SKU-05614,Frozen,Veg,GreenLine,4.19
5615,SKU-05615,Beverage,Juice,GreenLine,31.9
5616,SKU-05616,Dairy,Yogurt,GreenLine,3.83
5617,SKU-05617,Beverage,Soda,AlphaFoods,21.96
5618,SKU-05618,Beverage,Soda,UrbanTaste,22.14
5619,SKU-05619,Dairy,Yogurt,AlphaFoods,33.0
5620,SKU-05620,Grocery,Rice,AlphaFoods,21.82
5621,SKU-05621,Grocery,Rice,NovaFresh,25.26
5622,SKU-05622,Frozen,Pizza,Sunrise,18.21
5623,SKU-05623,Dairy,Yogurt,Sunrise,31.07
5624,SKU-05624,Grocery,Oil,GreenLine,17.25
5625,SKU-05625,Beverage,Soda,Sunrise,5.78
5626,SKU-05626,Beverage,Soda,Sunrise,24.57
5627,SKU-05627,Snacks,Biscuits,NovaFresh,23.45
5628,SKU-05628,Frozen,Dessert,UrbanTaste,8.82
5629,SKU-05629,Grocery,Pasta,PureLife,20.48
5630,SKU-05630,Snacks,Biscuits,AlphaFoods,20.42
5631,SKU-05631,Dairy,Cheese,PureLife,15.76
5632,SKU-05632,Snacks,Chips,AlphaFoods,15.75
5633,SKU-05633,Grocery,Pasta,NovaFresh,2.33
5634,SKU-05634,PersonalCare,Soap,UrbanTaste,7.78
5635,SKU-05635,Frozen,Pizza,PureLife,28.7
5636,SKU-05636,Frozen,Dessert,PureLife,1.04
5637,SKU-05637,Beverage,Juice,UrbanTaste,3.55
5638,SKU-05638,Beverage,Juice,AlphaFoods,4.59
5639,SKU-05639,Grocery,Rice,PureLife,36.06
5640,SKU-05640,PersonalCare,Toothpaste,UrbanTaste,5.97
5641,SKU-05641,PersonalCare,Toothpaste,AlphaFoods,33.67
5642,SKU-05642,Snacks,Nuts,NovaFresh,39.51
5643,SKU-05643,Beverage,Juice,AlphaFoods,34.3
5644,SKU-05644,Grocery,Oil,AlphaFoods,35.72
5645,SKU-05645,Snacks,Chips,Sunrise,1.8
5646,SKU-05646,Grocery,Rice,Sunrise,29.49
5647,SKU-05647,Grocery,Oil,Sunrise,18.43
5648,SKU-05648,Beverage,Soda,GreenLine,4.08
5649,SKU-05649,Frozen,Dessert,AlphaFoods,38.94
5650,SKU-05650,Grocery,Pasta,AlphaFoods,17.2
5651,SKU-05651,PersonalCare,Shampoo,UrbanTaste,5.38
5652,SKU-05652,Beverage,Soda,GreenLine,14.96
5653,SKU-05653,Frozen,Pizza,PureLife,34.47
5654,SKU-05654,PersonalCare,Toothpaste,Sunrise,1.1
5655,SKU-05655,PersonalCare,Shampoo,AlphaFoods,31.24
5656,SKU-05656,Beverage,Juice,PureLife,13.62
5657,SKU-05657,PersonalCare,Shampoo,PureLife,38.56
5658,SKU-05658,Snacks,Biscuits,PureLife,36.77
5659,SKU-05659,Dairy,Yogurt,Sunrise,38.49
5660,SKU-05660,Beverage,Juice,GreenLine,36.48
5661,SKU-05661,PersonalCare,Shampoo,AlphaFoods,34.53
5662,SKU-05662,PersonalCare,Shampoo,AlphaFoods,9.86
5663,SKU-05663,PersonalCare,Shampoo,AlphaFoods,4.43
5664,SKU-05664,Frozen,Dessert,GreenLine,19.39
5665,SKU-05665,Snacks,Biscuits,NovaFresh,31.18
5666,SKU-05666,Dairy,Cheese,PureLife,9.56
5667,SKU-05667,Frozen,Veg,NovaFresh,27.81
5668,SKU-05668,Frozen,Dessert,PureLife,27.26
5669,SKU-05669,Grocery,Pasta,PureLife,38.35
5670,SKU-05670,Dairy,Cheese,AlphaFoods,8.97
5671,SKU-05671,Frozen,Dessert,Sunrise,1.3
5672,SKU-05672,Dairy,Cheese,PureLife,20.34
5673,SKU-05673,PersonalCare,Shampoo,NovaFresh,8.46
5674,SKU-05674,Snacks,Chips,UrbanTaste,12.71
5675,SKU-05675,Frozen,Pizza,GreenLine,36.42
5676,SKU-05676,Beverage,Juice,UrbanTaste,16.33
5677,SKU-05677,Frozen,Veg,NovaFresh,33.77
5678,SKU-05678,Beverage,Soda,AlphaFoods,11.43
5679,SKU-05679,Grocery,Rice,PureLife,37.08
5680,SKU-05680,Beverage,Juice,AlphaFoods,30.7
5681,SKU-05681,Snacks,Biscuits,PureLife,17.45
5682,SKU-05682,Snacks,Biscuits,AlphaFoods,35.86
5683,SKU-05683,Grocery,Pasta,Sunrise,24.37
5684,SKU-05684,Grocery,Oil,UrbanTaste,33.45
5685,SKU-05685,Snacks,Nuts,UrbanTaste,29.15
5686,SKU-05686,Frozen,Veg,AlphaFoods,31.46
5687,SKU-05687,Snacks,Chips,Sunrise,35.53
5688,SKU-05688,Beverage,Juice,AlphaFoods,5.48
5689,SKU-05689,Dairy,Yogurt,UrbanTaste,26.16
5690,SKU-05690,Grocery,Oil,AlphaFoods,39.56
5691,SKU-05691,Beverage,Soda,PureLife,37.89
5692,SKU-05692,Snacks,Biscuits,Sunrise,12.59
5693,SKU-05693,Grocery,Rice,UrbanTaste,1.62
5694,SKU-05694,Dairy,Yogurt,GreenLine,34.39
5695,SKU-05695,Dairy,Milk,PureLife,17.03
5696,SKU-05696,Beverage,Soda,GreenLine,37.45
5697,SKU-05697,Grocery,Rice,Sunrise,10.54
5698,SKU-05698,Frozen,Veg,AlphaFoods,30.7
5699,SKU-05699,Beverage,Juice,PureLife,10.62
5700,SKU-05700,PersonalCare,Shampoo,GreenLine,29.53
5701,SKU-05701,Snacks,Chips,NovaFresh,14.37
5702,SKU-05702,Frozen,Veg,UrbanTaste,11.53
5703,SKU-05703,Dairy,Cheese,PureLife,16.61
5704,SKU-05704,Grocery,Pasta,UrbanTaste,18.64
5705,SKU-05705,Dairy,Cheese,UrbanTaste,17.02
5706,SKU-05706,Dairy,Milk,GreenLine,30.96
5707,SKU-05707,Dairy,Cheese,NovaFresh,12.61
5708,SKU-05708,Beverage,Soda,UrbanTaste,13.3
5709,SKU-05709,Frozen,Pizza,NovaFresh,7.13
5710,SKU-05710,Frozen,Dessert,NovaFresh,16.49
5711,SKU-05711,Snacks,Nuts,UrbanTaste,9.13
5712,SKU-05712,Grocery,Rice,AlphaFoods,34.16
5713,SKU-05713,Frozen,Veg,UrbanTaste,29.06
5714,SKU-05714,PersonalCare,Toothpaste,UrbanTaste,5.34
5715,SKU-05715,Snacks,Biscuits,AlphaFoods,13.94
5716,SKU-05716,Beverage,Water,GreenLine,18.68
5717,SKU-05717,PersonalCare,Shampoo,PureLife,37.85
5718,SKU-05718,Beverage,Soda,UrbanTaste,31.38
5719,SKU-05719,Snacks,Chips,NovaFresh,22.14
5720,SKU-05720,Snacks,Nuts,PureLife,37.3
5721,SKU-05721,PersonalCare,Soap,AlphaFoods,9.1
5722,SKU-05722,Grocery,Rice,AlphaFoods,10.36
5723,SKU-05723,Grocery,Pasta,PureLife,28.44
5724,SKU-05724,Beverage,Juice,Sunrise,10.0
5725,SKU-05725,PersonalCare,Toothpaste,UrbanTaste,9.35
5726,SKU-05726,Beverage,Juice,AlphaFoods,32.86
5727,SKU-05727,Grocery,Pasta,GreenLine,31.66
5728,SKU-05728,Dairy,Cheese,PureLife,20.9
5729,SKU-05729,Beverage,Water,UrbanTaste,8.94
5730,SKU-05730,Frozen,Pizza,NovaFresh,39.9
5731,SKU-05731,Beverage,Soda,NovaFresh,30.53
5732,SKU-05732,Dairy,Milk,AlphaFoods,21.51
5733,SKU-05733,Dairy,Milk,GreenLine,9.3
5734,SKU-05734,Snacks,Biscuits,NovaFresh,22.89
5735,SKU-05735,Grocery,Oil,AlphaFoods,24.36
5736,SKU-05736,Frozen,Veg,Sunrise,11.46
5737,SKU-05737,Frozen,Pizza,UrbanTaste,10.04
5738,SKU-05738,Dairy,Milk,Sunrise,27.38
5739,SKU-05739,Snacks,Nuts,PureLife,6.81
5740,SKU-05740,Beverage,Juice,GreenLine,1.43
5741,SKU-05741,PersonalCare,Toothpaste,GreenLine,20.84
5742,SKU-05742,PersonalCare,Soap,NovaFresh,32.8
5743,SKU-05743,Beverage,Soda,AlphaFoods,8.11
5744,SKU-05744,Beverage,Water,Sunrise,10.5
5745,SKU-05745,Snacks,Biscuits,PureLife,27.21
5746,SKU-05746,Grocery,Pasta,NovaFresh,31.99
5747,SKU-05747,Frozen,Pizza,GreenLine,15.19
5748,SKU-05748,Frozen,Pizza,Sunrise,35.33
5749,SKU-05749,Grocery,Rice,GreenLine,25.53
5750,SKU-05750,Grocery,Oil,NovaFresh,24.36
5751,SKU-05751,Beverage,Juice,UrbanTaste,13.71
5752,SKU-05752,Grocery,Rice,PureLife,17.39
5753,SKU-05753,PersonalCare,Soap,NovaFresh,21.29
5754,SKU-05754,Beverage,Soda,PureLife,14.38
5755,SKU-05755,Dairy,Cheese,Sunrise,22.44
5756,SKU-05756,Snacks,Nuts,AlphaFoods,10.18
5757,SKU-05757,PersonalCare,Shampoo,UrbanTaste,9.99
5758,SKU-05758,Grocery,Pasta,Sunrise,1.22
5759,SKU-05759,Grocery,Pasta,Sunrise,11.77
5760,SKU-05760,PersonalCare,Shampoo,PureLife,13.33
5761,SKU-05761,Dairy,Yogurt,GreenLine,13.4
5762,SKU-05762,Frozen,Veg,GreenLine,20.18
5763,SKU-05763,PersonalCare,Soap,PureLife,4.65
5764,SKU-05764,Beverage,Juice,NovaFresh,3.84
5765,SKU-05765,Dairy,Yogurt,UrbanTaste,3.41
5766,SKU-05766,Beverage,Water,GreenLine,22.11
5767,SKU-05767,Dairy,Cheese,NovaFresh,17.97
5768,SKU-05768,Dairy,Milk,UrbanTaste,26.34
5769,SKU-05769,Beverage,Juice,NovaFresh,9.22
5770,SKU-05770,PersonalCare,Shampoo,PureLife,12.0
5771,SKU-05771,Frozen,Dessert,Sunrise,24.39
5772,SKU-05772,PersonalCare,Soap,GreenLine,8.76
5773,SKU-05773,PersonalCare,Soap,Sunrise,37.59
5774,SKU-05774,PersonalCare,Toothpaste,AlphaFoods,34.29
5775,SKU-05775,PersonalCare,Soap,GreenLine,11.32
5776,SKU-05776,Beverage,Juice,GreenLine,7.69
5777,SKU-05777,Frozen,Pizza,NovaFresh,23.36
5778,SKU-05778,Frozen,Dessert,UrbanTaste,10.55
5779,SKU-05779,Frozen,Pizza,PureLife,20.84
5780,SKU-05780,Grocery,Rice,AlphaFoods,22.33
5781,SKU-05781,PersonalCare,Toothpaste,AlphaFoods,37.42
5782,SKU-05782,Frozen,Dessert,NovaFresh,31.35
5783,SKU-05783,Frozen,Veg,AlphaFoods,30.3
5784,SKU-05784,Snacks,Biscuits,AlphaFoods,21.66
5785,SKU-05785,Snacks,Nuts,Sunrise,10.05
5786,SKU-05786,Frozen,Pizza,AlphaFoods,10.53
5787,SKU-05787,Snacks,Biscuits,AlphaFoods,13.5
5788,SKU-05788,Snacks,Nuts,GreenLine,7.31
5789,SKU-05789,Dairy,Yogurt,PureLife,5.33
5790,SKU-05790,PersonalCare,Soap,Sunrise,22.27
5791,SKU-05791,Grocery,Pasta,UrbanTaste,18.67
5792,SKU-05792,PersonalCare,Soap,Sunrise,35.73
5793,SKU-05793,Snacks,Nuts,GreenLine,3.29
5794,SKU-05794,PersonalCare,Soap,AlphaFoods,27.91
5795,SKU-05795,Dairy,Milk,NovaFresh,23.08
5796,SKU-05796,Grocery,Rice,NovaFresh,29.88
5797,SKU-05797,Grocery,Pasta,GreenLine,36.96
5798,SKU-05798,Beverage,Juice,UrbanTaste,26.13
5799,SKU-05799,Frozen,Veg,NovaFresh,26.69
5800,SKU-05800,Beverage,Juice,GreenLine,15.7
5801,SKU-05801,Snacks,Biscuits,PureLife,39.38
5802,SKU-05802,PersonalCare,Shampoo,AlphaFoods,8.92
5803,SKU-05803,Frozen,Dessert,Sunrise,12.13
5804,SKU-05804,PersonalCare,Toothpaste,NovaFresh,27.77
5805,SKU-05805,PersonalCare,Soap,AlphaFoods,27.22
5806,SKU-05806,Frozen,Pizza,NovaFresh,33.56
5807,SKU-05807,Frozen,Pizza,AlphaFoods,22.57
5808,SKU-05808,Grocery,Pasta,NovaFresh,23.9
5809,SKU-05809,Snacks,Nuts,UrbanTaste,16.32
5810,SKU-05810,Snacks,Biscuits,GreenLine,17.77
5811,SKU-05811,Frozen,Veg,NovaFresh,11.95
5812,SKU-05812,Beverage,Juice,GreenLine,39.03
5813,SKU-05813,Frozen,Veg,UrbanTaste,25.54
5814,SKU-05814,Frozen,Dessert,Sunrise,13.97
5815,SKU-05815,Dairy,Milk,NovaFresh,28.46
5816,SKU-05816,Snacks,Biscuits,Sunrise,4.85
5817,SKU-05817,Snacks,Nuts,GreenLine,16.17
5818,SKU-05818,Snacks,Biscuits,GreenLine,12.27
5819,SKU-05819,Snacks,Chips,GreenLine,30.33
5820,SKU-05820,Snacks,Chips,GreenLine,34.02
5821,SKU-05821,Snacks,Chips,Sunrise,4.03
5822,SKU-05822,Grocery,Rice,PureLife,13.19
5823,SKU-05823,Dairy,Yogurt,GreenLine,23.65
5824,SKU-05824,Beverage,Water,PureLife,2.73
5825,SKU-05825,PersonalCare,Shampoo,Sunrise,19.59
5826,SKU-05826,Dairy,Cheese,NovaFresh,11.71
5827,SKU-05827,PersonalCare,Toothpaste,AlphaFoods,23.69
5828,SKU-05828,Dairy,Milk,NovaFresh,21.75
5829,SKU-05829,Snacks,Nuts,NovaFresh,1.64
5830,SKU-05830,Grocery,Pasta,Sunrise,4.76
5831,SKU-05831,Beverage,Juice,NovaFresh,27.27
5832,SKU-05832,Dairy,Cheese,NovaFresh,28.9
5833,SKU-05833,Snacks,Biscuits,UrbanTaste,12.4
5834,SKU-05834,Grocery,Rice,AlphaFoods,5.63
5835,SKU-05835,PersonalCare,Toothpaste,UrbanTaste,27.83
5836,SKU-05836,Beverage,Soda,NovaFresh,17.65
5837,SKU-05837,Grocery,Rice,PureLife,4.31
5838,SKU-05838,Beverage,Soda,UrbanTaste,5.19
5839,SKU-05839,PersonalCare,Soap,GreenLine,35.61
5840,SKU-05840,Beverage,Soda,UrbanTaste,32.0
5841,SKU-05841,Snacks,Nuts,PureLife,33.81
5842,SKU-05842,Dairy,Cheese,Sunrise,24.88
5843,SKU-05843,Snacks,Biscuits,GreenLine,17.15
5844,SKU-05844,Beverage,Juice,UrbanTaste,11.15
5845,SKU-05845,Snacks,Nuts,Sunrise,38.5
5846,SKU-05846,Grocery,Oil,AlphaFoods,29.18
5847,SKU-05847,Beverage,Juice,AlphaFoods,25.05
5848,SKU-05848,Grocery,Pasta,GreenLine,33.06
5849,SKU-05849,Snacks,Chips,Sunrise,7.21
5850,SKU-05850,PersonalCare,Soap,AlphaFoods,35.6
5851,SKU-05851,Beverage,Soda,Sunrise,10.19
5852,SKU-05852,Dairy,Yogurt,NovaFresh,20.89
5853,SKU-05853,Beverage,Soda,NovaFresh,38.88
5854,SKU-05854,Grocery,Rice,NovaFresh,24.37
5855,SKU-05855,Grocery,Rice,UrbanTaste,34.15
5856,SKU-05856,Beverage,Juice,UrbanTaste,37.09
5857,SKU-05857,Snacks,Nuts,NovaFresh,36.59
5858,SKU-05858,Frozen,Pizza,GreenLine,3.11
5859,SKU-05859,Snacks,Chips,AlphaFoods,39.42
5860,SKU-05860,PersonalCare,Toothpaste,PureLife,31.01
5861,SKU-05861,Beverage,Juice,Sunrise,6.76
5862,SKU-05862,Grocery,Pasta,GreenLine,16.99
5863,SKU-05863,Frozen,Dessert,GreenLine,11.03
5864,SKU-05864,Grocery,Rice,Sunrise,27.1
5865,SKU-05865,Grocery,Rice,Sunrise,35.32
5866,SKU-05866,Frozen,Dessert,Sunrise,11.05
5867,SKU-05867,Beverage,Water,GreenLine,31.43
5868,SKU-05868,Grocery,Pasta,GreenLine,38.11
5869,SKU-05869,Beverage,Juice,GreenLine,32.44
5870,SKU-05870,PersonalCare,Toothpaste,Sunrise,31.51
5871,SKU-05871,Beverage,Juice,GreenLine,3.85
5872,SKU-05872,Dairy,Milk,NovaFresh,13.55
5873,SKU-05873,Snacks,Biscuits,GreenLine,38.44
5874,SKU-05874,Frozen,Veg,NovaFresh,18.59
5875,SKU-05875,Grocery,Rice,UrbanTaste,10.2
5876,SKU-05876,Snacks,Biscuits,AlphaFoods,20.66
5877,SKU-05877,Grocery,Rice,AlphaFoods,19.27
5878,SKU-05878,Beverage,Soda,NovaFresh,2.36
5879,SKU-05879,Beverage,Juice,AlphaFoods,10.29
5880,SKU-05880,Snacks,Nuts,UrbanTaste,9.79
5881,SKU-05881,Snacks,Nuts,NovaFresh,27.13
5882,SKU-05882,Dairy,Yogurt,NovaFresh,31.64
5883,SKU-05883,Grocery,Rice,UrbanTaste,27.7
5884,SKU-05884,PersonalCare,Shampoo,Sunrise,37.13
5885,SKU-05885,Frozen,Dessert,GreenLine,24.36
5886,SKU-05886,Grocery,Pasta,Sunrise,21.58
5887,SKU-05887,Grocery,Pasta,UrbanTaste,3.13
5888,SKU-05888,Dairy,Yogurt,PureLife,32.21
5889,SKU-05889,Grocery,Rice,UrbanTaste,11.07
5890,SKU-05890,Frozen,Veg,UrbanTaste,13.76
5891,SKU-05891,Frozen,Pizza,UrbanTaste,4.99
5892,SKU-05892,Snacks,Chips,GreenLine,5.64
5893,SKU-05893,Dairy,Cheese,GreenLine,29.6
5894,SKU-05894,Snacks,Nuts,PureLife,36.55
5895,SKU-05895,Frozen,Pizza,UrbanTaste,14.94
5896,SKU-05896,Dairy,Yogurt,PureLife,16.24
5897,SKU-05897,Frozen,Pizza,UrbanTaste,1.05
5898,SKU-05898,Beverage,Water,AlphaFoods,1.62
5899,SKU-05899,Dairy,Cheese,GreenLine,31.22
5900,SKU-05900,Snacks,Nuts,GreenLine,37.5
5901,SKU-05901,Grocery,Oil,GreenLine,20.97
5902,SKU-05902,Dairy,Milk,PureLife,35.07
5903,SKU-05903,Frozen,Pizza,Sunrise,10.42
5904,SKU-05904,Beverage,Water,NovaFresh,4.31
5905,SKU-05905,Snacks,Nuts,Sunrise,8.23
5906,SKU-05906,Frozen,Dessert,UrbanTaste,7.77
5907,SKU-05907,Grocery,Rice,NovaFresh,18.68
5908,SKU-05908,PersonalCare,Soap,GreenLine,9.34
5909,SKU-05909,Beverage,Soda,NovaFresh,24.22
5910,SKU-05910,Beverage,Water,GreenLine,35.67
5911,SKU-05911,Snacks,Biscuits,Sunrise,25.6
5912,SKU-05912,PersonalCare,Shampoo,GreenLine,7.5
5913,SKU-05913,Frozen,Pizza,AlphaFoods,39.13
5914,SKU-05914,Frozen,Pizza,Sunrise,8.03
5915,SKU-05915,PersonalCare,Toothpaste,AlphaFoods,33.55
5916,SKU-05916,PersonalCare,Shampoo,NovaFresh,26.65
5917,SKU-05917,Beverage,Soda,NovaFresh,38.03
5918,SKU-05918,Frozen,Dessert,NovaFresh,7.24
5919,SKU-05919,PersonalCare,Toothpaste,Sunrise,6.91
5920,SKU-05920,Grocery,Pasta,UrbanTaste,36.82
5921,SKU-05921,Frozen,Pizza,Sunrise,1.44
5922,SKU-05922,Grocery,Oil,PureLife,14.06
5923,SKU-05923,PersonalCare,Shampoo,AlphaFoods,9.02
5924,SKU-05924,Grocery,Rice,PureLife,37.89
5925,SKU-05925,Frozen,Dessert,AlphaFoods,14.31
5926,SKU-05926,Beverage,Water,GreenLine,20.28
5927,SKU-05927,PersonalCare,Shampoo,Sunrise,38.35
5928,SKU-05928,Frozen,Dessert,Sunrise,24.11
5929,SKU-05929,PersonalCare,Soap,Sunrise,30.54
5930,SKU-05930,Frozen,Pizza,GreenLine,35.54
5931,SKU-05931,Grocery,Oil,UrbanTaste,28.18
5932,SKU-05932,Beverage,Water,GreenLine,36.19
5933,SKU-05933,Snacks,Biscuits,PureLife,6.37
5934,SKU-05934,Grocery,Rice,Sunrise,2.81
5935,SKU-05935,Snacks,Nuts,AlphaFoods,8.73
5936,SKU-05936,Frozen,Pizza,UrbanTaste,27.27
5937,SKU-05937,Dairy,Cheese,NovaFresh,21.5
5938,SKU-05938,Dairy,Yogurt,AlphaFoods,32.16
5939,SKU-05939,Dairy,Yogurt,GreenLine,21.73
5940,SKU-05940,Dairy,Cheese,UrbanTaste,6.89
5941,SKU-05941,Dairy,Yogurt,PureLife,1.54
5942,SKU-05942,Dairy,Milk,GreenLine,10.26
5943,SKU-05943,Dairy,Milk,NovaFresh,36.84
5944,SKU-05944,PersonalCare,Shampoo,PureLife,5.92
5945,SKU-05945,PersonalCare,Soap,GreenLine,14.98
5946,SKU-05946,Grocery,Oil,GreenLine,9.76
5947,SKU-05947,Frozen,Veg,NovaFresh,9.46
5948,SKU-05948,PersonalCare,Shampoo,GreenLine,18.07
5949,SKU-05949,Snacks,Biscuits,UrbanTaste,18.5
5950,SKU-05950,Dairy,Yogurt,NovaFresh,34.4
5951,SKU-05951,Grocery,Oil,GreenLine,33.42
5952,SKU-05952,PersonalCare,Soap,PureLife,37.65
5953,SKU-05953,Beverage,Juice,Sunrise,5.25
5954,SKU-05954,Dairy,Yogurt,NovaFresh,2.07
5955,SKU-05955,Grocery,Oil,PureLife,36.77
5956,SKU-05956,Grocery,Oil,NovaFresh,22.14
5957,SKU-05957,Beverage,Soda,GreenLine,12.13
5958,SKU-05958,Snacks,Chips,NovaFresh,22.23
5959,SKU-05959,Frozen,Dessert,GreenLine,13.61
5960,SKU-05960,Beverage,Water,Sunrise,33.28
5961,SKU-05961,Snacks,Nuts,Sunrise,37.44
5962,SKU-05962,Dairy,Milk,AlphaFoods,30.13
5963,SKU-05963,Grocery,Rice,Sunrise,7.22
5964,SKU-05964,PersonalCare,Shampoo,NovaFresh,28.71
5965,SKU-05965,Snacks,Nuts,UrbanTaste,10.39
5966,SKU-05966,Grocery,Oil,Sunrise,19.91
5967,SKU-05967,Dairy,Milk,NovaFresh,39.58
5968,SKU-05968,Beverage,Soda,AlphaFoods,2.93
5969,SKU-05969,Frozen,Dessert,PureLife,32.61
5970,SKU-05970,Frozen,Veg,GreenLine,24.74
5971,SKU-05971,Frozen,Veg,AlphaFoods,5.58
5972,SKU-05972,PersonalCare,Toothpaste,NovaFresh,33.37
5973,SKU-05973,Snacks,Biscuits,NovaFresh,39.53
5974,SKU-05974,Beverage,Soda,Sunrise,10.41
5975,SKU-05975,Snacks,Biscuits,UrbanTaste,16.19
5976,SKU-05976,Frozen,Pizza,PureLife,18.97
5977,SKU-05977,Snacks,Biscuits,PureLife,0.93
5978,SKU-05978,PersonalCare,Soap,NovaFresh,24.47
5979,SKU-05979,Beverage,Juice,NovaFresh,37.51
5980,SKU-05980,Dairy,Yogurt,AlphaFoods,7.11
5981,SKU-05981,Dairy,Cheese,Sunrise,28.87
5982,SKU-05982,Snacks,Nuts,GreenLine,4.75
5983,SKU-05983,Beverage,Water,PureLife,21.76
5984,SKU-05984,Snacks,Nuts,GreenLine,18.5
5985,SKU-05985,Beverage,Water,AlphaFoods,2.34
5986,SKU-05986,Grocery,Oil,AlphaFoods,28.6
5987,SKU-05987,Frozen,Dessert,GreenLine,18.88
5988,SKU-05988,Grocery,Oil,PureLife,17.23
5989,SKU-05989,Frozen,Pizza,PureLife,14.81
5990,SKU-05990,PersonalCare,Toothpaste,GreenLine,6.29
5991,SKU-05991,Frozen,Dessert,Sunrise,22.3
5992,SKU-05992,Grocery,Rice,NovaFresh,30.92
5993,SKU-05993,Beverage,Soda,NovaFresh,6.62
5994,SKU-05994,Grocery,Rice,GreenLine,23.64
5995,SKU-05995,Grocery,Oil,Sunrise,4.51
5996,SKU-05996,Frozen,Dessert,PureLife,30.11
5997,SKU-05997,PersonalCare,Toothpaste,GreenLine,15.53
5998,SKU-05998,PersonalCare,Soap,NovaFresh,23.41
5999,SKU-05999,Grocery,Rice,UrbanTaste,6.06
6000,SKU-06000,Snacks,Nuts,UrbanTaste,36.1
6001,SKU-06001,Frozen,Veg,NovaFresh,14.91
6002,SKU-06002,Beverage,Water,NovaFresh,24.42
6003,SKU-06003,Grocery,Oil,NovaFresh,35.53
6004,SKU-06004,PersonalCare,Toothpaste,NovaFresh,36.13
6005,SKU-06005,Snacks,Biscuits,NovaFresh,38.03
6006,SKU-06006,Frozen,Pizza,UrbanTaste,21.99
6007,SKU-06007,Beverage,Water,PureLife,11.29
6008,SKU-06008,Grocery,Rice,AlphaFoods,7.56
6009,SKU-06009,Beverage,Water,NovaFresh,36.86
6010,SKU-06010,PersonalCare,Shampoo,GreenLine,3.96
6011,SKU-06011,Dairy,Yogurt,UrbanTaste,22.71
6012,SKU-06012,PersonalCare,Soap,AlphaFoods,22.94
6013,SKU-06013,Dairy,Milk,GreenLine,24.68
6014,SKU-06014,Dairy,Yogurt,GreenLine,25.6
6015,SKU-06015,Dairy,Cheese,UrbanTaste,6.23
6016,SKU-06016,Frozen,Pizza,PureLife,20.75
6017,SKU-06017,Grocery,Rice,UrbanTaste,5.56
6018,SKU-06018,Frozen,Dessert,GreenLine,16.82
6019,SKU-06019,Grocery,Oil,PureLife,32.38
6020,SKU-06020,Dairy,Yogurt,GreenLine,1.72
6021,SKU-06021,Dairy,Milk,GreenLine,1.24
6022,SKU-06022,Snacks,Biscuits,NovaFresh,29.02
6023,SKU-06023,Dairy,Cheese,GreenLine,26.65
6024,SKU-06024,PersonalCare,Toothpaste,NovaFresh,38.69
6025,SKU-06025,Grocery,Pasta,Sunrise,8.88
6026,SKU-06026,Grocery,Rice,AlphaFoods,12.41
6027,SKU-06027,PersonalCare,Soap,Sunrise,6.98
6028,SKU-06028,PersonalCare,Toothpaste,Sunrise,28.61
6029,SKU-06029,Beverage,Juice,UrbanTaste,9.43
6030,SKU-06030,PersonalCare,Shampoo,Sunrise,25.7
6031,SKU-06031,Grocery,Rice,Sunrise,12.37
6032,SKU-06032,PersonalCare,Soap,Sunrise,6.3
6033,SKU-06033,Grocery,Rice,AlphaFoods,11.37
6034,SKU-06034,Frozen,Dessert,UrbanTaste,26.1
6035,SKU-06035,Snacks,Chips,UrbanTaste,29.28
6036,SKU-06036,Grocery,Pasta,PureLife,32.73
6037,SKU-06037,PersonalCare,Shampoo,NovaFresh,12.24
6038,SKU-06038,Frozen,Veg,UrbanTaste,17.48
6039,SKU-06039,Snacks,Biscuits,UrbanTaste,8.5
6040,SKU-06040,Dairy,Yogurt,GreenLine,9.98
6041,SKU-06041,Frozen,Veg,GreenLine,4.98
6042,SKU-06042,Grocery,Rice,NovaFresh,29.29
6043,SKU-06043,Beverage,Water,GreenLine,1.29
6044,SKU-06044,Frozen,Dessert,UrbanTaste,20.9
6045,SKU-06045,Snacks,Biscuits,AlphaFoods,33.65
6046,SKU-06046,PersonalCare,Shampoo,PureLife,30.69
6047,SKU-06047,PersonalCare,Soap,AlphaFoods,21.8
6048,SKU-06048,Snacks,Biscuits,PureLife,23.56
6049,SKU-06049,Beverage,Water,UrbanTaste,16.51
6050,SKU-06050,Snacks,Chips,NovaFresh,31.86
6051,SKU-06051,Dairy,Cheese,AlphaFoods,32.98
6052,SKU-06052,Beverage,Juice,UrbanTaste,34.01
6053,SKU-06053,Snacks,Nuts,GreenLine,11.54
6054,SKU-06054,Beverage,Juice,GreenLine,4.96
6055,SKU-06055,Dairy,Yogurt,PureLife,37.47
6056,SKU-06056,Dairy,Cheese,GreenLine,10.43
6057,SKU-06057,Frozen,Pizza,PureLife,17.57
6058,SKU-06058,Beverage,Water,GreenLine,11.98
6059,SKU-06059,Frozen,Veg,UrbanTaste,22.96
6060,SKU-06060,Snacks,Biscuits,AlphaFoods,37.08
6061,SKU-06061,Dairy,Yogurt,UrbanTaste,27.72
6062,SKU-06062,Snacks,Nuts,Sunrise,14.08
6063,SKU-06063,Grocery,Oil,PureLife,11.69
6064,SKU-06064,Snacks,Nuts,GreenLine,25.35
6065,SKU-06065,Dairy,Cheese,AlphaFoods,22.89
6066,SKU-06066,Snacks,Nuts,GreenLine,15.16
6067,SKU-06067,Frozen,Veg,GreenLine,20.74
6068,SKU-06068,Snacks,Nuts,AlphaFoods,26.38
6069,SKU-06069,Beverage,Soda,AlphaFoods,24.01
6070,SKU-06070,Beverage,Juice,PureLife,19.18
6071,SKU-06071,Grocery,Rice,AlphaFoods,18.77
6072,SKU-06072,Dairy,Cheese,NovaFresh,3.13
6073,SKU-06073,Snacks,Nuts,UrbanTaste,23.43
6074,SKU-06074,Beverage,Water,PureLife,32.7
6075,SKU-06075,Frozen,Pizza,AlphaFoods,19.56
6076,SKU-06076,Dairy,Milk,NovaFresh,37.9
6077,SKU-06077,Beverage,Water,Sunrise,38.42
6078,SKU-06078,Grocery,Rice,NovaFresh,20.79
6079,SKU-06079,Beverage,Soda,UrbanTaste,33.53
6080,SKU-06080,PersonalCare,Shampoo,UrbanTaste,27.81
6081,SKU-06081,Frozen,Veg,UrbanTaste,18.26
6082,SKU-06082,Beverage,Juice,NovaFresh,32.82
6083,SKU-06083,PersonalCare,Soap,Sunrise,20.94
6084,SKU-06084,Beverage,Water,NovaFresh,4.94
6085,SKU-06085,Frozen,Pizza,AlphaFoods,30.67
6086,SKU-06086,PersonalCare,Soap,AlphaFoods,0.87
6087,SKU-06087,Snacks,Chips,PureLife,5.2
6088,SKU-06088,Snacks,Chips,NovaFresh,30.47
6089,SKU-06089,Grocery,Pasta,Sunrise,35.54
6090,SKU-06090,Grocery,Pasta,UrbanTaste,14.86
6091,SKU-06091,Dairy,Milk,NovaFresh,2.31
6092,SKU-06092,Beverage,Soda,NovaFresh,37.51
6093,SKU-06093,Frozen,Pizza,UrbanTaste,1.12
6094,SKU-06094,PersonalCare,Shampoo,UrbanTaste,39.04
6095,SKU-06095,Frozen,Pizza,UrbanTaste,20.23
6096,SKU-06096,Grocery,Pasta,NovaFresh,19.84
6097,SKU-06097,Snacks,Chips,NovaFresh,28.26
6098,SKU-06098,PersonalCare,Toothpaste,Sunrise,18.61
6099,SKU-06099,Dairy,Milk,Sunrise,2.18
6100,SKU-06100,Snacks,Chips,Sunrise,26.62
6101,SKU-06101,Snacks,Chips,PureLife,30.65
6102,SKU-06102,Snacks,Nuts,AlphaFoods,17.46
6103,SKU-06103,Dairy,Yogurt,PureLife,10.5
6104,SKU-06104,Beverage,Juice,AlphaFoods,31.03
6105,SKU-06105,Frozen,Veg,AlphaFoods,5.88
6106,SKU-06106,Frozen,Veg,AlphaFoods,26.42
6107,SKU-06107,PersonalCare,Shampoo,UrbanTaste,28.63
6108,SKU-06108,Dairy,Cheese,PureLife,16.97
6109,SKU-06109,Beverage,Juice,PureLife,6.41
6110,SKU-06110,PersonalCare,Toothpaste,GreenLine,20.38
6111,SKU-06111,PersonalCare,Soap,PureLife,28.44
6112,SKU-06112,PersonalCare,Toothpaste,PureLife,10.85
6113,SKU-06113,Snacks,Chips,AlphaFoods,15.81
6114,SKU-06114,Snacks,Chips,GreenLine,9.54
6115,SKU-06115,Beverage,Soda,PureLife,23.33
6116,SKU-06116,Dairy,Milk,GreenLine,9.86
6117,SKU-06117,Dairy,Milk,UrbanTaste,2.82
6118,SKU-06118,PersonalCare,Toothpaste,PureLife,39.32
6119,SKU-06119,Beverage,Juice,Sunrise,7.47
6120,SKU-06120,Beverage,Soda,NovaFresh,35.76
6121,SKU-06121,Frozen,Veg,NovaFresh,15.25
6122,SKU-06122,Grocery,Rice,AlphaFoods,36.0
6123,SKU-06123,Dairy,Milk,AlphaFoods,29.73
6124,SKU-06124,Snacks,Nuts,UrbanTaste,10.0
6125,SKU-06125,Beverage,Water,PureLife,33.28
6126,SKU-06126,Snacks,Chips,PureLife,13.89
6127,SKU-06127,Beverage,Soda,UrbanTaste,15.7
6128,SKU-06128,Grocery,Rice,UrbanTaste,30.38
6129,SKU-06129,Grocery,Oil,AlphaFoods,22.51
6130,SKU-06130,Dairy,Milk,Sunrise,14.48
6131,SKU-06131,Frozen,Pizza,UrbanTaste,21.0
6132,SKU-06132,Grocery,Rice,NovaFresh,23.09
6133,SKU-06133,Dairy,Milk,Sunrise,21.95
6134,SKU-06134,Grocery,Pasta,Sunrise,16.0
6135,SKU-06135,Snacks,Biscuits,AlphaFoods,30.1
6136,SKU-06136,PersonalCare,Toothpaste,GreenLine,21.42
6137,SKU-06137,Dairy,Milk,UrbanTaste,27.85
6138,SKU-06138,Beverage,Water,Sunrise,16.51
6139,SKU-06139,Frozen,Veg,AlphaFoods,12.37
6140,SKU-06140,PersonalCare,Shampoo,GreenLine,6.81
6141,SKU-06141,PersonalCare,Toothpaste,Sunrise,31.35
6142,SKU-06142,PersonalCare,Shampoo,Sunrise,38.61
6143,SKU-06143,Snacks,Chips,NovaFresh,23.89
6144,SKU-06144,Beverage,Water,UrbanTaste,28.02
6145,SKU-06145,Frozen,Veg,Sunrise,6.59
6146,SKU-06146,Beverage,Juice,GreenLine,3.2
6147,SKU-06147,Snacks,Chips,UrbanTaste,17.85
6148,SKU-06148,PersonalCare,Soap,NovaFresh,11.05
6149,SKU-06149,Snacks,Chips,Sunrise,29.14
6150,SKU-06150,Dairy,Cheese,NovaFresh,20.79
6151,SKU-06151,Grocery,Rice,GreenLine,36.07
6152,SKU-06152,PersonalCare,Soap,AlphaFoods,31.75
6153,SKU-06153,Frozen,Pizza,NovaFresh,14.67
6154,SKU-06154,Dairy,Milk,NovaFresh,12.9
6155,SKU-06155,Frozen,Pizza,NovaFresh,13.04
6156,SKU-06156,Snacks,Nuts,UrbanTaste,37.69
6157,SKU-06157,PersonalCare,Soap,UrbanTaste,31.99
6158,SKU-06158,Dairy,Milk,NovaFresh,29.43
6159,SKU-06159,Frozen,Pizza,UrbanTaste,14.14
6160,SKU-06160,Beverage,Soda,Sunrise,5.1
6161,SKU-06161,Frozen,Dessert,Sunrise,27.99
6162,SKU-06162,Frozen,Dessert,GreenLine,27.35
6163,SKU-06163,Grocery,Rice,NovaFresh,39.27
6164,SKU-06164,Beverage,Water,Sunrise,17.47
6165,SKU-06165,Dairy,Cheese,PureLife,16.86
6166,SKU-06166,Dairy,Yogurt,PureLife,39.6
6167,SKU-06167,Grocery,Rice,PureLife,3.93
6168,SKU-06168,Dairy,Yogurt,Sunrise,0.95
6169,SKU-06169,Dairy,Yogurt,UrbanTaste,35.81
6170,SKU-06170,Dairy,Cheese,PureLife,25.2
6171,SKU-06171,PersonalCare,Shampoo,Sunrise,19.79
6172,SKU-06172,Beverage,Water,GreenLine,4.26
6173,SKU-06173,Dairy,Cheese,AlphaFoods,11.16
6174,SKU-06174,Beverage,Water,UrbanTaste,10.8
6175,SKU-06175,Snacks,Nuts,NovaFresh,16.7
6176,SKU-06176,Frozen,Veg,GreenLine,11.28
6177,SKU-06177,Dairy,Cheese,GreenLine,21.29
6178,SKU-06178,Grocery,Pasta,NovaFresh,16.82
6179,SKU-06179,PersonalCare,Soap,AlphaFoods,33.58
6180,SKU-06180,Frozen,Dessert,Sunrise,24.96
6181,SKU-06181,Frozen,Veg,Sunrise,27.07
6182,SKU-06182,Grocery,Rice,UrbanTaste,16.73
6183,SKU-06183,PersonalCare,Toothpaste,NovaFresh,20.76
6184,SKU-06184,Grocery,Rice,AlphaFoods,28.59
6185,SKU-06185,Snacks,Nuts,Sunrise,25.86
6186,SKU-06186,Dairy,Cheese,PureLife,29.09
6187,SKU-06187,Snacks,Nuts,AlphaFoods,3.32
6188,SKU-06188,Beverage,Juice,Sunrise,4.63
6189,SKU-06189,Frozen,Veg,Sunrise,39.44
6190,SKU-06190,Grocery,Pasta,AlphaFoods,8.65
6191,SKU-06191,Grocery,Pasta,AlphaFoods,5.33
6192,SKU-06192,Snacks,Biscuits,Sunrise,35.99
6193,SKU-06193,PersonalCare,Shampoo,UrbanTaste,37.13
6194,SKU-06194,Beverage,Soda,PureLife,8.53
6195,SKU-06195,Grocery,Pasta,AlphaFoods,35.53
6196,SKU-06196,Grocery,Pasta,GreenLine,33.93
6197,SKU-06197,PersonalCare,Soap,AlphaFoods,20.93
6198,SKU-06198,Dairy,Cheese,PureLife,37.34
6199,SKU-06199,PersonalCare,Toothpaste,AlphaFoods,3.78
6200,SKU-06200,Frozen,Dessert,GreenLine,18.32
6201,SKU-06201,PersonalCare,Shampoo,AlphaFoods,23.74
6202,SKU-06202,Dairy,Yogurt,AlphaFoods,2.25
6203,SKU-06203,Beverage,Soda,GreenLine,38.08
6204,SKU-06204,Dairy,Milk,AlphaFoods,15.49
6205,SKU-06205,Dairy,Milk,NovaFresh,9.62
6206,SKU-06206,Beverage,Juice,Sunrise,17.19
6207,SKU-06207,Frozen,Dessert,NovaFresh,24.74
6208,SKU-06208,Grocery,Pasta,GreenLine,4.61
6209,SKU-06209,Grocery,Pasta,Sunrise,23.63
6210,SKU-06210,Dairy,Yogurt,AlphaFoods,20.96
6211,SKU-06211,Dairy,Milk,NovaFresh,21.64
6212,SKU-06212,Dairy,Cheese,UrbanTaste,32.25
6213,SKU-06213,Snacks,Biscuits,NovaFresh,38.51
6214,SKU-06214,Grocery,Pasta,NovaFresh,17.08
6215,SKU-06215,Frozen,Veg,UrbanTaste,4.12
6216,SKU-06216,PersonalCare,Toothpaste,NovaFresh,23.02
6217,SKU-06217,Dairy,Yogurt,NovaFresh,29.8
6218,SKU-06218,Frozen,Pizza,GreenLine,32.31
6219,SKU-06219,Frozen,Pizza,Sunrise,21.64
6220,SKU-06220,Dairy,Cheese,UrbanTaste,25.31
6221,SKU-06221,PersonalCare,Shampoo,AlphaFoods,33.67
6222,SKU-06222,Frozen,Pizza,NovaFresh,39.54
6223,SKU-06223,PersonalCare,Shampoo,PureLife,10.08
6224,SKU-06224,PersonalCare,Toothpaste,GreenLine,29.81
6225,SKU-06225,Frozen,Dessert,UrbanTaste,16.27
6226,SKU-06226,Grocery,Rice,Sunrise,20.63
6227,SKU-06227,Snacks,Biscuits,GreenLine,14.1
6228,SKU-06228,Dairy,Cheese,Sunrise,31.26
6229,SKU-06229,Dairy,Cheese,Sunrise,37.74
6230,SKU-06230,Beverage,Soda,AlphaFoods,24.85
6231,SKU-06231,PersonalCare,Toothpaste,GreenLine,10.69
6232,SKU-06232,Snacks,Chips,GreenLine,4.99
6233,SKU-06233,Snacks,Chips,NovaFresh,8.89
6234,SKU-06234,Beverage,Juice,NovaFresh,9.5
6235,SKU-06235,Beverage,Soda,Sunrise,20.7
6236,SKU-06236,PersonalCare,Soap,UrbanTaste,33.12
6237,SKU-06237,Beverage,Water,Sunrise,23.18
6238,SKU-06238,Frozen,Veg,Sunrise,16.26
6239,SKU-06239,Grocery,Rice,PureLife,6.59
6240,SKU-06240,Snacks,Nuts,Sunrise,24.24
6241,SKU-06241,Frozen,Dessert,UrbanTaste,34.85
6242,SKU-06242,Snacks,Nuts,UrbanTaste,1.51
6243,SKU-06243,Beverage,Soda,PureLife,8.27
6244,SKU-06244,Snacks,Nuts,GreenLine,8.04
6245,SKU-06245,Frozen,Pizza,AlphaFoods,26.35
6246,SKU-06246,Dairy,Milk,Sunrise,27.2
6247,SKU-06247,PersonalCare,Shampoo,GreenLine,22.64
6248,SKU-06248,Snacks,Biscuits,NovaFresh,32.01
6249,SKU-06249,Snacks,Biscuits,UrbanTaste,4.1
6250,SKU-06250,Grocery,Rice,AlphaFoods,19.53
6251,SKU-06251,PersonalCare,Soap,AlphaFoods,34.31
6252,SKU-06252,Beverage,Water,GreenLine,5.04
6253,SKU-06253,Dairy,Cheese,UrbanTaste,21.38
6254,SKU-06254,Frozen,Pizza,PureLife,16.05
6255,SKU-06255,Beverage,Juice,PureLife,34.56
6256,SKU-06256,PersonalCare,Soap,GreenLine,0.73
6257,SKU-06257,Dairy,Yogurt,NovaFresh,25.98
6258,SKU-06258,Snacks,Nuts,UrbanTaste,16.15
6259,SKU-06259,Grocery,Oil,UrbanTaste,10.56
6260,SKU-06260,Snacks,Biscuits,GreenLine,14.91
6261,SKU-06261,Beverage,Water,GreenLine,26.03
6262,SKU-06262,PersonalCare,Shampoo,NovaFresh,12.7
6263,SKU-06263,Snacks,Biscuits,NovaFresh,36.19
6264,SKU-06264,Frozen,Dessert,GreenLine,25.52
6265,SKU-06265,PersonalCare,Soap,UrbanTaste,36.16
6266,SKU-06266,Grocery,Oil,NovaFresh,23.8
6267,SKU-06267,Frozen,Veg,AlphaFoods,28.79
6268,SKU-06268,Beverage,Water,UrbanTaste,0.96
6269,SKU-06269,Beverage,Soda,AlphaFoods,30.99
6270,SKU-06270,Dairy,Yogurt,AlphaFoods,35.41
6271,SKU-06271,Frozen,Veg,UrbanTaste,32.7
6272,SKU-06272,Snacks,Chips,GreenLine,6.87
6273,SKU-06273,Dairy,Milk,Sunrise,16.48
6274,SKU-06274,Grocery,Rice,PureLife,35.97
6275,SKU-06275,Beverage,Water,AlphaFoods,29.52
6276,SKU-06276,Beverage,Juice,GreenLine,26.8
6277,SKU-06277,Frozen,Veg,AlphaFoods,16.0
6278,SKU-06278,Snacks,Biscuits,Sunrise,3.23
6279,SKU-06279,Beverage,Soda,PureLife,22.48
6280,SKU-06280,PersonalCare,Soap,NovaFresh,25.35
6281,SKU-06281,Dairy,Milk,UrbanTaste,13.67
6282,SKU-06282,Frozen,Veg,NovaFresh,26.84
6283,SKU-06283,Grocery,Oil,UrbanTaste,26.73
6284,SKU-06284,Snacks,Biscuits,NovaFresh,39.54
6285,SKU-06285,Frozen,Dessert,GreenLine,12.72
6286,SKU-06286,Grocery,Pasta,PureLife,25.03
6287,SKU-06287,Dairy,Cheese,UrbanTaste,4.37
6288,SKU-06288,Grocery,Pasta,GreenLine,29.1
6289,SKU-06289,PersonalCare,Toothpaste,GreenLine,5.47
6290,SKU-06290,Dairy,Yogurt,AlphaFoods,6.54
6291,SKU-06291,Beverage,Soda,PureLife,1.16
6292,SKU-06292,Snacks,Chips,PureLife,38.61
6293,SKU-06293,Dairy,Yogurt,Sunrise,28.65
6294,SKU-06294,PersonalCare,Soap,NovaFresh,10.42
6295,SKU-06295,Frozen,Pizza,Sunrise,5.51
6296,SKU-06296,Dairy,Yogurt,NovaFresh,37.8
6297,SKU-06297,Grocery,Rice,NovaFresh,19.73
6298,SKU-06298,Beverage,Water,NovaFresh,31.0
6299,SKU-06299,PersonalCare,Toothpaste,PureLife,39.54
6300,SKU-06300,Snacks,Chips,GreenLine,5.75
6301,SKU-06301,Grocery,Oil,Sunrise,39.1
6302,SKU-06302,Snacks,Chips,AlphaFoods,30.67
6303,SKU-06303,Snacks,Chips,NovaFresh,22.34
6304,SKU-06304,Grocery,Pasta,UrbanTaste,1.02
6305,SKU-06305,Dairy,Milk,Sunrise,14.54
6306,SKU-06306,Snacks,Chips,Sunrise,34.09
6307,SKU-06307,Beverage,Soda,Sunrise,35.25
6308,SKU-06308,Snacks,Chips,PureLife,10.03
6309,SKU-06309,Beverage,Juice,Sunrise,21.33
6310,SKU-06310,PersonalCare,Shampoo,PureLife,23.58
6311,SKU-06311,Dairy,Milk,PureLife,9.12
6312,SKU-06312,PersonalCare,Soap,GreenLine,1.92
6313,SKU-06313,Beverage,Juice,NovaFresh,33.59
6314,SKU-06314,Dairy,Cheese,UrbanTaste,30.05
6315,SKU-06315,Frozen,Pizza,AlphaFoods,12.07
6316,SKU-06316,PersonalCare,Soap,PureLife,19.33
6317,SKU-06317,PersonalCare,Toothpaste,UrbanTaste,4.97
6318,SKU-06318,Beverage,Juice,Sunrise,12.5
6319,SKU-06319,PersonalCare,Toothpaste,NovaFresh,3.17
6320,SKU-06320,Frozen,Dessert,PureLife,19.57
6321,SKU-06321,Snacks,Biscuits,GreenLine,21.33
6322,SKU-06322,Dairy,Milk,UrbanTaste,30.32
6323,SKU-06323,Beverage,Soda,NovaFresh,15.47
6324,SKU-06324,Beverage,Soda,GreenLine,32.02
6325,SKU-06325,Dairy,Cheese,AlphaFoods,8.51
6326,SKU-06326,Dairy,Milk,GreenLine,31.13
6327,SKU-06327,PersonalCare,Toothpaste,PureLife,38.54
6328,SKU-06328,Grocery,Pasta,GreenLine,32.09
6329,SKU-06329,Grocery,Pasta,UrbanTaste,19.63
6330,SKU-06330,PersonalCare,Toothpaste,GreenLine,6.36
6331,SKU-06331,Grocery,Rice,Sunrise,26.67
6332,SKU-06332,Dairy,Cheese,AlphaFoods,15.73
6333,SKU-06333,PersonalCare,Soap,AlphaFoods,10.8
6334,SKU-06334,Snacks,Nuts,UrbanTaste,38.56
6335,SKU-06335,Beverage,Soda,AlphaFoods,11.76
6336,SKU-06336,Frozen,Dessert,PureLife,19.86
6337,SKU-06337,PersonalCare,Soap,GreenLine,36.67
6338,SKU-06338,Grocery,Oil,PureLife,4.99
6339,SKU-06339,PersonalCare,Shampoo,PureLife,29.48
6340,SKU-06340,Frozen,Veg,NovaFresh,15.66
6341,SKU-06341,Beverage,Juice,GreenLine,20.37
6342,SKU-06342,Frozen,Dessert,AlphaFoods,34.52
6343,SKU-06343,Beverage,Soda,PureLife,21.87
6344,SKU-06344,Beverage,Juice,AlphaFoods,12.04
6345,SKU-06345,PersonalCare,Shampoo,UrbanTaste,31.99
6346,SKU-06346,Grocery,Pasta,GreenLine,1.69
6347,SKU-06347,Grocery,Oil,Sunrise,31.4
6348,SKU-06348,PersonalCare,Shampoo,Sunrise,32.73
6349,SKU-06349,Beverage,Soda,NovaFresh,33.87
6350,SKU-06350,Grocery,Oil,NovaFresh,18.52
6351,SKU-06351,PersonalCare,Soap,UrbanTaste,30.38
6352,SKU-06352,Snacks,Nuts,Sunrise,20.33
6353,SKU-06353,Dairy,Cheese,NovaFresh,2.75
6354,SKU-06354,Frozen,Veg,NovaFresh,28.63
6355,SKU-06355,Dairy,Cheese,PureLife,11.09
6356,SKU-06356,PersonalCare,Toothpaste,UrbanTaste,10.71
6357,SKU-06357,Frozen,Pizza,GreenLine,0.58
6358,SKU-06358,Beverage,Soda,PureLife,38.4
6359,SKU-06359,Snacks,Chips,NovaFresh,0.54
6360,SKU-06360,Frozen,Dessert,UrbanTaste,26.06
6361,SKU-06361,Beverage,Water,NovaFresh,15.35
6362,SKU-06362,Snacks,Chips,UrbanTaste,13.39
6363,SKU-06363,Frozen,Dessert,UrbanTaste,9.84
6364,SKU-06364,PersonalCare,Toothpaste,GreenLine,37.23
6365,SKU-06365,PersonalCare,Soap,Sunrise,9.58
6366,SKU-06366,Grocery,Pasta,NovaFresh,14.38
6367,SKU-06367,Beverage,Soda,NovaFresh,27.8
6368,SKU-06368,Snacks,Chips,Sunrise,35.57
6369,SKU-06369,PersonalCare,Shampoo,PureLife,34.77
6370,SKU-06370,Beverage,Soda,UrbanTaste,13.83
6371,SKU-06371,Grocery,Pasta,Sunrise,0.87
6372,SKU-06372,Frozen,Dessert,PureLife,30.53
6373,SKU-06373,Grocery,Oil,PureLife,34.59
6374,SKU-06374,PersonalCare,Soap,Sunrise,8.09
6375,SKU-06375,Dairy,Milk,PureLife,18.21
6376,SKU-06376,PersonalCare,Soap,GreenLine,13.55
6377,SKU-06377,PersonalCare,Shampoo,NovaFresh,23.59
6378,SKU-06378,Dairy,Cheese,AlphaFoods,15.68
6379,SKU-06379,PersonalCare,Soap,GreenLine,11.57
6380,SKU-06380,Grocery,Oil,NovaFresh,38.15
6381,SKU-06381,Beverage,Juice,UrbanTaste,20.75
6382,SKU-06382,Snacks,Nuts,NovaFresh,34.81
6383,SKU-06383,Snacks,Biscuits,Sunrise,32.23
6384,SKU-06384,PersonalCare,Toothpaste,UrbanTaste,16.97
6385,SKU-06385,PersonalCare,Shampoo,UrbanTaste,24.21
6386,SKU-06386,Grocery,Rice,Sunrise,27.84
6387,SKU-06387,PersonalCare,Shampoo,AlphaFoods,8.58
6388,SKU-06388,Grocery,Oil,NovaFresh,6.18
6389,SKU-06389,Dairy,Yogurt,NovaFresh,7.68
6390,SKU-06390,PersonalCare,Shampoo,Sunrise,14.72
6391,SKU-06391,Beverage,Soda,NovaFresh,19.24
6392,SKU-06392,Grocery,Pasta,GreenLine,16.09
6393,SKU-06393,Snacks,Chips,AlphaFoods,20.13
6394,SKU-06394,Snacks,Chips,NovaFresh,11.43
6395,SKU-06395,Snacks,Nuts,PureLife,14.83
6396,SKU-06396,Frozen,Dessert,Sunrise,21.87
6397,SKU-06397,Dairy,Cheese,Sunrise,28.63
6398,SKU-06398,Grocery,Pasta,PureLife,24.51
6399,SKU-06399,Beverage,Water,UrbanTaste,21.89
6400,SKU-06400,Snacks,Nuts,PureLife,18.56
6401,SKU-06401,PersonalCare,Soap,NovaFresh,1.35
6402,SKU-06402,Frozen,Dessert,PureLife,4.71
6403,SKU-06403,Beverage,Juice,Sunrise,8.15
6404,SKU-06404,Grocery,Rice,PureLife,3.44
6405,SKU-06405,Beverage,Soda,Sunrise,11.22
6406,SKU-06406,Beverage,Soda,NovaFresh,30.69
6407,SKU-06407,PersonalCare,Soap,Sunrise,27.66
6408,SKU-06408,PersonalCare,Toothpaste,PureLife,36.0
6409,SKU-06409,Dairy,Cheese,PureLife,23.32
6410,SKU-06410,Grocery,Pasta,NovaFresh,39.5
6411,SKU-06411,Beverage,Water,GreenLine,3.25
6412,SKU-06412,Beverage,Juice,UrbanTaste,32.36
6413,SKU-06413,Grocery,Pasta,AlphaFoods,38.33
6414,SKU-06414,Beverage,Soda,NovaFresh,21.58
6415,SKU-06415,Grocery,Oil,Sunrise,21.04
6416,SKU-06416,Dairy,Milk,AlphaFoods,26.27
6417,SKU-06417,Beverage,Juice,GreenLine,20.86
6418,SKU-06418,Beverage,Juice,GreenLine,21.52
6419,SKU-06419,Frozen,Pizza,Sunrise,6.31
6420,SKU-06420,PersonalCare,Soap,NovaFresh,25.35
6421,SKU-06421,PersonalCare,Soap,GreenLine,23.82
6422,SKU-06422,Grocery,Oil,UrbanTaste,14.09
6423,SKU-06423,Dairy,Cheese,PureLife,1.03
6424,SKU-06424,Dairy,Milk,PureLife,4.65
6425,SKU-06425,Frozen,Dessert,AlphaFoods,5.41
6426,SKU-06426,Grocery,Rice,AlphaFoods,35.54
6427,SKU-06427,Snacks,Nuts,UrbanTaste,12.26
6428,SKU-06428,Dairy,Milk,AlphaFoods,18.72
6429,SKU-06429,Grocery,Rice,Sunrise,37.56
6430,SKU-06430,Grocery,Oil,AlphaFoods,20.9
6431,SKU-06431,Grocery,Oil,NovaFresh,34.43
6432,SKU-06432,Dairy,Yogurt,Sunrise,17.47
6433,SKU-06433,Dairy,Milk,PureLife,10.87
6434,SKU-06434,Frozen,Dessert,NovaFresh,16.2
6435,SKU-06435,Snacks,Chips,PureLife,21.45
6436,SKU-06436,Beverage,Soda,Sunrise,39.78
6437,SKU-06437,PersonalCare,Soap,PureLife,27.14
6438,SKU-06438,Snacks,Biscuits,GreenLine,4.16
6439,SKU-06439,Snacks,Nuts,AlphaFoods,22.02
6440,SKU-06440,Grocery,Pasta,UrbanTaste,25.63
6441,SKU-06441,PersonalCare,Soap,Sunrise,24.48
6442,SKU-06442,Snacks,Chips,UrbanTaste,17.01
6443,SKU-06443,Dairy,Cheese,NovaFresh,2.35
6444,SKU-06444,Grocery,Pasta,Sunrise,14.5
6445,SKU-06445,Grocery,Pasta,PureLife,8.11
6446,SKU-06446,Dairy,Yogurt,PureLife,21.44
6447,SKU-06447,Grocery,Oil,GreenLine,17.23
6448,SKU-06448,Beverage,Juice,AlphaFoods,7.04
6449,SKU-06449,Frozen,Veg,AlphaFoods,3.7
6450,SKU-06450,Snacks,Biscuits,NovaFresh,31.06
6451,SKU-06451,Beverage,Water,Sunrise,22.07
6452,SKU-06452,Dairy,Cheese,NovaFresh,38.33
6453,SKU-06453,Beverage,Soda,PureLife,17.24
6454,SKU-06454,Beverage,Water,Sunrise,20.68
6455,SKU-06455,Grocery,Rice,UrbanTaste,28.02
6456,SKU-06456,Dairy,Cheese,AlphaFoods,4.52
6457,SKU-06457,Frozen,Pizza,AlphaFoods,21.63
6458,SKU-06458,Dairy,Yogurt,AlphaFoods,23.62
6459,SKU-06459,Beverage,Juice,GreenLine,16.62
6460,SKU-06460,Dairy,Cheese,PureLife,21.11
6461,SKU-06461,PersonalCare,Shampoo,AlphaFoods,22.5
6462,SKU-06462,Frozen,Dessert,GreenLine,18.31
6463,SKU-06463,Dairy,Milk,Sunrise,32.77
6464,SKU-06464,Frozen,Veg,UrbanTaste,11.73
6465,SKU-06465,PersonalCare,Toothpaste,PureLife,8.67
6466,SKU-06466,Grocery,Rice,AlphaFoods,24.63
6467,SKU-06467,Beverage,Soda,UrbanTaste,18.7
6468,SKU-06468,Grocery,Rice,Sunrise,26.29
6469,SKU-06469,Dairy,Milk,PureLife,25.65
6470,SKU-06470,Beverage,Water,Sunrise,31.61
6471,SKU-06471,PersonalCare,Soap,UrbanTaste,27.9
6472,SKU-06472,Beverage,Water,UrbanTaste,0.88
6473,SKU-06473,Grocery,Pasta,Sunrise,33.23
6474,SKU-06474,PersonalCare,Soap,UrbanTaste,11.86
6475,SKU-06475,Grocery,Pasta,AlphaFoods,24.96
6476,SKU-06476,Dairy,Yogurt,Sunrise,2.32
6477,SKU-06477,Grocery,Rice,GreenLine,33.5
6478,SKU-06478,Grocery,Pasta,UrbanTaste,4.71
6479,SKU-06479,Frozen,Pizza,Sunrise,10.8
6480,SKU-06480,Beverage,Water,AlphaFoods,37.91
6481,SKU-06481,Dairy,Milk,AlphaFoods,12.87
6482,SKU-06482,PersonalCare,Shampoo,AlphaFoods,1.12
6483,SKU-06483,Frozen,Dessert,NovaFresh,32.87
6484,SKU-06484,Snacks,Nuts,Sunrise,12.34
6485,SKU-06485,Beverage,Juice,NovaFresh,22.55
6486,SKU-06486,PersonalCare,Soap,PureLife,5.92
6487,SKU-06487,Frozen,Veg,UrbanTaste,14.94
6488,SKU-06488,PersonalCare,Shampoo,NovaFresh,13.77
6489,SKU-06489,Frozen,Veg,AlphaFoods,6.1
6490,SKU-06490,PersonalCare,Shampoo,AlphaFoods,22.74
6491,SKU-06491,Beverage,Soda,GreenLine,12.0
6492,SKU-06492,Grocery,Rice,Sunrise,6.99
6493,SKU-06493,Frozen,Veg,AlphaFoods,2.91
6494,SKU-06494,Grocery,Pasta,Sunrise,30.31
6495,SKU-06495,PersonalCare,Shampoo,GreenLine,32.13
6496,SKU-06496,Grocery,Oil,AlphaFoods,38.43
6497,SKU-06497,Frozen,Pizza,PureLife,30.76
6498,SKU-06498,Grocery,Rice,GreenLine,25.31
6499,SKU-06499,Frozen,Pizza,GreenLine,36.07
6500,SKU-06500,Beverage,Juice,NovaFresh,30.91
6501,SKU-06501,Grocery,Pasta,Sunrise,16.98
6502,SKU-06502,Dairy,Yogurt,AlphaFoods,32.4
6503,SKU-06503,Beverage,Soda,NovaFresh,3.51
6504,SKU-06504,Beverage,Juice,PureLife,15.81
6505,SKU-06505,Beverage,Soda,GreenLine,31.62
6506,SKU-06506,Grocery,Rice,GreenLine,38.52
6507,SKU-06507,Snacks,Chips,PureLife,28.13
6508,SKU-06508,Frozen,Pizza,GreenLine,32.5
6509,SKU-06509,Snacks,Biscuits,UrbanTaste,15.11
6510,SKU-06510,Snacks,Biscuits,PureLife,13.28
6511,SKU-06511,Beverage,Soda,UrbanTaste,11.52
6512,SKU-06512,Grocery,Oil,GreenLine,38.17
6513,SKU-06513,Beverage,Soda,Sunrise,14.93
6514,SKU-06514,Frozen,Veg,GreenLine,34.1
6515,SKU-06515,Snacks,Nuts,GreenLine,36.93
6516,SKU-06516,Grocery,Rice,AlphaFoods,38.36
6517,SKU-06517,Dairy,Yogurt,AlphaFoods,17.62
6518,SKU-06518,Dairy,Yogurt,NovaFresh,7.11
6519,SKU-06519,Grocery,Pasta,NovaFresh,24.15
6520,SKU-06520,Dairy,Milk,UrbanTaste,36.88
6521,SKU-06521,Dairy,Cheese,NovaFresh,20.97
6522,SKU-06522,Dairy,Milk,UrbanTaste,21.31
6523,SKU-06523,Dairy,Yogurt,GreenLine,0.75
6524,SKU-06524,Dairy,Cheese,UrbanTaste,18.44
6525,SKU-06525,Frozen,Dessert,UrbanTaste,19.52
6526,SKU-06526,Beverage,Water,NovaFresh,21.86
6527,SKU-06527,Frozen,Veg,AlphaFoods,16.32
6528,SKU-06528,Grocery,Rice,GreenLine,9.87
6529,SKU-06529,Beverage,Water,PureLife,33.52
6530,SKU-06530,Frozen,Veg,Sunrise,3.18
6531,SKU-06531,PersonalCare,Soap,PureLife,37.14
6532,SKU-06532,PersonalCare,Soap,PureLife,7.57
6533,SKU-06533,Grocery,Pasta,Sunrise,21.01
6534,SKU-06534,Snacks,Nuts,GreenLine,11.81
6535,SKU-06535,Frozen,Dessert,GreenLine,9.93
6536,SKU-06536,Beverage,Water,UrbanTaste,28.6
6537,SKU-06537,PersonalCare,Shampoo,AlphaFoods,8.18
6538,SKU-06538,Grocery,Pasta,AlphaFoods,23.84
6539,SKU-06539,Snacks,Chips,AlphaFoods,6.27
6540,SKU-06540,Beverage,Soda,AlphaFoods,22.7
6541,SKU-06541,Dairy,Milk,UrbanTaste,29.0
6542,SKU-06542,Dairy,Yogurt,NovaFresh,38.49
6543,SKU-06543,PersonalCare,Shampoo,UrbanTaste,23.44
6544,SKU-06544,Beverage,Soda,Sunrise,15.07
6545,SKU-06545,Snacks,Biscuits,AlphaFoods,3.64
6546,SKU-06546,Dairy,Cheese,Sunrise,16.78
6547,SKU-06547,Dairy,Cheese,Sunrise,37.02
6548,SKU-06548,Beverage,Juice,UrbanTaste,20.49
6549,SKU-06549,Grocery,Pasta,UrbanTaste,19.06
6550,SKU-06550,PersonalCare,Toothpaste,PureLife,8.22
6551,SKU-06551,Grocery,Pasta,UrbanTaste,21.46
6552,SKU-06552,Dairy,Cheese,UrbanTaste,37.51
6553,SKU-06553,Snacks,Biscuits,UrbanTaste,16.94
6554,SKU-06554,Beverage,Water,GreenLine,16.21
6555,SKU-06555,Frozen,Pizza,AlphaFoods,11.71
6556,SKU-06556,Grocery,Pasta,NovaFresh,8.58
6557,SKU-06557,PersonalCare,Toothpaste,AlphaFoods,36.25
6558,SKU-06558,Dairy,Cheese,GreenLine,11.04
6559,SKU-06559,PersonalCare,Shampoo,PureLife,20.11
6560,SKU-06560,Snacks,Chips,GreenLine,13.13
6561,SKU-06561,PersonalCare,Shampoo,NovaFresh,39.29
6562,SKU-06562,PersonalCare,Shampoo,UrbanTaste,33.72
6563,SKU-06563,Frozen,Veg,PureLife,15.9
6564,SKU-06564,Dairy,Yogurt,Sunrise,28.99
6565,SKU-06565,Snacks,Chips,Sunrise,23.79
6566,SKU-06566,Snacks,Biscuits,GreenLine,16.03
6567,SKU-06567,Grocery,Pasta,AlphaFoods,27.21
6568,SKU-06568,Beverage,Water,PureLife,19.24
6569,SKU-06569,Grocery,Pasta,AlphaFoods,3.0
6570,SKU-06570,Dairy,Yogurt,Sunrise,14.22
6571,SKU-06571,Snacks,Biscuits,NovaFresh,39.71
6572,SKU-06572,Snacks,Biscuits,AlphaFoods,29.71
6573,SKU-06573,Grocery,Oil,Sunrise,34.16
6574,SKU-06574,Frozen,Pizza,Sunrise,3.29
6575,SKU-06575,Snacks,Chips,PureLife,5.31
6576,SKU-06576,Dairy,Milk,AlphaFoods,37.21
6577,SKU-06577,Dairy,Yogurt,GreenLine,29.02
6578,SKU-06578,PersonalCare,Toothpaste,Sunrise,28.87
6579,SKU-06579,Beverage,Soda,AlphaFoods,34.71
6580,SKU-06580,Beverage,Water,NovaFresh,18.91
6581,SKU-06581,PersonalCare,Toothpaste,NovaFresh,6.85
6582,SKU-06582,Grocery,Pasta,GreenLine,19.63
6583,SKU-06583,Frozen,Dessert,GreenLine,7.24
6584,SKU-06584,Dairy,Yogurt,GreenLine,18.71
6585,SKU-06585,Dairy,Milk,PureLife,9.52
6586,SKU-06586,Snacks,Biscuits,GreenLine,7.45
6587,SKU-06587,Snacks,Nuts,Sunrise,29.97
6588,SKU-06588,Frozen,Dessert,GreenLine,29.78
6589,SKU-06589,PersonalCare,Toothpaste,NovaFresh,8.3
6590,SKU-06590,Dairy,Yogurt,GreenLine,30.63
6591,SKU-06591,Grocery,Oil,Sunrise,0.75
6592,SKU-06592,Dairy,Yogurt,NovaFresh,39.86
6593,SKU-06593,Snacks,Biscuits,AlphaFoods,26.25
6594,SKU-06594,Dairy,Yogurt,Sunrise,21.89
6595,SKU-06595,Dairy,Milk,PureLife,29.71
6596,SKU-06596,Frozen,Pizza,UrbanTaste,32.06
6597,SKU-06597,Frozen,Dessert,AlphaFoods,26.7
6598,SKU-06598,Beverage,Water,Sunrise,1.98
6599,SKU-06599,Grocery,Oil,Sunrise,39.71
6600,SKU-06600,Dairy,Cheese,AlphaFoods,5.02
6601,SKU-06601,Beverage,Juice,AlphaFoods,13.04
6602,SKU-06602,PersonalCare,Soap,NovaFresh,2.76
6603,SKU-06603,Snacks,Chips,AlphaFoods,4.69
6604,SKU-06604,Snacks,Chips,GreenLine,17.3
6605,SKU-06605,PersonalCare,Soap,NovaFresh,5.67
6606,SKU-06606,Snacks,Biscuits,Sunrise,32.23
6607,SKU-06607,Grocery,Oil,GreenLine,30.39
6608,SKU-06608,Dairy,Yogurt,NovaFresh,10.24
6609,SKU-06609,Frozen,Dessert,NovaFresh,19.82
6610,SKU-06610,Grocery,Pasta,Sunrise,12.08
6611,SKU-06611,Frozen,Pizza,UrbanTaste,13.07
6612,SKU-06612,Beverage,Soda,GreenLine,7.15
6613,SKU-06613,Dairy,Milk,AlphaFoods,4.5
6614,SKU-06614,PersonalCare,Shampoo,NovaFresh,28.49
6615,SKU-06615,Beverage,Soda,Sunrise,34.36
6616,SKU-06616,Beverage,Water,UrbanTaste,14.48
6617,SKU-06617,Grocery,Pasta,AlphaFoods,29.91
6618,SKU-06618,Beverage,Water,AlphaFoods,21.86
6619,SKU-06619,Beverage,Juice,NovaFresh,32.79
6620,SKU-06620,Dairy,Cheese,PureLife,37.9
6621,SKU-06621,Dairy,Milk,UrbanTaste,27.94
6622,SKU-06622,Dairy,Milk,PureLife,38.1
6623,SKU-06623,Beverage,Water,UrbanTaste,11.07
6624,SKU-06624,PersonalCare,Shampoo,PureLife,8.58
6625,SKU-06625,Frozen,Pizza,AlphaFoods,39.12
6626,SKU-06626,Dairy,Milk,GreenLine,0.71
6627,SKU-06627,Dairy,Cheese,AlphaFoods,37.29
6628,SKU-06628,Beverage,Soda,GreenLine,0.81
6629,SKU-06629,PersonalCare,Toothpaste,UrbanTaste,20.34
6630,SKU-06630,Dairy,Yogurt,NovaFresh,16.66
6631,SKU-06631,Frozen,Veg,UrbanTaste,14.81
6632,SKU-06632,Dairy,Cheese,Sunrise,6.0
6633,SKU-06633,Snacks,Biscuits,GreenLine,36.46
6634,SKU-06634,Grocery,Rice,PureLife,13.21
6635,SKU-06635,Snacks,Chips,PureLife,3.48
6636,SKU-06636,Grocery,Oil,PureLife,28.68
6637,SKU-06637,Frozen,Veg,AlphaFoods,8.92
6638,SKU-06638,Grocery,Oil,Sunrise,33.78
6639,SKU-06639,Snacks,Biscuits,UrbanTaste,12.56
6640,SKU-06640,Grocery,Rice,GreenLine,21.95
6641,SKU-06641,Dairy,Cheese,GreenLine,0.61
6642,SKU-06642,PersonalCare,Toothpaste,NovaFresh,7.97
6643,SKU-06643,Grocery,Rice,UrbanTaste,14.0
6644,SKU-06644,PersonalCare,Toothpaste,NovaFresh,9.29
6645,SKU-06645,Beverage,Juice,PureLife,2.9
6646,SKU-06646,Snacks,Biscuits,PureLife,25.39
6647,SKU-06647,Beverage,Water,UrbanTaste,23.93
6648,SKU-06648,Snacks,Chips,Sunrise,33.4
6649,SKU-06649,Snacks,Nuts,PureLife,1.78
6650,SKU-06650,Grocery,Oil,AlphaFoods,27.05
6651,SKU-06651,Frozen,Dessert,UrbanTaste,35.46
6652,SKU-06652,Dairy,Yogurt,NovaFresh,20.25
6653,SKU-06653,Dairy,Cheese,GreenLine,8.46
6654,SKU-06654,Beverage,Juice,AlphaFoods,39.77
6655,SKU-06655,Snacks,Biscuits,Sunrise,5.67
6656,SKU-06656,PersonalCare,Shampoo,UrbanTaste,29.51
6657,SKU-06657,Grocery,Pasta,GreenLine,24.02
6658,SKU-06658,Frozen,Veg,PureLife,11.87
6659,SKU-06659,PersonalCare,Shampoo,PureLife,7.38
6660,SKU-06660,PersonalCare,Toothpaste,AlphaFoods,6.93
6661,SKU-06661,Snacks,Chips,GreenLine,11.54
6662,SKU-06662,Dairy,Milk,AlphaFoods,38.32
6663,SKU-06663,Frozen,Dessert,Sunrise,12.58
6664,SKU-06664,Frozen,Pizza,Sunrise,1.3
6665,SKU-06665,Grocery,Rice,PureLife,26.13
6666,SKU-06666,PersonalCare,Shampoo,AlphaFoods,32.42
6667,SKU-06667,Beverage,Soda,UrbanTaste,27.19
6668,SKU-06668,Frozen,Veg,NovaFresh,29.09
6669,SKU-06669,PersonalCare,Toothpaste,Sunrise,19.49
6670,SKU-06670,Beverage,Juice,Sunrise,25.76
6671,SKU-06671,Frozen,Pizza,UrbanTaste,25.87
6672,SKU-06672,Dairy,Milk,AlphaFoods,23.06
6673,SKU-06673,Frozen,Veg,GreenLine,27.64
6674,SKU-06674,PersonalCare,Soap,AlphaFoods,30.34
6675,SKU-06675,Beverage,Water,UrbanTaste,11.0
6676,SKU-06676,Dairy,Cheese,NovaFresh,26.17
6677,SKU-06677,Grocery,Oil,NovaFresh,23.15
6678,SKU-06678,Frozen,Veg,AlphaFoods,3.35
6679,SKU-06679,PersonalCare,Toothpaste,Sunrise,28.66
6680,SKU-06680,Beverage,Soda,NovaFresh,29.29
6681,SKU-06681,PersonalCare,Toothpaste,Sunrise,30.5
6682,SKU-06682,Grocery,Pasta,AlphaFoods,5.26
6683,SKU-06683,Beverage,Water,NovaFresh,15.73
6684,SKU-06684,PersonalCare,Shampoo,Sunrise,27.17
6685,SKU-06685,Frozen,Veg,PureLife,32.41
6686,SKU-06686,PersonalCare,Toothpaste,GreenLine,29.0
6687,SKU-06687,Beverage,Juice,Sunrise,27.62
6688,SKU-06688,Dairy,Yogurt,PureLife,9.04
6689,SKU-06689,Dairy,Milk,UrbanTaste,31.66
6690,SKU-06690,PersonalCare,Toothpaste,UrbanTaste,5.45
6691,SKU-06691,Snacks,Nuts,AlphaFoods,18.7
6692,SKU-06692,PersonalCare,Soap,NovaFresh,8.3
6693,SKU-06693,Snacks,Nuts,NovaFresh,25.04
6694,SKU-06694,Beverage,Juice,Sunrise,37.64
6695,SKU-06695,Snacks,Biscuits,UrbanTaste,13.24
6696,SKU-06696,Beverage,Water,NovaFresh,23.17
6697,SKU-06697,Snacks,Biscuits,NovaFresh,15.77
6698,SKU-06698,Dairy,Yogurt,PureLife,30.83
6699,SKU-06699,Dairy,Cheese,AlphaFoods,11.61
6700,SKU-06700,Grocery,Rice,UrbanTaste,17.33
6701,SKU-06701,Beverage,Juice,UrbanTaste,24.63
6702,SKU-06702,Beverage,Juice,AlphaFoods,3.77
6703,SKU-06703,Beverage,Water,Sunrise,1.79
6704,SKU-06704,Snacks,Chips,UrbanTaste,0.9
6705,SKU-06705,Frozen,Dessert,GreenLine,21.04
6706,SKU-06706,Frozen,Pizza,UrbanTaste,7.44
6707,SKU-06707,PersonalCare,Shampoo,Sunrise,34.35
6708,SKU-06708,Frozen,Veg,GreenLine,30.7
6709,SKU-06709,PersonalCare,Shampoo,AlphaFoods,14.58
6710,SKU-06710,Snacks,Biscuits,Sunrise,27.97
6711,SKU-06711,Beverage,Water,AlphaFoods,21.77
6712,SKU-06712,PersonalCare,Toothpaste,GreenLine,26.99
6713,SKU-06713,Dairy,Yogurt,PureLife,35.85
6714,SKU-06714,Dairy,Cheese,NovaFresh,30.75
6715,SKU-06715,Frozen,Dessert,GreenLine,22.83
6716,SKU-06716,PersonalCare,Shampoo,UrbanTaste,35.42
6717,SKU-06717,Frozen,Pizza,PureLife,30.68
6718,SKU-06718,Frozen,Veg,UrbanTaste,3.87
6719,SKU-06719,Frozen,Dessert,PureLife,38.27
6720,SKU-06720,PersonalCare,Toothpaste,PureLife,29.86
6721,SKU-06721,Grocery,Oil,PureLife,14.43
6722,SKU-06722,Dairy,Yogurt,Sunrise,7.67
6723,SKU-06723,Dairy,Yogurt,NovaFresh,36.06
6724,SKU-06724,Grocery,Rice,PureLife,32.81
6725,SKU-06725,Beverage,Water,GreenLine,21.0
6726,SKU-06726,Frozen,Veg,GreenLine,25.99
6727,SKU-06727,Dairy,Yogurt,PureLife,28.99
6728,SKU-06728,Dairy,Milk,AlphaFoods,34.54
6729,SKU-06729,Beverage,Soda,PureLife,22.37
6730,SKU-06730,Beverage,Water,GreenLine,35.26
6731,SKU-06731,Beverage,Soda,AlphaFoods,35.95
6732,SKU-06732,Snacks,Nuts,GreenLine,19.05
6733,SKU-06733,Beverage,Water,AlphaFoods,23.22
6734,SKU-06734,Beverage,Juice,UrbanTaste,28.78
6735,SKU-06735,Snacks,Nuts,GreenLine,9.67
6736,SKU-06736,Frozen,Pizza,UrbanTaste,27.15
6737,SKU-06737,Dairy,Milk,AlphaFoods,3.72
6738,SKU-06738,Frozen,Veg,UrbanTaste,7.46
6739,SKU-06739,Dairy,Yogurt,NovaFresh,39.06
6740,SKU-06740,Beverage,Water,AlphaFoods,35.79
6741,SKU-06741,Snacks,Biscuits,UrbanTaste,2.45
6742,SKU-06742,Dairy,Milk,AlphaFoods,10.68
6743,SKU-06743,Grocery,Rice,NovaFresh,31.64
6744,SKU-06744,PersonalCare,Shampoo,GreenLine,5.86
6745,SKU-06745,Dairy,Yogurt,Sunrise,7.46
6746,SKU-06746,Frozen,Pizza,Sunrise,24.3
6747,SKU-06747,Frozen,Pizza,Sunrise,27.8
6748,SKU-06748,Beverage,Juice,Sunrise,18.17
6749,SKU-06749,Frozen,Pizza,NovaFresh,23.6
6750,SKU-06750,Grocery,Pasta,Sunrise,14.49
6751,SKU-06751,PersonalCare,Toothpaste,GreenLine,11.6
6752,SKU-06752,PersonalCare,Toothpaste,Sunrise,2.0
6753,SKU-06753,Frozen,Pizza,PureLife,32.89
6754,SKU-06754,PersonalCare,Shampoo,AlphaFoods,11.98
6755,SKU-06755,PersonalCare,Shampoo,UrbanTaste,24.25
6756,SKU-06756,Grocery,Rice,UrbanTaste,11.48
6757,SKU-06757,Frozen,Pizza,AlphaFoods,8.29
6758,SKU-06758,Snacks,Chips,AlphaFoods,0.58
6759,SKU-06759,PersonalCare,Toothpaste,Sunrise,30.88
6760,SKU-06760,Beverage,Water,AlphaFoods,3.08
6761,SKU-06761,Grocery,Oil,NovaFresh,19.45
6762,SKU-06762,Grocery,Pasta,AlphaFoods,6.89
6763,SKU-06763,Dairy,Yogurt,GreenLine,32.57
6764,SKU-06764,Dairy,Yogurt,UrbanTaste,23.43
6765,SKU-06765,Frozen,Pizza,Sunrise,37.86
6766,SKU-06766,Frozen,Dessert,AlphaFoods,37.48
6767,SKU-06767,Beverage,Juice,PureLife,14.87
6768,SKU-06768,Grocery,Oil,GreenLine,14.85
6769,SKU-06769,Frozen,Dessert,GreenLine,13.35
6770,SKU-06770,Frozen,Dessert,PureLife,19.98
6771,SKU-06771,Beverage,Water,UrbanTaste,2.79
6772,SKU-06772,Grocery,Rice,NovaFresh,9.38
6773,SKU-06773,Frozen,Dessert,Sunrise,5.44
6774,SKU-06774,Frozen,Pizza,Sunrise,38.06
6775,SKU-06775,Beverage,Soda,Sunrise,12.13
6776,SKU-06776,PersonalCare,Soap,PureLife,14.94
6777,SKU-06777,PersonalCare,Toothpaste,GreenLine,26.24
6778,SKU-06778,PersonalCare,Soap,AlphaFoods,3.19
6779,SKU-06779,Frozen,Veg,NovaFresh,11.13
6780,SKU-06780,Snacks,Biscuits,UrbanTaste,24.96
6781,SKU-06781,Beverage,Juice,AlphaFoods,11.45
6782,SKU-06782,Dairy,Cheese,Sunrise,28.73
6783,SKU-06783,PersonalCare,Toothpaste,GreenLine,14.12
6784,SKU-06784,Snacks,Chips,Sunrise,23.18
6785,SKU-06785,Frozen,Pizza,NovaFresh,23.85
6786,SKU-06786,PersonalCare,Shampoo,UrbanTaste,36.01
6787,SKU-06787,PersonalCare,Shampoo,GreenLine,9.17
6788,SKU-06788,Frozen,Pizza,NovaFresh,8.16
6789,SKU-06789,PersonalCare,Shampoo,UrbanTaste,30.75
6790,SKU-06790,Frozen,Pizza,NovaFresh,7.89
6791,SKU-06791,Beverage,Soda,PureLife,3.84
6792,SKU-06792,Snacks,Nuts,UrbanTaste,26.53
6793,SKU-06793,PersonalCare,Shampoo,PureLife,27.71
6794,SKU-06794,PersonalCare,Shampoo,PureLife,31.64
6795,SKU-06795,Grocery,Oil,GreenLine,20.09
6796,SKU-06796,Snacks,Chips,PureLife,17.81
6797,SKU-06797,Frozen,Veg,UrbanTaste,16.64
6798,SKU-06798,Snacks,Chips,AlphaFoods,2.05
6799,SKU-06799,Snacks,Chips,GreenLine,28.51
6800,SKU-06800,Frozen,Veg,PureLife,16.18
6801,SKU-06801,PersonalCare,Soap,Sunrise,33.22
6802,SKU-06802,Dairy,Yogurt,GreenLine,15.24
6803,SKU-06803,Grocery,Oil,Sunrise,7.5
6804,SKU-06804,Frozen,Pizza,GreenLine,27.29
6805,SKU-06805,Beverage,Water,Sunrise,33.26
6806,SKU-06806,Snacks,Biscuits,Sunrise,12.09
6807,SKU-06807,Snacks,Biscuits,AlphaFoods,11.32
6808,SKU-06808,Beverage,Soda,UrbanTaste,13.14
6809,SKU-06809,PersonalCare,Shampoo,AlphaFoods,25.62
6810,SKU-06810,Snacks,Chips,PureLife,11.55
6811,SKU-06811,Grocery,Pasta,UrbanTaste,5.13
6812,SKU-06812,Beverage,Soda,AlphaFoods,15.22
6813,SKU-06813,Grocery,Pasta,Sunrise,33.83
6814,SKU-06814,Snacks,Chips,GreenLine,15.95
6815,SKU-06815,Beverage,Juice,Sunrise,26.51
6816,SKU-06816,Frozen,Dessert,GreenLine,7.71
6817,SKU-06817,Dairy,Milk,AlphaFoods,29.69
6818,SKU-06818,Dairy,Milk,Sunrise,4.82
6819,SKU-06819,Frozen,Pizza,AlphaFoods,1.43
6820,SKU-06820,Dairy,Yogurt,NovaFresh,27.84
6821,SKU-06821,Beverage,Soda,Sunrise,17.44
6822,SKU-06822,PersonalCare,Shampoo,Sunrise,2.28
6823,SKU-06823,Snacks,Chips,Sunrise,17.0
6824,SKU-06824,Snacks,Nuts,GreenLine,13.39
6825,SKU-06825,Frozen,Veg,AlphaFoods,39.49
6826,SKU-06826,Beverage,Juice,AlphaFoods,38.66
6827,SKU-06827,Snacks,Biscuits,AlphaFoods,13.98
6828,SKU-06828,Beverage,Soda,GreenLine,18.0
6829,SKU-06829,Snacks,Nuts,NovaFresh,26.89
6830,SKU-06830,Dairy,Cheese,UrbanTaste,10.27
6831,SKU-06831,Beverage,Soda,Sunrise,6.66
6832,SKU-06832,PersonalCare,Toothpaste,NovaFresh,34.61
6833,SKU-06833,Snacks,Biscuits,Sunrise,23.61
6834,SKU-06834,Grocery,Oil,GreenLine,22.77
6835,SKU-06835,Grocery,Pasta,Sunrise,29.15
6836,SKU-06836,Frozen,Pizza,PureLife,9.03
6837,SKU-06837,Beverage,Juice,UrbanTaste,15.18
6838,SKU-06838,Beverage,Soda,Sunrise,38.17
6839,SKU-06839,Snacks,Nuts,GreenLine,12.04
6840,SKU-06840,Frozen,Pizza,UrbanTaste,29.27
6841,SKU-06841,Grocery,Pasta,AlphaFoods,39.31
6842,SKU-06842,Beverage,Soda,PureLife,37.65
6843,SKU-06843,Grocery,Oil,GreenLine,5.8
6844,SKU-06844,PersonalCare,Toothpaste,PureLife,8.06
6845,SKU-06845,Beverage,Soda,UrbanTaste,16.6
6846,SKU-06846,Grocery,Oil,AlphaFoods,27.91
6847,SKU-06847,Grocery,Rice,UrbanTaste,3.69
6848,SKU-06848,Beverage,Water,NovaFresh,29.57
6849,SKU-06849,Grocery,Pasta,PureLife,20.82
6850,SKU-06850,Beverage,Water,PureLife,24.61
6851,SKU-06851,Beverage,Soda,UrbanTaste,25.5
6852,SKU-06852,Frozen,Dessert,NovaFresh,27.44
6853,SKU-06853,Grocery,Oil,UrbanTaste,4.49
6854,SKU-06854,PersonalCare,Toothpaste,GreenLine,34.45
6855,SKU-06855,Snacks,Chips,NovaFresh,3.12
6856,SKU-06856,Frozen,Pizza,Sunrise,36.49
6857,SKU-06857,Snacks,Nuts,PureLife,4.86
6858,SKU-06858,Frozen,Veg,NovaFresh,13.66
6859,SKU-06859,Snacks,Biscuits,Sunrise,4.18
6860,SKU-06860,Frozen,Veg,NovaFresh,25.0
6861,SKU-06861,PersonalCare,Toothpaste,NovaFresh,37.09
6862,SKU-06862,Dairy,Milk,Sunrise,33.88
6863,SKU-06863,Beverage,Juice,Sunrise,33.73
6864,SKU-06864,Grocery,Pasta,GreenLine,25.29
6865,SKU-06865,Dairy,Milk,NovaFresh,39.36
6866,SKU-06866,Dairy,Cheese,NovaFresh,34.34
6867,SKU-06867,Beverage,Soda,AlphaFoods,18.96
6868,SKU-06868,Frozen,Veg,NovaFresh,36.93
6869,SKU-06869,PersonalCare,Soap,AlphaFoods,8.63
6870,SKU-06870,Beverage,Juice,GreenLine,14.7
6871,SKU-06871,Beverage,Soda,AlphaFoods,36.21
6872,SKU-06872,PersonalCare,Toothpaste,UrbanTaste,4.7
6873,SKU-06873,Frozen,Dessert,GreenLine,22.23
6874,SKU-06874,Frozen,Pizza,NovaFresh,26.81
6875,SKU-06875,Snacks,Chips,AlphaFoods,2.55
6876,SKU-06876,Frozen,Veg,Sunrise,37.53
6877,SKU-06877,Dairy,Yogurt,UrbanTaste,38.23
6878,SKU-06878,PersonalCare,Soap,GreenLine,9.1
6879,SKU-06879,Frozen,Dessert,PureLife,26.0
6880,SKU-06880,Snacks,Chips,NovaFresh,2.47
6881,SKU-06881,Snacks,Nuts,Sunrise,23.4
6882,SKU-06882,Grocery,Rice,NovaFresh,32.4
6883,SKU-06883,Grocery,Rice,UrbanTaste,8.34
6884,SKU-06884,Dairy,Cheese,AlphaFoods,36.36
6885,SKU-06885,Snacks,Biscuits,GreenLine,27.84
6886,SKU-06886,Snacks,Chips,Sunrise,34.44
6887,SKU-06887,Grocery,Oil,NovaFresh,15.25
6888,SKU-06888,Snacks,Chips,Sunrise,24.02
6889,SKU-06889,Frozen,Veg,GreenLine,18.02
6890,SKU-06890,Beverage,Soda,UrbanTaste,32.62
6891,SKU-06891,PersonalCare,Toothpaste,NovaFresh,10.07
6892,SKU-06892,Beverage,Juice,GreenLine,38.86
6893,SKU-06893,Grocery,Rice,Sunrise,22.31
6894,SKU-06894,Beverage,Soda,AlphaFoods,37.37
6895,SKU-06895,Snacks,Nuts,Sunrise,10.72
6896,SKU-06896,Dairy,Cheese,PureLife,22.35
6897,SKU-06897,Frozen,Veg,NovaFresh,15.97
6898,SKU-06898,PersonalCare,Toothpaste,GreenLine,18.44
6899,SKU-06899,Grocery,Rice,GreenLine,23.64
6900,SKU-06900,Grocery,Pasta,Sunrise,6.0
6901,SKU-06901,Grocery,Pasta,GreenLine,25.5
6902,SKU-06902,Grocery,Rice,NovaFresh,12.43
6903,SKU-06903,PersonalCare,Shampoo,PureLife,2.67
6904,SKU-06904,Snacks,Chips,PureLife,21.06
6905,SKU-06905,PersonalCare,Soap,NovaFresh,1.82
6906,SKU-06906,Dairy,Milk,Sunrise,1.49
6907,SKU-06907,Snacks,Biscuits,PureLife,25.84
6908,SKU-06908,Snacks,Nuts,AlphaFoods,35.75
6909,SKU-06909,PersonalCare,Soap,UrbanTaste,4.29
6910,SKU-06910,Snacks,Biscuits,Sunrise,19.55
6911,SKU-06911,Grocery,Oil,UrbanTaste,17.81
6912,SKU-06912,Frozen,Dessert,UrbanTaste,17.21
6913,SKU-06913,Snacks,Nuts,Sunrise,33.8
6914,SKU-06914,Frozen,Dessert,Sunrise,39.07
6915,SKU-06915,Beverage,Water,NovaFresh,34.5
6916,SKU-06916,Frozen,Dessert,Sunrise,19.5
6917,SKU-06917,Beverage,Water,UrbanTaste,31.6
6918,SKU-06918,Frozen,Veg,GreenLine,37.91
6919,SKU-06919,Grocery,Pasta,UrbanTaste,19.41
6920,SKU-06920,Frozen,Veg,UrbanTaste,23.4
6921,SKU-06921,Beverage,Juice,UrbanTaste,21.74
6922,SKU-06922,Snacks,Biscuits,UrbanTaste,39.56
6923,SKU-06923,Beverage,Water,GreenLine,36.09
6924,SKU-06924,Dairy,Yogurt,PureLife,6.48
6925,SKU-06925,Beverage,Water,AlphaFoods,25.54
6926,SKU-06926,Snacks,Nuts,GreenLine,31.75
6927,SKU-06927,Grocery,Rice,NovaFresh,2.12
6928,SKU-06928,PersonalCare,Soap,PureLife,22.39
6929,SKU-06929,Grocery,Rice,PureLife,36.59
6930,SKU-06930,Dairy,Milk,GreenLine,26.3
6931,SKU-06931,Snacks,Biscuits,Sunrise,4.2
6932,SKU-06932,Frozen,Pizza,PureLife,27.51
6933,SKU-06933,PersonalCare,Shampoo,GreenLine,24.06
6934,SKU-06934,Grocery,Rice,GreenLine,23.72
6935,SKU-06935,Frozen,Dessert,NovaFresh,33.73
6936,SKU-06936,Beverage,Juice,Sunrise,26.83
6937,SKU-06937,Beverage,Juice,AlphaFoods,9.23
6938,SKU-06938,Frozen,Veg,PureLife,8.7
6939,SKU-06939,Frozen,Dessert,AlphaFoods,12.81
6940,SKU-06940,Grocery,Oil,Sunrise,10.0
6941,SKU-06941,Dairy,Yogurt,AlphaFoods,20.82
6942,SKU-06942,Grocery,Oil,GreenLine,23.22
6943,SKU-06943,PersonalCare,Toothpaste,Sunrise,9.03
6944,SKU-06944,Grocery,Pasta,Sunrise,38.65
6945,SKU-06945,Beverage,Juice,GreenLine,0.68
6946,SKU-06946,Dairy,Yogurt,AlphaFoods,28.98
6947,SKU-06947,Dairy,Cheese,GreenLine,36.99
6948,SKU-06948,Grocery,Oil,Sunrise,1.97
6949,SKU-06949,Grocery,Oil,GreenLine,16.0
6950,SKU-06950,PersonalCare,Soap,Sunrise,20.98
6951,SKU-06951,Frozen,Pizza,PureLife,8.98
6952,SKU-06952,Snacks,Biscuits,UrbanTaste,34.75
6953,SKU-06953,Frozen,Dessert,GreenLine,5.49
6954,SKU-06954,Grocery,Oil,NovaFresh,16.69
6955,SKU-06955,Snacks,Biscuits,AlphaFoods,27.74
6956,SKU-06956,Frozen,Veg,NovaFresh,27.62
6957,SKU-06957,Dairy,Yogurt,Sunrise,34.93
6958,SKU-06958,Grocery,Rice,UrbanTaste,11.61
6959,SKU-06959,PersonalCare,Toothpaste,NovaFresh,4.32
6960,SKU-06960,Snacks,Biscuits,GreenLine,7.6
6961,SKU-06961,PersonalCare,Shampoo,NovaFresh,25.45
6962,SKU-06962,Dairy,Milk,UrbanTaste,29.79
6963,SKU-06963,PersonalCare,Toothpaste,Sunrise,22.52
6964,SKU-06964,Snacks,Nuts,Sunrise,20.15
6965,SKU-06965,Snacks,Biscuits,NovaFresh,32.61
6966,SKU-06966,Beverage,Water,PureLife,12.93
6967,SKU-06967,Frozen,Pizza,AlphaFoods,29.14
6968,SKU-06968,Frozen,Veg,GreenLine,13.21
6969,SKU-06969,Frozen,Dessert,GreenLine,12.71
6970,SKU-06970,Frozen,Pizza,Sunrise,7.4
6971,SKU-06971,Beverage,Juice,UrbanTaste,18.62
6972,SKU-06972,Frozen,Pizza,UrbanTaste,9.83
6973,SKU-06973,Frozen,Pizza,GreenLine,15.51
6974,SKU-06974,Dairy,Milk,UrbanTaste,0.58
6975,SKU-06975,PersonalCare,Shampoo,NovaFresh,31.69
6976,SKU-06976,PersonalCare,Shampoo,UrbanTaste,20.2
6977,SKU-06977,Beverage,Soda,UrbanTaste,25.75
6978,SKU-06978,Dairy,Yogurt,PureLife,36.97
6979,SKU-06979,PersonalCare,Shampoo,PureLife,31.68
6980,SKU-06980,Grocery,Oil,UrbanTaste,8.45
6981,SKU-06981,Beverage,Soda,PureLife,34.33
6982,SKU-06982,Beverage,Juice,AlphaFoods,17.72
6983,SKU-06983,Dairy,Cheese,UrbanTaste,17.51
6984,SKU-06984,Grocery,Pasta,UrbanTaste,18.54
6985,SKU-06985,Snacks,Biscuits,AlphaFoods,17.07
6986,SKU-06986,PersonalCare,Toothpaste,Sunrise,21.32
6987,SKU-06987,Frozen,Veg,NovaFresh,1.15
6988,SKU-06988,Dairy,Yogurt,GreenLine,24.86
6989,SKU-06989,PersonalCare,Soap,UrbanTaste,36.02
6990,SKU-06990,Grocery,Pasta,AlphaFoods,33.46
6991,SKU-06991,Frozen,Dessert,Sunrise,36.17
6992,SKU-06992,Beverage,Soda,Sunrise,23.16
6993,SKU-06993,Snacks,Chips,GreenLine,24.96
6994,SKU-06994,Dairy,Milk,AlphaFoods,16.5
6995,SKU-06995,Frozen,Dessert,Sunrise,27.52
6996,SKU-06996,PersonalCare,Shampoo,UrbanTaste,23.39
6997,SKU-06997,Beverage,Juice,NovaFresh,37.49
6998,SKU-06998,Grocery,Pasta,GreenLine,23.73
6999,SKU-06999,Snacks,Chips,AlphaFoods,25.46
7000,SKU-07000,Dairy,Yogurt,UrbanTaste,4.83
7001,SKU-07001,Beverage,Juice,Sunrise,19.03
7002,SKU-07002,Grocery,Pasta,NovaFresh,29.47
7003,SKU-07003,Beverage,Juice,PureLife,8.66
7004,SKU-07004,PersonalCare,Shampoo,GreenLine,34.08
7005,SKU-07005,Beverage,Juice,NovaFresh,26.14
7006,SKU-07006,Dairy,Milk,GreenLine,19.37
7007,SKU-07007,Beverage,Water,GreenLine,24.23
7008,SKU-07008,Grocery,Pasta,NovaFresh,3.48
7009,SKU-07009,PersonalCare,Shampoo,NovaFresh,22.3
7010,SKU-07010,PersonalCare,Soap,AlphaFoods,27.89
7011,SKU-07011,PersonalCare,Soap,NovaFresh,34.83
7012,SKU-07012,Dairy,Milk,PureLife,6.75
7013,SKU-07013,Dairy,Milk,Sunrise,23.51
7014,SKU-07014,Grocery,Oil,GreenLine,21.93
7015,SKU-07015,Frozen,Dessert,UrbanTaste,16.23
7016,SKU-07016,Snacks,Nuts,UrbanTaste,4.46
7017,SKU-07017,Snacks,Chips,Sunrise,26.38
7018,SKU-07018,Snacks,Chips,NovaFresh,10.89
7019,SKU-07019,Dairy,Cheese,PureLife,26.12
7020,SKU-07020,Snacks,Chips,AlphaFoods,2.81
7021,SKU-07021,Grocery,Pasta,NovaFresh,27.85
7022,SKU-07022,Beverage,Soda,GreenLine,31.9
7023,SKU-07023,Beverage,Water,AlphaFoods,7.38
7024,SKU-07024,Frozen,Dessert,PureLife,31.54
7025,SKU-07025,Grocery,Pasta,NovaFresh,26.03
7026,SKU-07026,Grocery,Pasta,Sunrise,15.18
7027,SKU-07027,Snacks,Nuts,PureLife,23.31
7028,SKU-07028,Beverage,Water,GreenLine,6.64
7029,SKU-07029,Snacks,Nuts,NovaFresh,32.63
7030,SKU-07030,Dairy,Yogurt,GreenLine,28.78
7031,SKU-07031,Grocery,Pasta,Sunrise,24.1
7032,SKU-07032,Beverage,Water,AlphaFoods,7.88
7033,SKU-07033,Frozen,Pizza,PureLife,20.72
7034,SKU-07034,PersonalCare,Shampoo,AlphaFoods,8.74
7035,SKU-07035,Beverage,Water,NovaFresh,14.92
7036,SKU-07036,Beverage,Water,NovaFresh,20.44
7037,SKU-07037,Beverage,Water,Sunrise,20.51
7038,SKU-07038,Grocery,Oil,NovaFresh,9.44
7039,SKU-07039,Dairy,Milk,Sunrise,36.56
7040,SKU-07040,Grocery,Pasta,NovaFresh,31.83
7041,SKU-07041,Dairy,Cheese,NovaFresh,20.61
7042,SKU-07042,Snacks,Chips,PureLife,18.52
7043,SKU-07043,Dairy,Cheese,Sunrise,18.59
7044,SKU-07044,PersonalCare,Soap,UrbanTaste,18.71
7045,SKU-07045,PersonalCare,Toothpaste,PureLife,23.4
7046,SKU-07046,Frozen,Dessert,AlphaFoods,16.92
7047,SKU-07047,PersonalCare,Soap,NovaFresh,16.86
7048,SKU-07048,PersonalCare,Toothpaste,AlphaFoods,10.23
7049,SKU-07049,Frozen,Veg,GreenLine,26.78
7050,SKU-07050,Dairy,Milk,GreenLine,33.27
7051,SKU-07051,Beverage,Juice,UrbanTaste,20.34
7052,SKU-07052,Grocery,Pasta,PureLife,31.81
7053,SKU-07053,Beverage,Juice,GreenLine,37.74
7054,SKU-07054,Dairy,Cheese,PureLife,36.62
7055,SKU-07055,PersonalCare,Toothpaste,AlphaFoods,1.07
7056,SKU-07056,Frozen,Dessert,PureLife,36.85
7057,SKU-07057,Snacks,Chips,AlphaFoods,11.2
7058,SKU-07058,Dairy,Milk,GreenLine,12.66
7059,SKU-07059,Dairy,Milk,AlphaFoods,24.76
7060,SKU-07060,Frozen,Dessert,NovaFresh,24.8
7061,SKU-07061,PersonalCare,Toothpaste,GreenLine,7.91
7062,SKU-07062,Grocery,Rice,PureLife,19.82
7063,SKU-07063,PersonalCare,Toothpaste,GreenLine,15.75
7064,SKU-07064,PersonalCare,Soap,AlphaFoods,21.05
7065,SKU-07065,Frozen,Dessert,GreenLine,34.41
7066,SKU-07066,PersonalCare,Soap,Sunrise,36.64
7067,SKU-07067,Dairy,Cheese,Sunrise,12.6
7068,SKU-07068,Frozen,Dessert,PureLife,22.25
7069,SKU-07069,PersonalCare,Soap,NovaFresh,2.2
7070,SKU-07070,Grocery,Rice,UrbanTaste,34.41
7071,SKU-07071,Grocery,Oil,PureLife,23.68
7072,SKU-07072,Snacks,Nuts,UrbanTaste,30.96
7073,SKU-07073,Beverage,Soda,Sunrise,23.87
7074,SKU-07074,Frozen,Veg,Sunrise,1.88
7075,SKU-07075,Snacks,Biscuits,PureLife,33.62
7076,SKU-07076,PersonalCare,Soap,NovaFresh,26.79
7077,SKU-07077,PersonalCare,Shampoo,PureLife,9.06
7078,SKU-07078,Dairy,Milk,AlphaFoods,19.29
7079,SKU-07079,PersonalCare,Shampoo,AlphaFoods,25.77
7080,SKU-07080,Snacks,Chips,UrbanTaste,3.71
7081,SKU-07081,Frozen,Pizza,GreenLine,20.64
7082,SKU-07082,Beverage,Soda,UrbanTaste,16.43
7083,SKU-07083,Dairy,Yogurt,GreenLine,25.61
7084,SKU-07084,Grocery,Rice,Sunrise,11.28
7085,SKU-07085,Frozen,Dessert,GreenLine,18.04
7086,SKU-07086,Frozen,Pizza,AlphaFoods,35.6
7087,SKU-07087,Snacks,Biscuits,NovaFresh,1.39
7088,SKU-07088,PersonalCare,Toothpaste,Sunrise,5.75
7089,SKU-07089,Frozen,Veg,GreenLine,20.34
7090,SKU-07090,Dairy,Cheese,AlphaFoods,38.29
7091,SKU-07091,Beverage,Soda,AlphaFoods,1.09
7092,SKU-07092,Frozen,Veg,AlphaFoods,20.86
7093,SKU-07093,PersonalCare,Shampoo,PureLife,20.22
7094,SKU-07094,Dairy,Cheese,PureLife,3.47
7095,SKU-07095,Frozen,Dessert,PureLife,20.16
7096,SKU-07096,Beverage,Water,PureLife,8.9
7097,SKU-07097,Frozen,Veg,NovaFresh,34.77
7098,SKU-07098,Frozen,Dessert,PureLife,23.97
7099,SKU-07099,Frozen,Veg,AlphaFoods,30.34
7100,SKU-07100,PersonalCare,Toothpaste,NovaFresh,32.8
7101,SKU-07101,Frozen,Pizza,Sunrise,19.54
7102,SKU-07102,PersonalCare,Soap,PureLife,21.63
7103,SKU-07103,Beverage,Juice,NovaFresh,14.52
7104,SKU-07104,Grocery,Pasta,AlphaFoods,22.56
7105,SKU-07105,Dairy,Cheese,Sunrise,30.18
7106,SKU-07106,Dairy,Cheese,GreenLine,33.43
7107,SKU-07107,PersonalCare,Soap,GreenLine,8.51
7108,SKU-07108,Snacks,Nuts,AlphaFoods,9.03
7109,SKU-07109,PersonalCare,Shampoo,UrbanTaste,23.75
7110,SKU-07110,Grocery,Rice,GreenLine,7.63
7111,SKU-07111,Dairy,Milk,GreenLine,12.81
7112,SKU-07112,Dairy,Yogurt,PureLife,4.17
7113,SKU-07113,PersonalCare,Toothpaste,NovaFresh,2.39
7114,SKU-07114,Snacks,Chips,NovaFresh,25.05
7115,SKU-07115,PersonalCare,Toothpaste,NovaFresh,34.93
7116,SKU-07116,Frozen,Veg,GreenLine,31.15
7117,SKU-07117,Frozen,Pizza,GreenLine,39.55
7118,SKU-07118,PersonalCare,Toothpaste,PureLife,25.7
7119,SKU-07119,Grocery,Rice,GreenLine,37.24
7120,SKU-07120,Grocery,Rice,GreenLine,32.95
7121,SKU-07121,Dairy,Milk,UrbanTaste,23.54
7122,SKU-07122,PersonalCare,Shampoo,Sunrise,24.5
7123,SKU-07123,Frozen,Dessert,GreenLine,37.74
7124,SKU-07124,Dairy,Milk,AlphaFoods,5.57
7125,SKU-07125,Beverage,Water,Sunrise,0.63
7126,SKU-07126,Dairy,Milk,PureLife,14.98
7127,SKU-07127,Dairy,Yogurt,AlphaFoods,25.42
7128,SKU-07128,Beverage,Juice,UrbanTaste,3.17
7129,SKU-07129,Grocery,Oil,AlphaFoods,38.56
7130,SKU-07130,Beverage,Soda,GreenLine,20.49
7131,SKU-07131,Beverage,Soda,AlphaFoods,16.89
7132,SKU-07132,Snacks,Nuts,PureLife,7.85
7133,SKU-07133,Snacks,Nuts,NovaFresh,4.03
7134,SKU-07134,Beverage,Juice,UrbanTaste,6.96
7135,SKU-07135,PersonalCare,Shampoo,Sunrise,39.6
7136,SKU-07136,Snacks,Biscuits,NovaFresh,32.56
7137,SKU-07137,Snacks,Chips,AlphaFoods,25.41
7138,SKU-07138,Snacks,Biscuits,Sunrise,8.99
7139,SKU-07139,Frozen,Pizza,UrbanTaste,15.39
7140,SKU-07140,PersonalCare,Soap,UrbanTaste,25.06
7141,SKU-07141,Grocery,Oil,UrbanTaste,37.55
7142,SKU-07142,Grocery,Oil,GreenLine,20.31
7143,SKU-07143,PersonalCare,Shampoo,NovaFresh,24.89
7144,SKU-07144,Beverage,Water,GreenLine,27.93
7145,SKU-07145,Grocery,Pasta,NovaFresh,3.84
7146,SKU-07146,PersonalCare,Soap,AlphaFoods,19.67
7147,SKU-07147,Dairy,Yogurt,UrbanTaste,25.65
7148,SKU-07148,PersonalCare,Shampoo,GreenLine,37.42
7149,SKU-07149,Snacks,Biscuits,PureLife,17.03
7150,SKU-07150,Dairy,Milk,GreenLine,21.68
7151,SKU-07151,Frozen,Pizza,GreenLine,2.7
7152,SKU-07152,Snacks,Chips,AlphaFoods,19.05
7153,SKU-07153,Frozen,Pizza,NovaFresh,12.08
7154,SKU-07154,Beverage,Juice,NovaFresh,12.29
7155,SKU-07155,Beverage,Juice,UrbanTaste,31.04
7156,SKU-07156,Snacks,Nuts,NovaFresh,13.21
7157,SKU-07157,Beverage,Soda,AlphaFoods,8.88
7158,SKU-07158,Beverage,Water,PureLife,21.15
7159,SKU-07159,Frozen,Dessert,NovaFresh,37.7
7160,SKU-07160,Dairy,Cheese,Sunrise,23.02
7161,SKU-07161,Dairy,Yogurt,Sunrise,14.99
7162,SKU-07162,PersonalCare,Toothpaste,GreenLine,36.38
7163,SKU-07163,Beverage,Water,PureLife,38.68
7164,SKU-07164,Beverage,Water,NovaFresh,37.35
7165,SKU-07165,Snacks,Chips,UrbanTaste,24.15
7166,SKU-07166,Beverage,Soda,PureLife,38.66
7167,SKU-07167,Frozen,Pizza,PureLife,10.66
7168,SKU-07168,PersonalCare,Toothpaste,GreenLine,25.56
7169,SKU-07169,Snacks,Biscuits,AlphaFoods,5.08
7170,SKU-07170,Dairy,Milk,Sunrise,15.91
7171,SKU-07171,Dairy,Milk,GreenLine,27.15
7172,SKU-07172,Dairy,Cheese,AlphaFoods,28.84
7173,SKU-07173,Grocery,Pasta,NovaFresh,11.47
7174,SKU-07174,PersonalCare,Shampoo,Sunrise,12.38
7175,SKU-07175,Frozen,Dessert,Sunrise,10.05
7176,SKU-07176,PersonalCare,Shampoo,GreenLine,33.69
7177,SKU-07177,Beverage,Soda,Sunrise,14.7
7178,SKU-07178,Beverage,Water,AlphaFoods,37.9
7179,SKU-07179,Grocery,Rice,AlphaFoods,3.78
7180,SKU-07180,Snacks,Nuts,AlphaFoods,30.67
7181,SKU-07181,Beverage,Water,PureLife,8.06
7182,SKU-07182,Snacks,Chips,GreenLine,6.61
7183,SKU-07183,Frozen,Pizza,NovaFresh,38.17
7184,SKU-07184,Snacks,Nuts,NovaFresh,22.68
7185,SKU-07185,Dairy,Milk,Sunrise,26.64
7186,SKU-07186,Snacks,Chips,UrbanTaste,27.66
7187,SKU-07187,Frozen,Veg,Sunrise,17.31
7188,SKU-07188,Frozen,Dessert,Sunrise,4.86
7189,SKU-07189,Grocery,Rice,PureLife,5.42
7190,SKU-07190,Grocery,Rice,NovaFresh,29.39
7191,SKU-07191,PersonalCare,Soap,GreenLine,2.71
7192,SKU-07192,Snacks,Chips,GreenLine,26.1
7193,SKU-07193,Snacks,Biscuits,UrbanTaste,36.57
7194,SKU-07194,PersonalCare,Shampoo,Sunrise,39.48
7195,SKU-07195,Grocery,Rice,Sunrise,10.37
7196,SKU-07196,Beverage,Water,GreenLine,28.32
7197,SKU-07197,Snacks,Biscuits,PureLife,24.29
7198,SKU-07198,Frozen,Dessert,AlphaFoods,20.87
7199,SKU-07199,Frozen,Pizza,GreenLine,23.62
7200,SKU-07200,Frozen,Dessert,Sunrise,39.29
7201,SKU-07201,Beverage,Soda,GreenLine,11.56
7202,SKU-07202,Grocery,Oil,NovaFresh,36.94
7203,SKU-07203,Grocery,Pasta,NovaFresh,27.47
7204,SKU-07204,Grocery,Rice,AlphaFoods,18.91
7205,SKU-07205,Snacks,Chips,NovaFresh,23.62
7206,SKU-07206,Dairy,Yogurt,PureLife,3.08
7207,SKU-07207,Grocery,Rice,NovaFresh,22.72
7208,SKU-07208,PersonalCare,Toothpaste,NovaFresh,1.69
7209,SKU-07209,Grocery,Oil,Sunrise,17.5
7210,SKU-07210,PersonalCare,Toothpaste,AlphaFoods,6.03
7211,SKU-07211,Snacks,Chips,UrbanTaste,6.15
7212,SKU-07212,Beverage,Water,UrbanTaste,4.79
7213,SKU-07213,Frozen,Dessert,UrbanTaste,26.41
7214,SKU-07214,Grocery,Pasta,PureLife,9.45
7215,SKU-07215,Grocery,Pasta,NovaFresh,1.0
7216,SKU-07216,Dairy,Cheese,Sunrise,24.85
7217,SKU-07217,Dairy,Milk,PureLife,30.9
7218,SKU-07218,Grocery,Pasta,NovaFresh,26.19
7219,SKU-07219,Grocery,Rice,PureLife,21.68
7220,SKU-07220,PersonalCare,Soap,NovaFresh,32.87
7221,SKU-07221,PersonalCare,Shampoo,NovaFresh,14.31
7222,SKU-07222,Snacks,Chips,UrbanTaste,33.97
7223,SKU-07223,Snacks,Biscuits,UrbanTaste,34.99
7224,SKU-07224,PersonalCare,Shampoo,PureLife,31.6
7225,SKU-07225,Beverage,Water,UrbanTaste,30.78
7226,SKU-07226,PersonalCare,Toothpaste,NovaFresh,4.22
7227,SKU-07227,Snacks,Nuts,GreenLine,13.02
7228,SKU-07228,Dairy,Milk,AlphaFoods,7.08
7229,SKU-07229,Grocery,Rice,PureLife,27.69
7230,SKU-07230,PersonalCare,Soap,AlphaFoods,12.16
7231,SKU-07231,PersonalCare,Soap,UrbanTaste,14.58
7232,SKU-07232,Grocery,Rice,NovaFresh,14.95
7233,SKU-07233,Grocery,Oil,AlphaFoods,27.13
7234,SKU-07234,Frozen,Dessert,GreenLine,12.98
7235,SKU-07235,PersonalCare,Shampoo,AlphaFoods,1.36
7236,SKU-07236,Dairy,Milk,UrbanTaste,26.89
7237,SKU-07237,PersonalCare,Toothpaste,NovaFresh,35.88
7238,SKU-07238,Frozen,Veg,PureLife,8.13
7239,SKU-07239,Frozen,Pizza,GreenLine,9.91
7240,SKU-07240,Beverage,Soda,UrbanTaste,18.79
7241,SKU-07241,Dairy,Milk,UrbanTaste,22.71
7242,SKU-07242,Frozen,Pizza,Sunrise,8.79
7243,SKU-07243,Grocery,Rice,PureLife,7.79
7244,SKU-07244,Beverage,Juice,PureLife,1.32
7245,SKU-07245,Snacks,Chips,NovaFresh,33.9
7246,SKU-07246,PersonalCare,Toothpaste,GreenLine,11.07
7247,SKU-07247,Beverage,Water,Sunrise,29.68
7248,SKU-07248,Frozen,Dessert,Sunrise,22.43
7249,SKU-07249,PersonalCare,Soap,GreenLine,35.24
7250,SKU-07250,Grocery,Rice,NovaFresh,7.4
7251,SKU-07251,PersonalCare,Soap,NovaFresh,18.91
7252,SKU-07252,Grocery,Oil,Sunrise,18.26
7253,SKU-07253,Grocery,Oil,Sunrise,19.83
7254,SKU-07254,Beverage,Soda,UrbanTaste,22.18
7255,SKU-07255,Beverage,Water,AlphaFoods,9.83
7256,SKU-07256,Beverage,Water,UrbanTaste,4.37
7257,SKU-07257,Dairy,Milk,NovaFresh,28.29
7258,SKU-07258,PersonalCare,Soap,AlphaFoods,5.27
7259,SKU-07259,Beverage,Juice,GreenLine,36.27
7260,SKU-07260,PersonalCare,Shampoo,Sunrise,28.17
7261,SKU-07261,PersonalCare,Shampoo,NovaFresh,13.75
7262,SKU-07262,Grocery,Oil,Sunrise,37.69
7263,SKU-07263,Grocery,Pasta,Sunrise,31.24
7264,SKU-07264,Beverage,Water,UrbanTaste,0.55
7265,SKU-07265,Frozen,Dessert,Sunrise,36.29
7266,SKU-07266,Grocery,Oil,PureLife,26.13
7267,SKU-07267,PersonalCare,Shampoo,NovaFresh,8.65
7268,SKU-07268,Beverage,Water,PureLife,10.95
7269,SKU-07269,Snacks,Nuts,UrbanTaste,37.07
7270,SKU-07270,PersonalCare,Toothpaste,AlphaFoods,19.03
7271,SKU-07271,PersonalCare,Soap,GreenLine,12.39
7272,SKU-07272,Beverage,Soda,PureLife,31.39
7273,SKU-07273,Snacks,Nuts,GreenLine,5.23
7274,SKU-07274,Frozen,Veg,Sunrise,18.59
7275,SKU-07275,PersonalCare,Shampoo,AlphaFoods,15.98
7276,SKU-07276,Snacks,Nuts,GreenLine,23.19
7277,SKU-07277,Dairy,Cheese,UrbanTaste,14.94
7278,SKU-07278,Grocery,Rice,NovaFresh,34.61
7279,SKU-07279,Grocery,Pasta,NovaFresh,13.61
7280,SKU-07280,Grocery,Oil,UrbanTaste,3.28
7281,SKU-07281,Snacks,Nuts,UrbanTaste,10.6
7282,SKU-07282,Frozen,Veg,UrbanTaste,5.04
7283,SKU-07283,Beverage,Soda,Sunrise,21.37
7284,SKU-07284,Grocery,Oil,NovaFresh,34.21
7285,SKU-07285,Grocery,Oil,UrbanTaste,24.88
7286,SKU-07286,Grocery,Oil,PureLife,38.06
7287,SKU-07287,Dairy,Milk,Sunrise,11.26
7288,SKU-07288,Frozen,Veg,PureLife,4.45
7289,SKU-07289,Dairy,Yogurt,AlphaFoods,11.06
7290,SKU-07290,Snacks,Biscuits,PureLife,39.13
7291,SKU-07291,PersonalCare,Soap,AlphaFoods,12.22
7292,SKU-07292,Snacks,Nuts,AlphaFoods,11.84
7293,SKU-07293,PersonalCare,Soap,PureLife,14.05
7294,SKU-07294,Frozen,Pizza,Sunrise,11.67
7295,SKU-07295,Frozen,Pizza,AlphaFoods,35.35
7296,SKU-07296,Beverage,Juice,UrbanTaste,28.1
7297,SKU-07297,Dairy,Yogurt,AlphaFoods,34.89
7298,SKU-07298,Grocery,Oil,PureLife,33.56
7299,SKU-07299,Dairy,Yogurt,Sunrise,25.71
7300,SKU-07300,PersonalCare,Toothpaste,AlphaFoods,17.91
7301,SKU-07301,PersonalCare,Soap,Sunrise,18.88
7302,SKU-07302,Snacks,Nuts,PureLife,16.47
7303,SKU-07303,Beverage,Soda,GreenLine,2.98
7304,SKU-07304,Snacks,Chips,AlphaFoods,24.1
7305,SKU-07305,Beverage,Water,AlphaFoods,4.18
7306,SKU-07306,Frozen,Dessert,NovaFresh,33.02
7307,SKU-07307,PersonalCare,Toothpaste,UrbanTaste,2.71
7308,SKU-07308,Dairy,Yogurt,NovaFresh,11.88
7309,SKU-07309,PersonalCare,Toothpaste,AlphaFoods,9.43
7310,SKU-07310,Snacks,Biscuits,Sunrise,14.49
7311,SKU-07311,Grocery,Pasta,GreenLine,32.26
7312,SKU-07312,PersonalCare,Shampoo,Sunrise,28.24
7313,SKU-07313,Grocery,Pasta,Sunrise,24.46
7314,SKU-07314,Beverage,Soda,AlphaFoods,31.48
7315,SKU-07315,Beverage,Soda,AlphaFoods,13.58
7316,SKU-07316,PersonalCare,Toothpaste,AlphaFoods,31.23
7317,SKU-07317,Grocery,Rice,AlphaFoods,11.77
7318,SKU-07318,Grocery,Pasta,UrbanTaste,7.06
7319,SKU-07319,Dairy,Cheese,Sunrise,11.46
7320,SKU-07320,PersonalCare,Shampoo,GreenLine,4.91
7321,SKU-07321,Grocery,Rice,Sunrise,30.84
7322,SKU-07322,Snacks,Nuts,PureLife,33.58
7323,SKU-07323,Snacks,Nuts,Sunrise,17.47
7324,SKU-07324,Dairy,Yogurt,NovaFresh,4.7
7325,SKU-07325,Grocery,Rice,PureLife,27.77
7326,SKU-07326,Grocery,Rice,AlphaFoods,15.14
7327,SKU-07327,Beverage,Juice,Sunrise,31.16
7328,SKU-07328,PersonalCare,Toothpaste,GreenLine,28.16
7329,SKU-07329,Grocery,Oil,UrbanTaste,19.02
7330,SKU-07330,Grocery,Pasta,GreenLine,4.65
7331,SKU-07331,Grocery,Oil,NovaFresh,24.56
7332,SKU-07332,Beverage,Soda,NovaFresh,12.77
7333,SKU-07333,Beverage,Soda,GreenLine,20.62
7334,SKU-07334,Frozen,Dessert,PureLife,20.23
7335,SKU-07335,Beverage,Juice,UrbanTaste,5.98
7336,SKU-07336,PersonalCare,Toothpaste,NovaFresh,29.62
7337,SKU-07337,PersonalCare,Toothpaste,UrbanTaste,33.25
7338,SKU-07338,Frozen,Veg,UrbanTaste,15.31
7339,SKU-07339,Snacks,Biscuits,UrbanTaste,4.21
7340,SKU-07340,Snacks,Chips,NovaFresh,17.28
7341,SKU-07341,PersonalCare,Shampoo,GreenLine,36.5
7342,SKU-07342,Snacks,Nuts,PureLife,36.83
7343,SKU-07343,Snacks,Biscuits,Sunrise,30.0
7344,SKU-07344,Dairy,Cheese,Sunrise,3.91
7345,SKU-07345,Frozen,Veg,PureLife,19.54
7346,SKU-07346,Snacks,Nuts,NovaFresh,4.33
7347,SKU-07347,PersonalCare,Soap,AlphaFoods,20.16
7348,SKU-07348,PersonalCare,Shampoo,Sunrise,38.29
7349,SKU-07349,Grocery,Rice,PureLife,11.33
7350,SKU-07350,Dairy,Yogurt,NovaFresh,38.48
7351,SKU-07351,PersonalCare,Soap,PureLife,28.25
7352,SKU-07352,PersonalCare,Shampoo,UrbanTaste,29.33
7353,SKU-07353,Grocery,Pasta,AlphaFoods,25.92
7354,SKU-07354,Dairy,Cheese,AlphaFoods,34.77
7355,SKU-07355,Beverage,Water,AlphaFoods,36.2
7356,SKU-07356,Snacks,Biscuits,NovaFresh,27.36
7357,SKU-07357,Dairy,Milk,AlphaFoods,38.75
7358,SKU-07358,PersonalCare,Toothpaste,AlphaFoods,4.03
7359,SKU-07359,Frozen,Dessert,NovaFresh,15.88
7360,SKU-07360,Dairy,Milk,NovaFresh,31.5
7361,SKU-07361,Beverage,Soda,GreenLine,16.27
7362,SKU-07362,Frozen,Veg,NovaFresh,24.19
7363,SKU-07363,Grocery,Oil,PureLife,8.92
7364,SKU-07364,Dairy,Milk,GreenLine,14.34
7365,SKU-07365,PersonalCare,Shampoo,GreenLine,36.01
7366,SKU-07366,Beverage,Water,Sunrise,23.84
7367,SKU-07367,Frozen,Pizza,NovaFresh,7.89
7368,SKU-07368,PersonalCare,Shampoo,GreenLine,3.42
7369,SKU-07369,Grocery,Rice,UrbanTaste,21.18
7370,SKU-07370,PersonalCare,Shampoo,NovaFresh,15.21
7371,SKU-07371,Dairy,Milk,AlphaFoods,33.86
7372,SKU-07372,Dairy,Yogurt,PureLife,30.74
7373,SKU-07373,Dairy,Cheese,AlphaFoods,38.88
7374,SKU-07374,Frozen,Dessert,GreenLine,3.62
7375,SKU-07375,Dairy,Milk,Sunrise,3.42
7376,SKU-07376,Dairy,Milk,Sunrise,13.21
7377,SKU-07377,Dairy,Yogurt,Sunrise,23.35
7378,SKU-07378,PersonalCare,Soap,AlphaFoods,13.72
7379,SKU-07379,PersonalCare,Shampoo,PureLife,2.42
7380,SKU-07380,Grocery,Pasta,GreenLine,39.73
7381,SKU-07381,Dairy,Cheese,PureLife,5.84
7382,SKU-07382,Grocery,Oil,AlphaFoods,31.8
7383,SKU-07383,PersonalCare,Shampoo,PureLife,32.79
7384,SKU-07384,PersonalCare,Shampoo,AlphaFoods,15.57
7385,SKU-07385,Dairy,Yogurt,AlphaFoods,14.02
7386,SKU-07386,Beverage,Juice,UrbanTaste,6.27
7387,SKU-07387,PersonalCare,Soap,PureLife,19.02
7388,SKU-07388,Beverage,Water,UrbanTaste,34.17
7389,SKU-07389,Frozen,Dessert,NovaFresh,24.96
7390,SKU-07390,Snacks,Biscuits,Sunrise,25.98
7391,SKU-07391,Dairy,Yogurt,UrbanTaste,24.68
7392,SKU-07392,Dairy,Milk,Sunrise,20.6
7393,SKU-07393,Grocery,Rice,PureLife,12.44
7394,SKU-07394,PersonalCare,Shampoo,NovaFresh,25.53
7395,SKU-07395,Beverage,Soda,Sunrise,26.05
7396,SKU-07396,Beverage,Water,Sunrise,3.33
7397,SKU-07397,Frozen,Dessert,AlphaFoods,11.38
7398,SKU-07398,PersonalCare,Toothpaste,NovaFresh,34.55
7399,SKU-07399,Grocery,Rice,AlphaFoods,34.32
7400,SKU-07400,Frozen,Veg,UrbanTaste,34.39
7401,SKU-07401,Snacks,Nuts,Sunrise,11.59
7402,SKU-07402,PersonalCare,Soap,AlphaFoods,3.5
7403,SKU-07403,PersonalCare,Soap,AlphaFoods,19.63
7404,SKU-07404,Grocery,Rice,UrbanTaste,14.03
7405,SKU-07405,Dairy,Cheese,UrbanTaste,32.92
7406,SKU-07406,Frozen,Dessert,Sunrise,28.84
7407,SKU-07407,Snacks,Chips,PureLife,9.26
7408,SKU-07408,Dairy,Milk,GreenLine,12.91
7409,SKU-07409,Grocery,Rice,PureLife,28.31
7410,SKU-07410,Frozen,Dessert,UrbanTaste,16.76
7411,SKU-07411,Snacks,Chips,AlphaFoods,37.93
7412,SKU-07412,Grocery,Pasta,GreenLine,15.26
7413,SKU-07413,PersonalCare,Shampoo,AlphaFoods,27.97
7414,SKU-07414,Grocery,Pasta,NovaFresh,38.34
7415,SKU-07415,Frozen,Pizza,GreenLine,36.88
7416,SKU-07416,Beverage,Water,AlphaFoods,19.73
7417,SKU-07417,Beverage,Water,NovaFresh,38.52
7418,SKU-07418,Beverage,Soda,UrbanTaste,10.92
7419,SKU-07419,Beverage,Water,Sunrise,9.36
7420,SKU-07420,Frozen,Veg,NovaFresh,39.53
7421,SKU-07421,Frozen,Pizza,UrbanTaste,30.99
7422,SKU-07422,Snacks,Chips,UrbanTaste,24.94
7423,SKU-07423,PersonalCare,Toothpaste,GreenLine,30.9
7424,SKU-07424,Dairy,Milk,Sunrise,13.43
7425,SKU-07425,Dairy,Yogurt,PureLife,37.02
7426,SKU-07426,Snacks,Nuts,UrbanTaste,20.56
7427,SKU-07427,Snacks,Nuts,NovaFresh,15.59
7428,SKU-07428,PersonalCare,Shampoo,AlphaFoods,18.44
7429,SKU-07429,Frozen,Veg,PureLife,18.53
7430,SKU-07430,Frozen,Veg,GreenLine,26.56
7431,SKU-07431,Beverage,Water,PureLife,11.68
7432,SKU-07432,Grocery,Rice,UrbanTaste,24.38
7433,SKU-07433,Snacks,Nuts,PureLife,11.33
7434,SKU-07434,Snacks,Biscuits,GreenLine,23.99
7435,SKU-07435,Snacks,Chips,PureLife,4.09
7436,SKU-07436,Beverage,Water,GreenLine,1.53
7437,SKU-07437,Snacks,Biscuits,GreenLine,4.62
7438,SKU-07438,Grocery,Pasta,NovaFresh,35.24
7439,SKU-07439,Grocery,Rice,PureLife,27.23
7440,SKU-07440,Dairy,Cheese,Sunrise,29.77
7441,SKU-07441,Grocery,Pasta,PureLife,5.92
7442,SKU-07442,Frozen,Veg,Sunrise,6.94
7443,SKU-07443,Beverage,Water,PureLife,9.18
7444,SKU-07444,Snacks,Biscuits,UrbanTaste,14.11
7445,SKU-07445,PersonalCare,Shampoo,GreenLine,23.9
7446,SKU-07446,PersonalCare,Toothpaste,NovaFresh,20.62
7447,SKU-07447,Snacks,Nuts,NovaFresh,8.83
7448,SKU-07448,Dairy,Yogurt,AlphaFoods,35.81
7449,SKU-07449,PersonalCare,Toothpaste,Sunrise,39.65
7450,SKU-07450,PersonalCare,Soap,UrbanTaste,29.06
7451,SKU-07451,PersonalCare,Soap,AlphaFoods,17.74
7452,SKU-07452,Dairy,Yogurt,Sunrise,39.79
7453,SKU-07453,PersonalCare,Shampoo,AlphaFoods,27.67
7454,SKU-07454,Beverage,Soda,NovaFresh,19.88
7455,SKU-07455,Grocery,Rice,AlphaFoods,24.05
7456,SKU-07456,Dairy,Yogurt,Sunrise,6.92
7457,SKU-07457,Snacks,Nuts,AlphaFoods,6.38
7458,SKU-07458,PersonalCare,Shampoo,Sunrise,8.08
7459,SKU-07459,Dairy,Milk,Sunrise,1.17
7460,SKU-07460,Dairy,Milk,GreenLine,38.66
7461,SKU-07461,PersonalCare,Shampoo,Sunrise,30.68
7462,SKU-07462,Grocery,Oil,AlphaFoods,39.66
7463,SKU-07463,Frozen,Pizza,NovaFresh,8.03
7464,SKU-07464,Dairy,Yogurt,UrbanTaste,0.55
7465,SKU-07465,Frozen,Pizza,UrbanTaste,28.45
7466,SKU-07466,Grocery,Rice,PureLife,9.06
7467,SKU-07467,Beverage,Soda,GreenLine,29.83
7468,SKU-07468,PersonalCare,Soap,UrbanTaste,9.89
7469,SKU-07469,PersonalCare,Shampoo,UrbanTaste,17.38
7470,SKU-07470,Beverage,Juice,PureLife,20.98
7471,SKU-07471,Grocery,Rice,AlphaFoods,13.45
7472,SKU-07472,Dairy,Milk,PureLife,37.69
7473,SKU-07473,Grocery,Rice,GreenLine,12.68
7474,SKU-07474,Snacks,Chips,Sunrise,29.83
7475,SKU-07475,Dairy,Yogurt,AlphaFoods,18.26
7476,SKU-07476,Frozen,Veg,Sunrise,25.33
7477,SKU-07477,PersonalCare,Soap,PureLife,19.17
7478,SKU-07478,Grocery,Pasta,NovaFresh,27.96
7479,SKU-07479,Snacks,Chips,NovaFresh,22.68
7480,SKU-07480,Beverage,Water,UrbanTaste,20.54
7481,SKU-07481,PersonalCare,Shampoo,AlphaFoods,2.11
7482,SKU-07482,Snacks,Chips,GreenLine,11.39
7483,SKU-07483,Grocery,Pasta,PureLife,22.61
7484,SKU-07484,Snacks,Biscuits,Sunrise,8.04
7485,SKU-07485,Grocery,Pasta,UrbanTaste,36.82
7486,SKU-07486,PersonalCare,Toothpaste,UrbanTaste,32.95
7487,SKU-07487,Snacks,Nuts,PureLife,23.7
7488,SKU-07488,Grocery,Rice,Sunrise,17.4
7489,SKU-07489,Snacks,Biscuits,PureLife,23.16
7490,SKU-07490,PersonalCare,Soap,PureLife,10.78
7491,SKU-07491,Dairy,Milk,GreenLine,4.85
7492,SKU-07492,Grocery,Oil,AlphaFoods,1.99
7493,SKU-07493,Beverage,Soda,PureLife,16.23
7494,SKU-07494,PersonalCare,Toothpaste,UrbanTaste,7.56
7495,SKU-07495,Beverage,Juice,Sunrise,5.57
7496,SKU-07496,Dairy,Yogurt,UrbanTaste,29.84
7497,SKU-07497,Snacks,Biscuits,PureLife,1.8
7498,SKU-07498,PersonalCare,Toothpaste,PureLife,28.41
7499,SKU-07499,PersonalCare,Shampoo,AlphaFoods,26.19
7500,SKU-07500,Grocery,Pasta,PureLife,36.72
7501,SKU-07501,Beverage,Soda,NovaFresh,12.87
7502,SKU-07502,Grocery,Pasta,NovaFresh,10.44
7503,SKU-07503,Beverage,Juice,NovaFresh,16.32
7504,SKU-07504,Grocery,Rice,AlphaFoods,24.4
7505,SKU-07505,Snacks,Biscuits,NovaFresh,39.48
7506,SKU-07506,Grocery,Rice,GreenLine,8.2
7507,SKU-07507,Beverage,Water,Sunrise,17.56
7508,SKU-07508,Snacks,Biscuits,AlphaFoods,9.96
7509,SKU-07509,Grocery,Oil,Sunrise,35.62
7510,SKU-07510,Frozen,Dessert,PureLife,15.79
7511,SKU-07511,Snacks,Chips,AlphaFoods,10.43
7512,SKU-07512,Beverage,Water,UrbanTaste,31.41
7513,SKU-07513,Frozen,Veg,GreenLine,16.99
7514,SKU-07514,PersonalCare,Toothpaste,UrbanTaste,31.82
7515,SKU-07515,Grocery,Oil,NovaFresh,0.8
7516,SKU-07516,Grocery,Pasta,AlphaFoods,22.0
7517,SKU-07517,Beverage,Water,AlphaFoods,11.85
7518,SKU-07518,Snacks,Nuts,NovaFresh,39.18
7519,SKU-07519,Frozen,Veg,Sunrise,28.0
7520,SKU-07520,Beverage,Soda,Sunrise,18.33
7521,SKU-07521,Frozen,Veg,UrbanTaste,11.11
7522,SKU-07522,PersonalCare,Soap,PureLife,7.94
7523,SKU-07523,Dairy,Cheese,NovaFresh,2.69
7524,SKU-07524,Dairy,Cheese,UrbanTaste,9.98
7525,SKU-07525,Frozen,Veg,UrbanTaste,13.07
7526,SKU-07526,Snacks,Chips,NovaFresh,13.25
7527,SKU-07527,Beverage,Juice,AlphaFoods,34.72
7528,SKU-07528,PersonalCare,Soap,UrbanTaste,30.22
7529,SKU-07529,Snacks,Chips,UrbanTaste,37.53
7530,SKU-07530,Grocery,Rice,NovaFresh,30.49
7531,SKU-07531,Frozen,Veg,UrbanTaste,30.44
7532,SKU-07532,Snacks,Biscuits,AlphaFoods,7.5
7533,SKU-07533,Frozen,Veg,GreenLine,21.52
7534,SKU-07534,Grocery,Rice,Sunrise,0.73
7535,SKU-07535,Frozen,Veg,UrbanTaste,20.87
7536,SKU-07536,Dairy,Yogurt,Sunrise,31.85
7537,SKU-07537,Beverage,Soda,PureLife,14.52
7538,SKU-07538,Grocery,Oil,GreenLine,4.89
7539,SKU-07539,Beverage,Water,Sunrise,25.8
7540,SKU-07540,Grocery,Pasta,UrbanTaste,7.49
7541,SKU-07541,Grocery,Rice,Sunrise,2.96
7542,SKU-07542,PersonalCare,Soap,Sunrise,12.75
7543,SKU-07543,Dairy,Milk,UrbanTaste,2.62
7544,SKU-07544,PersonalCare,Toothpaste,PureLife,27.63
7545,SKU-07545,Frozen,Pizza,PureLife,11.05
7546,SKU-07546,Dairy,Yogurt,GreenLine,7.88
7547,SKU-07547,Frozen,Dessert,Sunrise,8.34
7548,SKU-07548,Beverage,Soda,GreenLine,4.86
7549,SKU-07549,Beverage,Soda,Sunrise,2.03
7550,SKU-07550,Dairy,Yogurt,Sunrise,2.36
7551,SKU-07551,Snacks,Chips,Sunrise,5.75
7552,SKU-07552,Frozen,Dessert,GreenLine,15.31
7553,SKU-07553,Snacks,Nuts,UrbanTaste,0.67
7554,SKU-07554,Snacks,Biscuits,Sunrise,36.93
7555,SKU-07555,Snacks,Biscuits,GreenLine,23.26
7556,SKU-07556,Frozen,Veg,AlphaFoods,39.0
7557,SKU-07557,Frozen,Veg,AlphaFoods,38.85
7558,SKU-07558,PersonalCare,Toothpaste,Sunrise,23.68
7559,SKU-07559,Grocery,Oil,Sunrise,4.17
7560,SKU-07560,Snacks,Nuts,UrbanTaste,38.83
7561,SKU-07561,Snacks,Nuts,GreenLine,18.66
7562,SKU-07562,Frozen,Pizza,AlphaFoods,4.75
7563,SKU-07563,Dairy,Milk,PureLife,7.72
7564,SKU-07564,Beverage,Water,GreenLine,20.17
7565,SKU-07565,PersonalCare,Soap,AlphaFoods,20.4
7566,SKU-07566,Frozen,Pizza,AlphaFoods,10.89
7567,SKU-07567,Frozen,Veg,Sunrise,10.51
7568,SKU-07568,Frozen,Veg,PureLife,2.52
7569,SKU-07569,PersonalCare,Soap,AlphaFoods,26.26
7570,SKU-07570,Beverage,Water,Sunrise,9.64
7571,SKU-07571,Dairy,Cheese,UrbanTaste,29.09
7572,SKU-07572,Dairy,Yogurt,AlphaFoods,26.65
7573,SKU-07573,Dairy,Yogurt,PureLife,24.49
7574,SKU-07574,Beverage,Soda,GreenLine,25.05
7575,SKU-07575,Beverage,Water,PureLife,10.92
7576,SKU-07576,PersonalCare,Soap,Sunrise,30.99
7577,SKU-07577,Grocery,Pasta,PureLife,7.16
7578,SKU-07578,Grocery,Rice,AlphaFoods,16.26
7579,SKU-07579,Dairy,Cheese,GreenLine,37.83
7580,SKU-07580,PersonalCare,Soap,Sunrise,20.03
7581,SKU-07581,Snacks,Biscuits,Sunrise,18.69
7582,SKU-07582,Grocery,Rice,NovaFresh,7.33
7583,SKU-07583,Grocery,Pasta,UrbanTaste,9.81
7584,SKU-07584,PersonalCare,Soap,NovaFresh,33.79
7585,SKU-07585,Beverage,Soda,UrbanTaste,28.75
7586,SKU-07586,Dairy,Milk,NovaFresh,36.32
7587,SKU-07587,Beverage,Water,AlphaFoods,21.52
7588,SKU-07588,PersonalCare,Shampoo,PureLife,16.71
7589,SKU-07589,Grocery,Oil,NovaFresh,12.55
7590,SKU-07590,Beverage,Juice,Sunrise,32.77
7591,SKU-07591,Frozen,Pizza,PureLife,4.56
7592,SKU-07592,Grocery,Pasta,AlphaFoods,12.15
7593,SKU-07593,Beverage,Water,Sunrise,4.91
7594,SKU-07594,PersonalCare,Shampoo,AlphaFoods,10.12
7595,SKU-07595,PersonalCare,Soap,NovaFresh,10.49
7596,SKU-07596,PersonalCare,Toothpaste,NovaFresh,7.4
7597,SKU-07597,Frozen,Pizza,UrbanTaste,35.25
7598,SKU-07598,Beverage,Water,GreenLine,5.23
7599,SKU-07599,Frozen,Veg,AlphaFoods,21.67
7600,SKU-07600,Beverage,Soda,AlphaFoods,24.83
7601,SKU-07601,PersonalCare,Toothpaste,UrbanTaste,38.37
7602,SKU-07602,Frozen,Veg,Sunrise,39.15
7603,SKU-07603,Grocery,Oil,NovaFresh,21.19
7604,SKU-07604,Frozen,Pizza,GreenLine,30.4
7605,SKU-07605,Dairy,Yogurt,NovaFresh,6.76
7606,SKU-07606,Snacks,Nuts,AlphaFoods,16.29
7607,SKU-07607,Beverage,Soda,NovaFresh,12.36
7608,SKU-07608,Grocery,Rice,Sunrise,8.88
7609,SKU-07609,PersonalCare,Shampoo,Sunrise,22.39
7610,SKU-07610,Frozen,Dessert,NovaFresh,11.8
7611,SKU-07611,Grocery,Oil,UrbanTaste,26.95
7612,SKU-07612,Dairy,Milk,NovaFresh,13.49
7613,SKU-07613,Grocery,Oil,PureLife,23.02
7614,SKU-07614,Beverage,Juice,UrbanTaste,39.39
7615,SKU-07615,Grocery,Pasta,PureLife,11.03
7616,SKU-07616,PersonalCare,Soap,Sunrise,25.64
7617,SKU-07617,Dairy,Milk,NovaFresh,8.32
7618,SKU-07618,Snacks,Chips,GreenLine,21.47
7619,SKU-07619,Beverage,Juice,NovaFresh,27.62
7620,SKU-07620,Snacks,Biscuits,Sunrise,16.8
7621,SKU-07621,Frozen,Veg,NovaFresh,16.08
7622,SKU-07622,Grocery,Pasta,AlphaFoods,3.14
7623,SKU-07623,Dairy,Milk,UrbanTaste,33.58
7624,SKU-07624,Beverage,Water,UrbanTaste,24.2
7625,SKU-07625,Grocery,Rice,PureLife,1.08
7626,SKU-07626,Dairy,Milk,Sunrise,21.72
7627,SKU-07627,Frozen,Pizza,UrbanTaste,18.01
7628,SKU-07628,Grocery,Rice,NovaFresh,32.51
7629,SKU-07629,PersonalCare,Soap,NovaFresh,16.89
7630,SKU-07630,Dairy,Cheese,AlphaFoods,32.39
7631,SKU-07631,Beverage,Water,NovaFresh,26.83
7632,SKU-07632,Snacks,Biscuits,NovaFresh,22.88
7633,SKU-07633,Dairy,Yogurt,Sunrise,38.23
7634,SKU-07634,Snacks,Chips,UrbanTaste,3.6
7635,SKU-07635,Frozen,Pizza,GreenLine,25.62
7636,SKU-07636,Grocery,Oil,PureLife,4.37
7637,SKU-07637,Snacks,Chips,UrbanTaste,12.9
7638,SKU-07638,Grocery,Pasta,NovaFresh,24.78
7639,SKU-07639,Snacks,Biscuits,NovaFresh,8.04
7640,SKU-07640,Snacks,Biscuits,NovaFresh,27.34
7641,SKU-07641,Grocery,Rice,NovaFresh,9.6
7642,SKU-07642,Grocery,Rice,AlphaFoods,8.41
7643,SKU-07643,PersonalCare,Soap,UrbanTaste,12.71
7644,SKU-07644,Beverage,Juice,UrbanTaste,17.89
7645,SKU-07645,Dairy,Cheese,NovaFresh,32.82
7646,SKU-07646,PersonalCare,Soap,NovaFresh,31.07
7647,SKU-07647,Frozen,Veg,GreenLine,1.53
7648,SKU-07648,Snacks,Nuts,GreenLine,18.75
7649,SKU-07649,Frozen,Veg,NovaFresh,19.65
7650,SKU-07650,Beverage,Juice,GreenLine,21.98
7651,SKU-07651,Snacks,Biscuits,NovaFresh,11.69
7652,SKU-07652,Dairy,Cheese,AlphaFoods,7.24
7653,SKU-07653,Beverage,Soda,PureLife,12.27
7654,SKU-07654,Dairy,Milk,Sunrise,39.07
7655,SKU-07655,Snacks,Chips,PureLife,2.04
7656,SKU-07656,Grocery,Pasta,AlphaFoods,19.64
7657,SKU-07657,Grocery,Oil,Sunrise,13.7
7658,SKU-07658,Grocery,Rice,PureLife,28.41
7659,SKU-07659,PersonalCare,Soap,PureLife,32.68
7660,SKU-07660,Grocery,Oil,Sunrise,32.59
7661,SKU-07661,Beverage,Water,PureLife,5.2
7662,SKU-07662,Dairy,Yogurt,NovaFresh,11.65
7663,SKU-07663,Dairy,Yogurt,Sunrise,8.76
7664,SKU-07664,Snacks,Nuts,GreenLine,8.5
7665,SKU-07665,Grocery,Pasta,PureLife,19.81
7666,SKU-07666,Beverage,Water,Sunrise,15.7
7667,SKU-07667,Snacks,Biscuits,NovaFresh,6.9
7668,SKU-07668,Beverage,Juice,GreenLine,36.72
7669,SKU-07669,PersonalCare,Toothpaste,UrbanTaste,6.74
7670,SKU-07670,PersonalCare,Soap,GreenLine,15.61
7671,SKU-07671,Frozen,Dessert,Sunrise,1.38
7672,SKU-07672,Dairy,Milk,AlphaFoods,9.06
7673,SKU-07673,Dairy,Cheese,UrbanTaste,37.04
7674,SKU-07674,Beverage,Juice,NovaFresh,17.49
7675,SKU-07675,Snacks,Biscuits,GreenLine,17.52
7676,SKU-07676,Grocery,Pasta,PureLife,36.52
7677,SKU-07677,Snacks,Biscuits,PureLife,33.41
7678,SKU-07678,Dairy,Milk,GreenLine,16.59
7679,SKU-07679,Snacks,Nuts,Sunrise,1.31
7680,SKU-07680,Beverage,Soda,NovaFresh,21.72
7681,SKU-07681,PersonalCare,Soap,PureLife,39.64
7682,SKU-07682,Beverage,Soda,NovaFresh,13.66
7683,SKU-07683,Snacks,Biscuits,NovaFresh,10.55
7684,SKU-07684,Dairy,Cheese,AlphaFoods,24.56
7685,SKU-07685,Dairy,Yogurt,PureLife,30.08
7686,SKU-07686,Snacks,Chips,Sunrise,25.61
7687,SKU-07687,Dairy,Milk,Sunrise,16.71
7688,SKU-07688,Grocery,Pasta,Sunrise,25.24
7689,SKU-07689,Beverage,Juice,UrbanTaste,16.38
7690,SKU-07690,Grocery,Rice,NovaFresh,27.77
7691,SKU-07691,PersonalCare,Toothpaste,NovaFresh,7.59
7692,SKU-07692,Grocery,Rice,Sunrise,0.74
7693,SKU-07693,Grocery,Rice,PureLife,10.34
7694,SKU-07694,PersonalCare,Shampoo,Sunrise,21.91
7695,SKU-07695,PersonalCare,Toothpaste,GreenLine,25.57
7696,SKU-07696,Snacks,Nuts,GreenLine,3.23
7697,SKU-07697,Beverage,Juice,GreenLine,9.3
7698,SKU-07698,Frozen,Pizza,NovaFresh,11.3
7699,SKU-07699,Frozen,Pizza,UrbanTaste,13.32
7700,SKU-07700,Beverage,Water,GreenLine,10.52
7701,SKU-07701,Dairy,Milk,UrbanTaste,22.85
7702,SKU-07702,Grocery,Rice,UrbanTaste,29.14
7703,SKU-07703,Frozen,Pizza,NovaFresh,37.26
7704,SKU-07704,Dairy,Milk,GreenLine,34.48
7705,SKU-07705,Snacks,Nuts,AlphaFoods,4.55
7706,SKU-07706,Beverage,Juice,Sunrise,27.96
7707,SKU-07707,Frozen,Dessert,UrbanTaste,34.54
7708,SKU-07708,Dairy,Milk,NovaFresh,19.77
7709,SKU-07709,Frozen,Pizza,GreenLine,2.95
7710,SKU-07710,Grocery,Rice,UrbanTaste,16.19
7711,SKU-07711,Snacks,Chips,UrbanTaste,28.42
7712,SKU-07712,Beverage,Juice,Sunrise,17.38
7713,SKU-07713,Dairy,Cheese,NovaFresh,14.6
7714,SKU-07714,Snacks,Nuts,GreenLine,7.25
7715,SKU-07715,PersonalCare,Toothpaste,AlphaFoods,3.43
7716,SKU-07716,Dairy,Yogurt,UrbanTaste,35.72
7717,SKU-07717,Frozen,Pizza,AlphaFoods,25.9
7718,SKU-07718,Dairy,Yogurt,UrbanTaste,11.4
7719,SKU-07719,Snacks,Chips,PureLife,15.92
7720,SKU-07720,Beverage,Juice,Sunrise,7.21
7721,SKU-07721,PersonalCare,Shampoo,GreenLine,32.88
7722,SKU-07722,Snacks,Chips,GreenLine,33.36
7723,SKU-07723,Snacks,Nuts,NovaFresh,31.89
7724,SKU-07724,Grocery,Oil,NovaFresh,31.22
7725,SKU-07725,Grocery,Oil,AlphaFoods,8.77
7726,SKU-07726,PersonalCare,Shampoo,AlphaFoods,16.29
7727,SKU-07727,Snacks,Chips,Sunrise,3.85
7728,SKU-07728,Beverage,Juice,UrbanTaste,14.04
7729,SKU-07729,Beverage,Soda,AlphaFoods,9.16
7730,SKU-07730,Dairy,Yogurt,NovaFresh,12.15
7731,SKU-07731,PersonalCare,Soap,PureLife,15.38
7732,SKU-07732,Grocery,Pasta,GreenLine,13.81
7733,SKU-07733,Dairy,Cheese,GreenLine,22.84
7734,SKU-07734,Grocery,Oil,Sunrise,38.26
7735,SKU-07735,Frozen,Veg,GreenLine,1.13
7736,SKU-07736,PersonalCare,Soap,NovaFresh,39.81
7737,SKU-07737,Dairy,Yogurt,AlphaFoods,32.79
7738,SKU-07738,Dairy,Yogurt,NovaFresh,24.12
7739,SKU-07739,Beverage,Soda,AlphaFoods,27.82
7740,SKU-07740,Frozen,Veg,AlphaFoods,23.77
7741,SKU-07741,Frozen,Dessert,UrbanTaste,12.05
7742,SKU-07742,Grocery,Pasta,AlphaFoods,33.62
7743,SKU-07743,Beverage,Soda,AlphaFoods,37.45
7744,SKU-07744,Dairy,Cheese,AlphaFoods,19.44
7745,SKU-07745,Frozen,Pizza,NovaFresh,4.12
7746,SKU-07746,PersonalCare,Toothpaste,UrbanTaste,33.91
7747,SKU-07747,Snacks,Nuts,NovaFresh,22.23
7748,SKU-07748,Dairy,Yogurt,GreenLine,36.93
7749,SKU-07749,Beverage,Water,UrbanTaste,2.51
7750,SKU-07750,Snacks,Chips,PureLife,22.19
7751,SKU-07751,Beverage,Water,GreenLine,3.38
7752,SKU-07752,Dairy,Cheese,NovaFresh,9.23
7753,SKU-07753,Grocery,Oil,AlphaFoods,9.55
7754,SKU-07754,Frozen,Pizza,GreenLine,22.1
7755,SKU-07755,Dairy,Cheese,NovaFresh,3.99
7756,SKU-07756,Grocery,Oil,AlphaFoods,8.4
7757,SKU-07757,Grocery,Oil,PureLife,33.78
7758,SKU-07758,Grocery,Pasta,UrbanTaste,5.95
7759,SKU-07759,Frozen,Dessert,AlphaFoods,29.46
7760,SKU-07760,PersonalCare,Toothpaste,Sunrise,1.32
7761,SKU-07761,Grocery,Rice,NovaFresh,34.3
7762,SKU-07762,Grocery,Pasta,GreenLine,14.8
7763,SKU-07763,Frozen,Pizza,Sunrise,13.41
7764,SKU-07764,Frozen,Veg,Sunrise,17.13
7765,SKU-07765,Snacks,Chips,UrbanTaste,39.37
7766,SKU-07766,Frozen,Veg,PureLife,8.21
7767,SKU-07767,Dairy,Milk,AlphaFoods,32.67
7768,SKU-07768,Grocery,Oil,UrbanTaste,39.2
7769,SKU-07769,Dairy,Yogurt,NovaFresh,24.16
7770,SKU-07770,Dairy,Yogurt,NovaFresh,19.39
7771,SKU-07771,Grocery,Rice,PureLife,22.1
7772,SKU-07772,PersonalCare,Toothpaste,Sunrise,34.5
7773,SKU-07773,Beverage,Juice,Sunrise,6.12
7774,SKU-07774,Dairy,Cheese,PureLife,21.75
7775,SKU-07775,Grocery,Pasta,GreenLine,9.61
7776,SKU-07776,Dairy,Milk,PureLife,29.12
7777,SKU-07777,Frozen,Pizza,Sunrise,22.5
7778,SKU-07778,Dairy,Cheese,UrbanTaste,31.77
7779,SKU-07779,Frozen,Dessert,NovaFresh,19.65
7780,SKU-07780,Frozen,Dessert,GreenLine,37.76
7781,SKU-07781,Dairy,Cheese,NovaFresh,28.24
7782,SKU-07782,PersonalCare,Toothpaste,AlphaFoods,20.59
7783,SKU-07783,Frozen,Veg,Sunrise,6.92
7784,SKU-07784,Beverage,Soda,GreenLine,37.5
7785,SKU-07785,PersonalCare,Toothpaste,AlphaFoods,15.86
7786,SKU-07786,Beverage,Water,GreenLine,11.61
7787,SKU-07787,PersonalCare,Soap,AlphaFoods,29.75
7788,SKU-07788,Grocery,Pasta,UrbanTaste,4.66
7789,SKU-07789,Frozen,Dessert,AlphaFoods,33.05
7790,SKU-07790,Beverage,Juice,NovaFresh,35.17
7791,SKU-07791,Beverage,Juice,Sunrise,37.15
7792,SKU-07792,Frozen,Dessert,Sunrise,31.97
7793,SKU-07793,Grocery,Pasta,Sunrise,6.7
7794,SKU-07794,Frozen,Veg,NovaFresh,12.56
7795,SKU-07795,Snacks,Chips,Sunrise,9.94
7796,SKU-07796,Grocery,Pasta,AlphaFoods,19.64
7797,SKU-07797,Grocery,Pasta,GreenLine,38.79
7798,SKU-07798,Snacks,Biscuits,AlphaFoods,8.83
7799,SKU-07799,Snacks,Biscuits,GreenLine,7.57
7800,SKU-07800,Grocery,Pasta,NovaFresh,2.9
7801,SKU-07801,PersonalCare,Shampoo,GreenLine,27.6
7802,SKU-07802,Dairy,Milk,PureLife,24.9
7803,SKU-07803,Frozen,Dessert,Sunrise,1.19
7804,SKU-07804,Snacks,Nuts,PureLife,18.18
7805,SKU-07805,PersonalCare,Toothpaste,NovaFresh,19.68
7806,SKU-07806,Beverage,Juice,Sunrise,37.61
7807,SKU-07807,Grocery,Rice,UrbanTaste,34.81
7808,SKU-07808,Snacks,Chips,UrbanTaste,33.47
7809,SKU-07809,Grocery,Pasta,AlphaFoods,35.5
7810,SKU-07810,Frozen,Pizza,AlphaFoods,12.7
7811,SKU-07811,Snacks,Chips,UrbanTaste,16.37
7812,SKU-07812,Dairy,Milk,PureLife,17.43
7813,SKU-07813,Grocery,Oil,NovaFresh,23.06
7814,SKU-07814,Snacks,Chips,AlphaFoods,37.09
7815,SKU-07815,Beverage,Soda,UrbanTaste,23.02
7816,SKU-07816,PersonalCare,Toothpaste,AlphaFoods,39.2
7817,SKU-07817,Dairy,Yogurt,AlphaFoods,31.54
7818,SKU-07818,Frozen,Dessert,UrbanTaste,10.11
7819,SKU-07819,Beverage,Water,Sunrise,26.87
7820,SKU-07820,Frozen,Dessert,NovaFresh,26.62
7821,SKU-07821,Frozen,Pizza,PureLife,34.36
7822,SKU-07822,Frozen,Dessert,Sunrise,29.44
7823,SKU-07823,Frozen,Pizza,NovaFresh,24.8
7824,SKU-07824,Dairy,Milk,UrbanTaste,33.52
7825,SKU-07825,PersonalCare,Soap,UrbanTaste,33.89
7826,SKU-07826,Frozen,Veg,PureLife,12.13
7827,SKU-07827,Beverage,Juice,GreenLine,5.69
7828,SKU-07828,Snacks,Chips,Sunrise,0.88
7829,SKU-07829,Beverage,Soda,GreenLine,13.83
7830,SKU-07830,Grocery,Pasta,Sunrise,36.28
7831,SKU-07831,Dairy,Cheese,NovaFresh,24.65
7832,SKU-07832,PersonalCare,Soap,AlphaFoods,19.34
7833,SKU-07833,Frozen,Veg,Sunrise,33.08
7834,SKU-07834,Dairy,Milk,AlphaFoods,21.14
7835,SKU-07835,Grocery,Oil,PureLife,31.77
7836,SKU-07836,Snacks,Chips,NovaFresh,2.26
7837,SKU-07837,Dairy,Milk,GreenLine,21.33
7838,SKU-07838,Frozen,Veg,GreenLine,21.98
7839,SKU-07839,Beverage,Soda,PureLife,33.43
7840,SKU-07840,Grocery,Oil,Sunrise,24.89
7841,SKU-07841,PersonalCare,Soap,GreenLine,0.95
7842,SKU-07842,Snacks,Biscuits,UrbanTaste,10.98
7843,SKU-07843,Beverage,Water,UrbanTaste,8.05
7844,SKU-07844,Grocery,Rice,PureLife,35.82
7845,SKU-07845,Grocery,Rice,GreenLine,12.32
7846,SKU-07846,PersonalCare,Shampoo,UrbanTaste,3.82
7847,SKU-07847,Frozen,Dessert,AlphaFoods,10.71
7848,SKU-07848,PersonalCare,Shampoo,GreenLine,20.81
7849,SKU-07849,Dairy,Milk,UrbanTaste,13.83
7850,SKU-07850,Snacks,Nuts,NovaFresh,38.93
7851,SKU-07851,Frozen,Dessert,NovaFresh,23.65
7852,SKU-07852,Snacks,Chips,PureLife,28.27
7853,SKU-07853,Frozen,Dessert,AlphaFoods,20.47
7854,SKU-07854,PersonalCare,Toothpaste,Sunrise,37.91
7855,SKU-07855,Frozen,Pizza,NovaFresh,27.37
7856,SKU-07856,Grocery,Rice,GreenLine,4.82
7857,SKU-07857,Beverage,Water,Sunrise,16.81
7858,SKU-07858,Beverage,Soda,GreenLine,32.66
7859,SKU-07859,Snacks,Chips,AlphaFoods,20.51
7860,SKU-07860,Snacks,Nuts,GreenLine,29.85
7861,SKU-07861,PersonalCare,Toothpaste,Sunrise,17.75
7862,SKU-07862,Snacks,Nuts,UrbanTaste,38.46
7863,SKU-07863,Dairy,Milk,NovaFresh,25.32
7864,SKU-07864,Dairy,Yogurt,NovaFresh,28.83
7865,SKU-07865,PersonalCare,Shampoo,AlphaFoods,6.31
7866,SKU-07866,PersonalCare,Shampoo,PureLife,12.5
7867,SKU-07867,Beverage,Soda,PureLife,14.59
7868,SKU-07868,Frozen,Veg,NovaFresh,39.67
7869,SKU-07869,Grocery,Pasta,PureLife,18.64
7870,SKU-07870,Dairy,Yogurt,NovaFresh,1.79
7871,SKU-07871,Dairy,Cheese,UrbanTaste,34.14
7872,SKU-07872,Grocery,Pasta,AlphaFoods,31.4
7873,SKU-07873,Grocery,Pasta,NovaFresh,23.57
7874,SKU-07874,Grocery,Oil,NovaFresh,39.88
7875,SKU-07875,Snacks,Nuts,UrbanTaste,27.01
7876,SKU-07876,Snacks,Chips,PureLife,11.16
7877,SKU-07877,Frozen,Veg,GreenLine,0.53
7878,SKU-07878,Dairy,Milk,UrbanTaste,22.39
7879,SKU-07879,Frozen,Veg,AlphaFoods,8.49
7880,SKU-07880,Snacks,Biscuits,GreenLine,27.73
7881,SKU-07881,Frozen,Pizza,PureLife,27.03
7882,SKU-07882,PersonalCare,Toothpaste,UrbanTaste,39.67
7883,SKU-07883,Dairy,Milk,Sunrise,38.65
7884,SKU-07884,Grocery,Pasta,GreenLine,25.37
7885,SKU-07885,Grocery,Rice,Sunrise,35.88
7886,SKU-07886,Frozen,Veg,PureLife,6.52
7887,SKU-07887,PersonalCare,Soap,AlphaFoods,32.98
7888,SKU-07888,Grocery,Pasta,GreenLine,4.62
7889,SKU-07889,PersonalCare,Shampoo,Sunrise,32.6
7890,SKU-07890,Grocery,Pasta,AlphaFoods,37.56
7891,SKU-07891,Frozen,Pizza,UrbanTaste,1.97
7892,SKU-07892,Dairy,Milk,GreenLine,1.88
7893,SKU-07893,Frozen,Pizza,PureLife,2.34
7894,SKU-07894,Beverage,Water,Sunrise,30.0
7895,SKU-07895,PersonalCare,Shampoo,Sunrise,6.88
7896,SKU-07896,Beverage,Juice,AlphaFoods,10.95
7897,SKU-07897,Grocery,Pasta,UrbanTaste,16.2
7898,SKU-07898,Snacks,Nuts,Sunrise,26.93
7899,SKU-07899,Grocery,Rice,UrbanTaste,5.42
7900,SKU-07900,PersonalCare,Toothpaste,GreenLine,26.57
7901,SKU-07901,Dairy,Milk,AlphaFoods,23.89
7902,SKU-07902,PersonalCare,Shampoo,UrbanTaste,38.09
7903,SKU-07903,Snacks,Nuts,NovaFresh,2.3
7904,SKU-07904,Snacks,Chips,PureLife,7.88
7905,SKU-07905,Beverage,Water,UrbanTaste,26.78
7906,SKU-07906,Beverage,Juice,GreenLine,35.59
7907,SKU-07907,Snacks,Chips,AlphaFoods,8.33
7908,SKU-07908,Frozen,Pizza,GreenLine,33.07
7909,SKU-07909,Dairy,Cheese,PureLife,17.69
7910,SKU-07910,Frozen,Veg,AlphaFoods,19.56
7911,SKU-07911,Beverage,Water,NovaFresh,1.99
7912,SKU-07912,Dairy,Cheese,UrbanTaste,28.6
7913,SKU-07913,Snacks,Nuts,PureLife,25.76
7914,SKU-07914,Dairy,Milk,PureLife,2.9
7915,SKU-07915,Frozen,Dessert,NovaFresh,13.62
7916,SKU-07916,Frozen,Dessert,PureLife,32.2
7917,SKU-07917,Beverage,Water,UrbanTaste,13.9
7918,SKU-07918,Frozen,Veg,GreenLine,35.01
7919,SKU-07919,Frozen,Veg,PureLife,37.74
7920,SKU-07920,Grocery,Oil,PureLife,12.55
7921,SKU-07921,PersonalCare,Shampoo,PureLife,12.65
7922,SKU-07922,Frozen,Pizza,GreenLine,20.6
7923,SKU-07923,Beverage,Water,AlphaFoods,25.33
7924,SKU-07924,Dairy,Milk,GreenLine,29.04
7925,SKU-07925,Frozen,Veg,Sunrise,1.37
7926,SKU-07926,Grocery,Rice,Sunrise,10.91
7927,SKU-07927,Grocery,Oil,AlphaFoods,33.78
7928,SKU-07928,Snacks,Chips,AlphaFoods,21.89
7929,SKU-07929,Dairy,Cheese,PureLife,32.68
7930,SKU-07930,Frozen,Dessert,PureLife,6.53
7931,SKU-07931,PersonalCare,Shampoo,Sunrise,25.05
7932,SKU-07932,Dairy,Cheese,UrbanTaste,19.58
7933,SKU-07933,Grocery,Pasta,UrbanTaste,14.62
7934,SKU-07934,PersonalCare,Shampoo,AlphaFoods,14.67
7935,SKU-07935,Frozen,Dessert,GreenLine,1.56
7936,SKU-07936,Dairy,Yogurt,AlphaFoods,26.84
7937,SKU-07937,Frozen,Veg,Sunrise,22.33
7938,SKU-07938,Snacks,Chips,UrbanTaste,32.04
7939,SKU-07939,Snacks,Biscuits,UrbanTaste,36.07
7940,SKU-07940,Snacks,Chips,UrbanTaste,7.47
7941,SKU-07941,Dairy,Yogurt,Sunrise,8.74
7942,SKU-07942,Snacks,Nuts,GreenLine,23.25
7943,SKU-07943,PersonalCare,Soap,PureLife,17.23
7944,SKU-07944,PersonalCare,Soap,UrbanTaste,36.0
7945,SKU-07945,Beverage,Water,NovaFresh,9.47
7946,SKU-07946,Frozen,Dessert,NovaFresh,14.21
7947,SKU-07947,PersonalCare,Toothpaste,AlphaFoods,14.07
7948,SKU-07948,Beverage,Juice,UrbanTaste,22.75
7949,SKU-07949,Snacks,Biscuits,AlphaFoods,26.55
7950,SKU-07950,Snacks,Chips,GreenLine,15.66
7951,SKU-07951,Dairy,Cheese,NovaFresh,1.04
7952,SKU-07952,Frozen,Pizza,PureLife,12.9
7953,SKU-07953,Beverage,Juice,UrbanTaste,26.66
7954,SKU-07954,Frozen,Dessert,AlphaFoods,36.1
7955,SKU-07955,Dairy,Milk,AlphaFoods,18.72
7956,SKU-07956,Frozen,Dessert,NovaFresh,28.37
7957,SKU-07957,Snacks,Chips,Sunrise,31.65
7958,SKU-07958,PersonalCare,Toothpaste,PureLife,17.12
7959,SKU-07959,Snacks,Chips,PureLife,10.5
7960,SKU-07960,Snacks,Nuts,Sunrise,9.68
7961,SKU-07961,Frozen,Pizza,AlphaFoods,7.85
7962,SKU-07962,Grocery,Rice,NovaFresh,5.57
7963,SKU-07963,PersonalCare,Toothpaste,NovaFresh,23.55
7964,SKU-07964,Grocery,Oil,UrbanTaste,21.78
7965,SKU-07965,PersonalCare,Soap,GreenLine,35.78
7966,SKU-07966,Frozen,Dessert,Sunrise,14.62
7967,SKU-07967,Snacks,Nuts,Sunrise,18.48
7968,SKU-07968,Snacks,Biscuits,Sunrise,36.77
7969,SKU-07969,PersonalCare,Soap,AlphaFoods,33.93
7970,SKU-07970,PersonalCare,Shampoo,PureLife,37.99
7971,SKU-07971,Snacks,Biscuits,UrbanTaste,20.01
7972,SKU-07972,Beverage,Water,AlphaFoods,1.86
7973,SKU-07973,PersonalCare,Shampoo,GreenLine,20.11
7974,SKU-07974,Grocery,Oil,Sunrise,8.45
7975,SKU-07975,Beverage,Water,UrbanTaste,17.92
7976,SKU-07976,PersonalCare,Soap,GreenLine,28.8
7977,SKU-07977,Grocery,Rice,PureLife,14.36
7978,SKU-07978,Dairy,Milk,AlphaFoods,7.92
7979,SKU-07979,Beverage,Water,NovaFresh,38.57
7980,SKU-07980,Dairy,Cheese,AlphaFoods,5.59
7981,SKU-07981,Snacks,Chips,NovaFresh,2.15
7982,SKU-07982,PersonalCare,Toothpaste,PureLife,9.74
7983,SKU-07983,Frozen,Veg,Sunrise,1.1
7984,SKU-07984,Snacks,Chips,AlphaFoods,20.98
7985,SKU-07985,Frozen,Pizza,AlphaFoods,28.54
7986,SKU-07986,Grocery,Rice,UrbanTaste,13.4
7987,SKU-07987,Grocery,Oil,Sunrise,14.6
7988,SKU-07988,PersonalCare,Shampoo,Sunrise,20.47
7989,SKU-07989,PersonalCare,Toothpaste,NovaFresh,39.13
7990,SKU-07990,Frozen,Dessert,GreenLine,5.58
7991,SKU-07991,Frozen,Pizza,GreenLine,39.25
7992,SKU-07992,Beverage,Water,UrbanTaste,14.2
7993,SKU-07993,Snacks,Biscuits,Sunrise,13.58
7994,SKU-07994,PersonalCare,Toothpaste,NovaFresh,33.25
7995,SKU-07995,Grocery,Rice,PureLife,8.54
7996,SKU-07996,Snacks,Chips,GreenLine,3.15
7997,SKU-07997,Beverage,Soda,PureLife,9.46
7998,SKU-07998,Snacks,Chips,Sunrise,24.31
7999,SKU-07999,Beverage,Water,NovaFresh,9.2
8000,SKU-08000,Beverage,Water,NovaFresh,14.29
