customer_id,customer_name,segment,country_id
1,Customer_0001,Ecommerce,4
2,Customer_0002,Ecommerce,9
3,Customer_0003,Wholesale,3
4,Customer_0004,Retail,4
5,Customer_0005,Wholesale,3
6,Customer_0006,Wholesale,1
7,Customer_0007,Wholesale,5
8,Customer_0008,KeyAccount,8
9,Customer_0009,KeyAccount,1
10,Customer_0010,KeyAccount,7
11,Customer_0011,Ecommerce,10
12,Customer_0012,Wholesale,6
13,Customer_0013,Ecommerce,4
14,Customer_0014,Wholesale,6
15,Customer_0015,Retail,10
16,Customer_0016,KeyAccount,1
17,Customer_0017,Ecommerce,6
18,Customer_0018,Wholesale,7
19,Customer_0019,Wholesale,7
20,Customer_0020,Wholesale,4
21,Customer_0021,Ecommerce,1
22,Customer_0022,Ecommerce,7
23,Customer_0023,Retail,10
24,Customer_0024,Retail,1
25,Customer_0025,Ecommerce,1
26,Customer_0026,Retail,7
27,Customer_0027,Retail,5
28,Customer_0028,Retail,3
29,Customer_0029,Ecommerce,4
30,Customer_0030,Ecommerce,8
31,Customer_0031,Wholesale,4
32,Customer_0032,Ecommerce,2
33,Customer_0033,KeyAccount,6
34,Customer_0034,Wholesale,2
35,Customer_0035,Wholesale,7
36,Customer_0036,Wholesale,2
37,Customer_0037,Retail,1
38,Customer_0038,Retail,9
39,Customer_0039,Ecommerce,4
40,Customer_0040,Wholesale,10
41,Customer_0041,Retail,8
42,Customer_0042,Wholesale,8
43,Customer_0043,Retail,2
44,Customer_0044,Retail,1
45,Customer_0045,Retail,8
46,Customer_0046,Ecommerce,10
47,Customer_0047,KeyAccount,8
48,Customer_0048,Wholesale,5
49,Customer_0049,Wholesale,10
50,Customer_0050,Retail,10
51,Customer_0051,Ecommerce,4
52,Customer_0052,Retail,2
53,Customer_0053,KeyAccount,8
54,Customer_0054,Ecommerce,9
55,Customer_0055,KeyAccount,9
56,Customer_0056,Retail,8
57,Customer_0057,Retail,3
58,Customer_0058,Retail,8
59,Customer_0059,Wholesale,10
60,Customer_0060,Retail,8
61,Customer_0061,Wholesale,8
62,Customer_0062,Ecommerce,6
63,Customer_0063,Retail,6
64,Customer_0064,Ecommerce,7
65,Customer_0065,Ecommerce,1
66,Customer_0066,Ecommerce,3
67,Customer_0067,Retail,7
68,Customer_0068,Ecommerce,10
69,Customer_0069,Retail,4
70,Customer_0070,Ecommerce,8
71,Customer_0071,Ecommerce,6
72,Customer_0072,Retail,7
73,Customer_0073,Wholesale,2
74,Customer_0074,KeyAccount,1
75,Customer_0075,Ecommerce,5
76,Customer_0076,Wholesale,8
77,Customer_0077,KeyAccount,5
78,Customer_0078,Wholesale,10
79,Customer_0079,KeyAccount,10
80,Customer_0080,Retail,8
81,Customer_0081,Retail,1
82,Customer_0082,Ecommerce,6
83,Customer_0083,KeyAccount,3
84,Customer_0084,Retail,8
85,Customer_0085,KeyAccount,6
86,Customer_0086,Ecommerce,4
87,Customer_0087,Retail,4
88,Customer_0088,Wholesale,9
89,Customer_0089,Retail,8
90,Customer_0090,Ecommerce,10
91,Customer_0091,Retail,8
92,Customer_0092,Retail,1
93,Customer_0093,Wholesale,7
94,Customer_0094,KeyAccount,2
95,Customer_0095,Retail,10
96,Customer_0096,Retail,1
97,Customer_0097,Wholesale,5
98,Customer_0098,KeyAccount,9
99,Customer_0099,Wholesale,2
100,Customer_0100,Wholesale,10
101,Customer_0101,KeyAccount,4
102,Customer_0102,KeyAccount,9
103,Customer_0103,KeyAccount,3
104,Customer_0104,Ecommerce,2
105,Customer_0105,Retail,3
106,Customer_0106,KeyAccount,4
107,Customer_0107,Retail,8
108,Customer_0108,Ecommerce,1
109,Customer_0109,Retail,2
110,Customer_0110,KeyAccount,1
111,Customer_0111,Wholesale,7
112,Customer_0112,Ecommerce,6
113,Customer_0113,Ecommerce,4
114,Customer_0114,Retail,10
115,Customer_0115,KeyAccount,4
116,Customer_0116,Ecommerce,8
117,Customer_0117,KeyAccount,9
118,Customer_0118,Wholesale,10
119,Customer_0119,Ecommerce,3
120,Customer_0120,Retail,10
121,Customer_0121,Wholesale,6
122,Customer_0122,Wholesale,4
123,Customer_0123,Wholesale,1
124,Customer_0124,Ecommerce,7
125,Customer_0125,Wholesale,6
126,Customer_0126,Wholesale,2
127,Customer_0127,Retail,6
128,Customer_0128,Ecommerce,9
129,Customer_0129,Retail,7
130,Customer_0130,Ecommerce,5
131,Customer_0131,KeyAccount,2
132,Customer_0132,KeyAccount,10
133,Customer_0133,KeyAccount,8
134,Customer_0134,Wholesale,8
135,Customer_0135,KeyAccount,7
136,Customer_0136,KeyAccount,4
137,Customer_0137,Retail,6
138,Customer_0138,Ecommerce,1
139,Customer_0139,Wholesale,8
140,Customer_0140,Wholesale,3
141,Customer_0141,Ecommerce,7
142,Customer_0142,KeyAccount,1
143,Customer_0143,Ecommerce,3
144,Customer_0144,Retail,6
145,Customer_0145,Ecommerce,4
146,Customer_0146,Ecommerce,8
147,Customer_0147,Ecommerce,7
148,Customer_0148,Wholesale,7
149,Customer_0149,Retail,5
150,Customer_0150,KeyAccount,9
151,Customer_0151,KeyAccount,3
152,Customer_0152,Ecommerce,7
153,Customer_0153,Ecommerce,4
154,Customer_0154,Ecommerce,1
155,Customer_0155,Retail,3
156,Customer_0156,Retail,7
157,Customer_0157,Retail,9
158,Customer_0158,Wholesale,10
159,Customer_0159,Retail,1
160,Customer_0160,KeyAccount,8
161,Customer_0161,Wholesale,8
162,Customer_0162,Retail,6
163,Customer_0163,Wholesale,1
164,Customer_0164,Ecommerce,4
165,Customer_0165,Ecommerce,4
166,Customer_0166,KeyAccount,1
167,Customer_0167,KeyAccount,2
168,Customer_0168,Ecommerce,2
169,Customer_0169,Retail,7
170,Customer_0170,KeyAccount,8
171,Customer_0171,KeyAccount,10
172,Customer_0172,Ecommerce,10
173,Customer_0173,Ecommerce,9
174,Customer_0174,KeyAccount,1
175,Customer_0175,Retail,2
176,Customer_0176,Ecommerce,9
177,Customer_0177,Ecommerce,6
178,Customer_0178,Ecommerce,10
179,Customer_0179,Retail,1
180,Customer_0180,Wholesale,2
181,Customer_0181,Ecommerce,7
182,Customer_0182,Wholesale,8
183,Customer_0183,Ecommerce,9
184,Customer_0184,Retail,2
185,Customer_0185,KeyAccount,7
186,Customer_0186,Ecommerce,10
187,Customer_0187,Wholesale,2
188,Customer_0188,KeyAccount,1
189,Customer_0189,KeyAccount,7
190,Customer_0190,KeyAccount,2
191,Customer_0191,KeyAccount,3
192,Customer_0192,Ecommerce,3
193,Customer_0193,KeyAccount,7
194,Customer_0194,Retail,2
195,Customer_0195,KeyAccount,5
196,Customer_0196,KeyAccount,3
197,Customer_0197,Ecommerce,1
198,Customer_0198,Wholesale,3
199,Customer_0199,Ecommerce,3
200,Customer_0200,Wholesale,10
201,Customer_0201,KeyAccount,1
202,Customer_0202,KeyAccount,10
203,Customer_0203,Wholesale,6
204,Customer_0204,Ecommerce,9
205,Customer_0205,Ecommerce,5
206,Customer_0206,Retail,9
207,Customer_0207,Ecommerce,2
208,Customer_0208,KeyAccount,7
209,Customer_0209,Retail,8
210,Customer_0210,Retail,7
211,Customer_0211,Ecommerce,2
212,Customer_0212,Retail,4
213,Customer_0213,KeyAccount,1
214,Customer_0214,Retail,9
215,Customer_0215,KeyAccount,8
216,Customer_0216,Wholesale,4
217,Customer_0217,Ecommerce,9
218,Customer_0218,Retail,6
219,Customer_0219,Retail,10
220,Customer_0220,Ecommerce,6
221,Customer_0221,KeyAccount,7
222,Customer_0222,Ecommerce,5
223,Customer_0223,KeyAccount,2
224,Customer_0224,Retail,9
225,Customer_0225,Retail,8
226,Customer_0226,Ecommerce,1
227,Customer_0227,Retail,1
228,Customer_0228,KeyAccount,3
229,Customer_0229,Retail,6
230,Customer_0230,Wholesale,4
231,Customer_0231,Ecommerce,5
232,Customer_0232,Retail,8
233,Customer_0233,Ecommerce,8
234,Customer_0234,Wholesale,9
235,Customer_0235,Retail,10
236,Customer_0236,Ecommerce,3
237,Customer_0237,KeyAccount,5
238,Customer_0238,Wholesale,3
239,Customer_0239,KeyAccount,2
240,Customer_0240,Wholesale,3
241,Customer_0241,KeyAccount,2
242,Customer_0242,Retail,2
243,Customer_0243,Ecommerce,1
244,Customer_0244,Retail,4
245,Customer_0245,Retail,2
246,Customer_0246,KeyAccount,10
247,Customer_0247,KeyAccount,3
248,Customer_0248,KeyAccount,2
249,Customer_0249,Ecommerce,8
250,Customer_0250,Ecommerce,8
251,Customer_0251,KeyAccount,8
252,Customer_0252,Ecommerce,6
253,Customer_0253,Wholesale,8
254,Customer_0254,Wholesale,10
255,Customer_0255,Retail,1
256,Customer_0256,Retail,7
257,Customer_0257,Ecommerce,5
258,Customer_0258,Ecommerce,2
259,Customer_0259,Wholesale,6
260,Customer_0260,Wholesale,10
261,Customer_0261,Ecommerce,5
262,Customer_0262,Ecommerce,3
263,Customer_0263,Wholesale,4
264,Customer_0264,Wholesale,7
265,Customer_0265,Retail,6
266,Customer_0266,Retail,7
267,Customer_0267,Wholesale,1
268,Customer_0268,Ecommerce,1
269,Customer_0269,Retail,10
270,Customer_0270,KeyAccount,10
271,Customer_0271,Ecommerce,7
272,Customer_0272,Retail,3
273,Customer_0273,Ecommerce,8
274,Customer_0274,Retail,3
275,Customer_0275,KeyAccount,1
276,Customer_0276,KeyAccount,1
277,Customer_0277,KeyAccount,6
278,Customer_0278,KeyAccount,6
279,Customer_0279,Retail,2
280,Customer_0280,Wholesale,9
281,Customer_0281,Wholesale,5
282,Customer_0282,Retail,4
283,Customer_0283,KeyAccount,5
284,Customer_0284,Retail,1
285,Customer_0285,Wholesale,10
286,Customer_0286,KeyAccount,1
287,Customer_0287,Retail,10
288,Customer_0288,Ecommerce,9
289,Customer_0289,KeyAccount,5
290,Customer_0290,Retail,3
291,Customer_0291,Ecommerce,2
292,Customer_0292,Retail,5
293,Customer_0293,Retail,8
294,Customer_0294,Ecommerce,4
295,Customer_0295,Retail,6
296,Customer_0296,Retail,4
297,Customer_0297,Ecommerce,7
298,Customer_0298,Ecommerce,8
299,Customer_0299,Wholesale,5
300,Customer_0300,KeyAccount,2
301,Customer_0301,Wholesale,5
302,Customer_0302,Wholesale,5
303,Customer_0303,KeyAccount,3
304,Customer_0304,Ecommerce,2
305,Customer_0305,Ecommerce,6
306,Customer_0306,Wholesale,6
307,Customer_0307,KeyAccount,4
308,Customer_0308,KeyAccount,1
309,Customer_0309,Retail,8
310,Customer_0310,Wholesale,5
311,Customer_0311,Wholesale,9
312,Customer_0312,Wholesale,8
313,Customer_0313,Ecommerce,7
314,Customer_0314,Ecommerce,10
315,Customer_0315,KeyAccount,1
316,Customer_0316,Retail,10
317,Customer_0317,Wholesale,6
318,Customer_0318,Ecommerce,4
319,Customer_0319,Retail,5
320,Customer_0320,Retail,8
321,Customer_0321,KeyAccount,8
322,Customer_0322,Wholesale,5
323,Customer_0323,Ecommerce,2
324,Customer_0324,KeyAccount,3
325,Customer_0325,Ecommerce,5
326,Customer_0326,KeyAccount,3
327,Customer_0327,KeyAccount,10
328,Customer_0328,Ecommerce,7
329,Customer_0329,Wholesale,1
330,Customer_0330,KeyAccount,4
331,Customer_0331,Ecommerce,6
332,Customer_0332,Retail,8
333,Customer_0333,KeyAccount,9
334,Customer_0334,Retail,8
335,Customer_0335,Wholesale,5
336,Customer_0336,Retail,5
337,Customer_0337,Wholesale,7
338,Customer_0338,Wholesale,8
339,Customer_0339,Wholesale,10
340,Customer_0340,Wholesale,10
341,Customer_0341,KeyAccount,2
342,Customer_0342,Ecommerce,7
343,Customer_0343,Retail,2
344,Customer_0344,Wholesale,9
345,Customer_0345,Wholesale,4
346,Customer_0346,KeyAccount,3
347,Customer_0347,KeyAccount,6
348,Customer_0348,Retail,1
349,Customer_0349,Wholesale,8
350,Customer_0350,Wholesale,5
351,Customer_0351,Retail,6
352,Customer_0352,Wholesale,6
353,Customer_0353,Ecommerce,1
354,Customer_0354,Ecommerce,6
355,Customer_0355,Ecommerce,3
356,Customer_0356,Ecommerce,8
357,Customer_0357,Ecommerce,6
358,Customer_0358,KeyAccount,8
359,Customer_0359,Wholesale,2
360,Customer_0360,Wholesale,9
361,Customer_0361,Retail,4
362,Customer_0362,KeyAccount,4
363,Customer_0363,Wholesale,5
364,Customer_0364,Wholesale,1
365,Customer_0365,Wholesale,3
366,Customer_0366,Ecommerce,7
367,Customer_0367,Retail,3
368,Customer_0368,KeyAccount,10
369,Customer_0369,Wholesale,7
370,Customer_0370,Ecommerce,1
371,Customer_0371,Wholesale,1
372,Customer_0372,KeyAccount,1
373,Customer_0373,Wholesale,4
374,Customer_0374,Retail,5
375,Customer_0375,Ecommerce,1
376,Customer_0376,KeyAccount,5
377,Customer_0377,Retail,9
378,Customer_0378,Wholesale,7
379,Customer_0379,Ecommerce,1
380,Customer_0380,KeyAccount,4
381,Customer_0381,KeyAccount,9
382,Customer_0382,Ecommerce,3
383,Customer_0383,Wholesale,3
384,Customer_0384,Wholesale,4
385,Customer_0385,Ecommerce,9
386,Customer_0386,Ecommerce,5
387,Customer_0387,Wholesale,9
388,Customer_0388,Retail,5
389,Customer_0389,Retail,1
390,Customer_0390,Ecommerce,3
391,Customer_0391,Wholesale,5
392,Customer_0392,Ecommerce,7
393,Customer_0393,Retail,6
394,Customer_0394,Wholesale,2
395,Customer_0395,KeyAccount,1
396,Customer_0396,KeyAccount,10
397,Customer_0397,Ecommerce,5
398,Customer_0398,Wholesale,7
399,Customer_0399,Wholesale,8
400,Customer_0400,KeyAccount,1
401,Customer_0401,Retail,6
402,Customer_0402,KeyAccount,2
403,Customer_0403,KeyAccount,1
404,Customer_0404,Ecommerce,10
405,Customer_0405,KeyAccount,4
406,Customer_0406,KeyAccount,7
407,Customer_0407,Retail,6
408,Customer_0408,Ecommerce,1
409,Customer_0409,KeyAccount,3
410,Customer_0410,Retail,5
411,Customer_0411,Retail,1
412,Customer_0412,Retail,6
413,Customer_0413,Wholesale,4
414,Customer_0414,Ecommerce,2
415,Customer_0415,Retail,5
416,Customer_0416,KeyAccount,3
417,Customer_0417,Wholesale,4
418,Customer_0418,KeyAccount,9
419,Customer_0419,Wholesale,1
420,Customer_0420,Wholesale,8
421,Customer_0421,KeyAccount,9
422,Customer_0422,KeyAccount,3
423,Customer_0423,Ecommerce,2
424,Customer_0424,Wholesale,5
425,Customer_0425,KeyAccount,1
426,Customer_0426,KeyAccount,9
427,Customer_0427,Wholesale,7
428,Customer_0428,Ecommerce,3
429,Customer_0429,Wholesale,9
430,Customer_0430,Wholesale,6
431,Customer_0431,Retail,4
432,Customer_0432,Ecommerce,7
433,Customer_0433,Ecommerce,7
434,Customer_0434,KeyAccount,9
435,Customer_0435,KeyAccount,8
436,Customer_0436,Ecommerce,5
437,Customer_0437,Wholesale,3
438,Customer_0438,Retail,3
439,Customer_0439,Wholesale,1
440,Customer_0440,Retail,9
441,Customer_0441,Ecommerce,5
442,Customer_0442,KeyAccount,6
443,Customer_0443,Wholesale,2
444,Customer_0444,Retail,10
445,Customer_0445,Retail,2
446,Customer_0446,KeyAccount,6
447,Customer_0447,KeyAccount,4
448,Customer_0448,Retail,4
449,Customer_0449,KeyAccount,9
450,Customer_0450,Wholesale,5
451,Customer_0451,KeyAccount,3
452,Customer_0452,KeyAccount,3
453,Customer_0453,Retail,10
454,Customer_0454,Wholesale,8
455,Customer_0455,Retail,3
456,Customer_0456,KeyAccount,1
457,Customer_0457,Ecommerce,8
458,Customer_0458,Retail,4
459,Customer_0459,Ecommerce,1
460,Customer_0460,Ecommerce,10
461,Customer_0461,Retail,9
462,Customer_0462,Ecommerce,6
463,Customer_0463,Ecommerce,2
464,Customer_0464,Ecommerce,7
465,Customer_0465,Wholesale,4
466,Customer_0466,Ecommerce,3
467,Customer_0467,Wholesale,9
468,Customer_0468,Retail,7
469,Customer_0469,KeyAccount,10
470,Customer_0470,Wholesale,2
471,Customer_0471,KeyAccount,10
472,Customer_0472,Ecommerce,2
473,Customer_0473,Ecommerce,10
474,Customer_0474,Ecommerce,10
475,Customer_0475,Wholesale,6
476,Customer_0476,Ecommerce,2
477,Customer_0477,Ecommerce,8
478,Customer_0478,Retail,1
479,Customer_0479,Ecommerce,2
480,Customer_0480,Wholesale,3
481,Customer_0481,Ecommerce,5
482,Customer_0482,Ecommerce,9
483,Customer_0483,KeyAccount,4
484,Customer_0484,Retail,1
485,Customer_0485,Wholesale,5
486,Customer_0486,KeyAccount,1
487,Customer_0487,KeyAccount,3
488,Customer_0488,Ecommerce,6
489,Customer_0489,Ecommerce,2
490,Customer_0490,KeyAccount,9
491,Customer_0491,Retail,2
492,Customer_0492,Retail,8
493,Customer_0493,Retail,1
494,Customer_0494,Wholesale,10
495,Customer_0495,Ecommerce,9
496,Customer_0496,Retail,4
497,Customer_0497,Ecommerce,10
498,Customer_0498,Ecommerce,8
499,Customer_0499,KeyAccount,7
500,Customer_0500,KeyAccount,8
501,Customer_0501,Retail,5
502,Customer_0502,Retail,4
503,Customer_0503,Ecommerce,1
504,Customer_0504,Ecommerce,1
505,Customer_0505,Ecommerce,6
506,Customer_0506,KeyAccount,4
507,Customer_0507,KeyAccount,6
508,Customer_0508,Ecommerce,4
509,Customer_0509,Retail,10
510,Customer_0510,Ecommerce,2
511,Customer_0511,Ecommerce,4
512,Customer_0512,Wholesale,3
513,Customer_0513,Retail,10
514,Customer_0514,Ecommerce,1
515,Customer_0515,KeyAccount,3
516,Customer_0516,Retail,8
517,Customer_0517,Wholesale,9
518,Customer_0518,Retail,4
519,Customer_0519,Retail,9
520,Customer_0520,Ecommerce,4
521,Customer_0521,Retail,6
522,Customer_0522,Ecommerce,1
523,Customer_0523,Ecommerce,9
524,Customer_0524,KeyAccount,4
525,Customer_0525,Retail,3
526,Customer_0526,KeyAccount,4
527,Customer_0527,Retail,5
528,Customer_0528,Wholesale,4
529,Customer_0529,Retail,9
530,Customer_0530,KeyAccount,8
531,Customer_0531,Retail,1
532,Customer_0532,Retail,2
533,Customer_0533,KeyAccount,4
534,Customer_0534,KeyAccount,9
535,Customer_0535,KeyAccount,9
536,Customer_0536,Retail,2
537,Customer_0537,Ecommerce,7
538,Customer_0538,Retail,1
539,Customer_0539,Ecommerce,2
540,Customer_0540,KeyAccount,4
541,Customer_0541,Wholesale,5
542,Customer_0542,Ecommerce,5
543,Customer_0543,Wholesale,3
544,Customer_0544,Ecommerce,10
545,Customer_0545,Wholesale,5
546,Customer_0546,Ecommerce,3
547,Customer_0547,Ecommerce,8
548,Customer_0548,Wholesale,1
549,Customer_0549,Retail,4
550,Customer_0550,KeyAccount,3
551,Customer_0551,Retail,2
552,Customer_0552,KeyAccount,2
553,Customer_0553,Retail,7
554,Customer_0554,Retail,7
555,Customer_0555,Wholesale,1
556,Customer_0556,Ecommerce,2
557,Customer_0557,Wholesale,2
558,Customer_0558,Wholesale,6
559,Customer_0559,Wholesale,8
560,Customer_0560,Ecommerce,6
561,Customer_0561,Wholesale,2
562,Customer_0562,Retail,9
563,Customer_0563,Retail,9
564,Customer_0564,KeyAccount,4
565,Customer_0565,Ecommerce,5
566,Customer_0566,Ecommerce,8
567,Customer_0567,KeyAccount,1
568,Customer_0568,Wholesale,7
569,Customer_0569,KeyAccount,2
570,Customer_0570,Retail,2
571,Customer_0571,Wholesale,9
572,Customer_0572,Wholesale,7
573,Customer_0573,KeyAccount,8
574,Customer_0574,Retail,3
575,Customer_0575,KeyAccount,3
576,Customer_0576,KeyAccount,10
577,Customer_0577,Ecommerce,9
578,Customer_0578,KeyAccount,5
579,Customer_0579,Ecommerce,2
580,Customer_0580,KeyAccount,7
581,Customer_0581,KeyAccount,6
582,Customer_0582,Wholesale,9
583,Customer_0583,Retail,8
584,Customer_0584,Wholesale,9
585,Customer_0585,Ecommerce,9
586,Customer_0586,Ecommerce,2
587,Customer_0587,KeyAccount,4
588,Customer_0588,Wholesale,3
589,Customer_0589,KeyAccount,6
590,Customer_0590,KeyAccount,8
591,Customer_0591,KeyAccount,5
592,Customer_0592,Retail,4
593,Customer_0593,Wholesale,9
594,Customer_0594,Retail,9
595,Customer_0595,Wholesale,5
596,Customer_0596,KeyAccount,9
597,Customer_0597,KeyAccount,2
598,Customer_0598,Retail,10
599,Customer_0599,KeyAccount,9
600,Customer_0600,KeyAccount,4
601,Customer_0601,Retail,3
602,Customer_0602,Ecommerce,6
603,Customer_0603,KeyAccount,2
604,Customer_0604,Wholesale,5
605,Customer_0605,Ecommerce,6
606,Customer_0606,KeyAccount,3
607,Customer_0607,KeyAccount,5
608,Customer_0608,Wholesale,7
609,Customer_0609,Ecommerce,3
610,Customer_0610,KeyAccount,2
611,Customer_0611,Retail,10
612,Customer_0612,Retail,1
613,Customer_0613,Retail,6
614,Customer_0614,Wholesale,10
615,Customer_0615,Wholesale,1
616,Customer_0616,KeyAccount,9
617,Customer_0617,Wholesale,5
618,Customer_0618,Retail,4
619,Customer_0619,Wholesale,10
620,Customer_0620,Retail,2
621,Customer_0621,Wholesale,6
622,Customer_0622,KeyAccount,1
623,Customer_0623,Retail,9
624,Customer_0624,KeyAccount,1
625,Customer_0625,Wholesale,2
626,Customer_0626,Wholesale,9
627,Customer_0627,Ecommerce,3
628,Customer_0628,KeyAccount,9
629,Customer_0629,Retail,4
630,Customer_0630,KeyAccount,8
631,Customer_0631,Retail,3
632,Customer_0632,Wholesale,9
633,Customer_0633,Wholesale,4
634,Customer_0634,Wholesale,4
635,Customer_0635,KeyAccount,3
636,Customer_0636,Ecommerce,6
637,Customer_0637,Retail,7
638,Customer_0638,Retail,2
639,Customer_0639,Retail,10
640,Customer_0640,Ecommerce,7
641,Customer_0641,KeyAccount,9
642,Customer_0642,Wholesale,3
643,Customer_0643,KeyAccount,5
644,Customer_0644,Ecommerce,9
645,Customer_0645,Wholesale,5
646,Customer_0646,Ecommerce,9
647,Customer_0647,KeyAccount,1
648,Customer_0648,Wholesale,4
649,Customer_0649,Wholesale,8
650,Customer_0650,Retail,7
651,Customer_0651,Wholesale,8
652,Customer_0652,Retail,10
653,Customer_0653,Retail,6
654,Customer_0654,Wholesale,4
655,Customer_0655,KeyAccount,9
656,Customer_0656,Retail,1
657,Customer_0657,KeyAccount,3
658,Customer_0658,Retail,5
659,Customer_0659,Retail,9
660,Customer_0660,Wholesale,6
661,Customer_0661,Wholesale,6
662,Customer_0662,Ecommerce,9
663,Customer_0663,KeyAccount,6
664,Customer_0664,Ecommerce,5
665,Customer_0665,Ecommerce,3
666,Customer_0666,Ecommerce,8
667,Customer_0667,Ecommerce,7
668,Customer_0668,Retail,3
669,Customer_0669,KeyAccount,4
670,Customer_0670,Ecommerce,6
671,Customer_0671,Retail,10
672,Customer_0672,KeyAccount,9
673,Customer_0673,Ecommerce,6
674,Customer_0674,Ecommerce,10
675,Customer_0675,Wholesale,7
676,Customer_0676,Retail,5
677,Customer_0677,Retail,6
678,Customer_0678,Retail,2
679,Customer_0679,Wholesale,1
680,Customer_0680,KeyAccount,2
681,Customer_0681,Wholesale,4
682,Customer_0682,Retail,6
683,Customer_0683,KeyAccount,8
684,Customer_0684,Retail,8
685,Customer_0685,Ecommerce,10
686,Customer_0686,KeyAccount,7
687,Customer_0687,Ecommerce,1
688,Customer_0688,Wholesale,8
689,Customer_0689,Wholesale,8
690,Customer_0690,Retail,7
691,Customer_0691,Ecommerce,3
692,Customer_0692,Retail,10
693,Customer_0693,Ecommerce,4
694,Customer_0694,KeyAccount,8
695,Customer_0695,Ecommerce,4
696,Customer_0696,Ecommerce,10
697,Customer_0697,Retail,7
698,Customer_0698,KeyAccount,10
699,Customer_0699,Ecommerce,4
700,Customer_0700,KeyAccount,5
701,Customer_0701,KeyAccount,9
702,Customer_0702,KeyAccount,10
703,Customer_0703,Ecommerce,9
704,Customer_0704,Wholesale,1
705,Customer_0705,Ecommerce,6
706,Customer_0706,Ecommerce,10
707,Customer_0707,Ecommerce,3
708,Customer_0708,KeyAccount,3
709,Customer_0709,Ecommerce,3
710,Customer_0710,Retail,9
711,Customer_0711,Ecommerce,3
712,Customer_0712,Ecommerce,5
713,Customer_0713,KeyAccount,6
714,Customer_0714,KeyAccount,6
715,Customer_0715,Ecommerce,9
716,Customer_0716,KeyAccount,1
717,Customer_0717,Retail,1
718,Customer_0718,KeyAccount,6
719,Customer_0719,Retail,7
720,Customer_0720,Ecommerce,10
721,Customer_0721,Retail,4
722,Customer_0722,Ecommerce,6
723,Customer_0723,Retail,9
724,Customer_0724,KeyAccount,7
725,Customer_0725,Wholesale,4
726,Customer_0726,KeyAccount,10
727,Customer_0727,KeyAccount,2
728,Customer_0728,KeyAccount,8
729,Customer_0729,Ecommerce,5
730,Customer_0730,Wholesale,6
731,Customer_0731,Ecommerce,3
732,Customer_0732,Ecommerce,3
733,Customer_0733,KeyAccount,9
734,Customer_0734,Ecommerce,5
735,Customer_0735,Ecommerce,9
736,Customer_0736,Ecommerce,10
737,Customer_0737,Wholesale,6
738,Customer_0738,Wholesale,9
739,Customer_0739,Wholesale,2
740,Customer_0740,Ecommerce,1
741,Customer_0741,KeyAccount,6
742,Customer_0742,Retail,5
743,Customer_0743,Ecommerce,4
744,Customer_0744,KeyAccount,10
745,Customer_0745,Wholesale,10
746,Customer_0746,KeyAccount,3
747,Customer_0747,KeyAccount,7
748,Customer_0748,KeyAccount,5
749,Customer_0749,Wholesale,1
750,Customer_0750,KeyAccount,9
751,Customer_0751,Retail,3
752,Customer_0752,Retail,3
753,Customer_0753,KeyAccount,3
754,Customer_0754,Retail,3
755,Customer_0755,Retail,7
756,Customer_0756,KeyAccount,5
757,Customer_0757,KeyAccount,10
758,Customer_0758,Wholesale,7
759,Customer_0759,Ecommerce,10
760,Customer_0760,Retail,4
761,Customer_0761,Ecommerce,3
762,Customer_0762,Ecommerce,3
763,Customer_0763,Ecommerce,6
764,Customer_0764,Wholesale,1
765,Customer_0765,Retail,4
766,Customer_0766,KeyAccount,5
767,Customer_0767,KeyAccount,1
768,Customer_0768,Wholesale,9
769,Customer_0769,Retail,5
770,Customer_0770,Ecommerce,10
771,Customer_0771,Wholesale,5
772,Customer_0772,Ecommerce,9
773,Customer_0773,Retail,4
774,Customer_0774,Retail,10
775,Customer_0775,KeyAccount,6
776,Customer_0776,Retail,4
777,Customer_0777,KeyAccount,9
778,Customer_0778,KeyAccount,5
779,Customer_0779,Ecommerce,10
780,Customer_0780,Ecommerce,7
781,Customer_0781,Wholesale,6
782,Customer_0782,Retail,9
783,Customer_0783,Ecommerce,10
784,Customer_0784,Retail,8
785,Customer_0785,Ecommerce,5
786,Customer_0786,Retail,6
787,Customer_0787,Retail,5
788,Customer_0788,Ecommerce,9
789,Customer_0789,Retail,8
790,Customer_0790,KeyAccount,2
791,Customer_0791,KeyAccount,8
792,Customer_0792,Ecommerce,4
793,Customer_0793,KeyAccount,1
794,Customer_0794,Retail,1
795,Customer_0795,Ecommerce,9
796,Customer_0796,KeyAccount,9
797,Customer_0797,KeyAccount,8
798,Customer_0798,Retail,7
799,Customer_0799,Wholesale,9
800,Customer_0800,KeyAccount,1
801,Customer_0801,Retail,6
802,Customer_0802,Ecommerce,1
803,Customer_0803,Ecommerce,6
804,Customer_0804,Retail,4
805,Customer_0805,Wholesale,8
806,Customer_0806,KeyAccount,10
807,Customer_0807,Retail,1
808,Customer_0808,Ecommerce,8
809,Customer_0809,Wholesale,3
810,Customer_0810,KeyAccount,7
811,Customer_0811,KeyAccount,5
812,Customer_0812,Ecommerce,5
813,Customer_0813,Ecommerce,6
814,Customer_0814,Wholesale,3
815,Customer_0815,Wholesale,1
816,Customer_0816,Wholesale,9
817,Customer_0817,KeyAccount,3
818,Customer_0818,Retail,10
819,Customer_0819,Retail,4
820,Customer_0820,Retail,3
821,Customer_0821,KeyAccount,8
822,Customer_0822,KeyAccount,7
823,Customer_0823,Wholesale,9
824,Customer_0824,KeyAccount,4
825,Customer_0825,KeyAccount,10
826,Customer_0826,Ecommerce,2
827,Customer_0827,Ecommerce,5
828,Customer_0828,Wholesale,6
829,Customer_0829,Retail,5
830,Customer_0830,Ecommerce,7
831,Customer_0831,Retail,5
832,Customer_0832,Ecommerce,5
833,Customer_0833,KeyAccount,5
834,Customer_0834,KeyAccount,4
835,Customer_0835,Wholesale,10
836,Customer_0836,Retail,4
837,Customer_0837,KeyAccount,7
838,Customer_0838,Retail,7
839,Customer_0839,Ecommerce,3
840,Customer_0840,Wholesale,9
841,Customer_0841,Ecommerce,8
842,Customer_0842,Ecommerce,7
843,Customer_0843,Wholesale,9
844,Customer_0844,Wholesale,3
845,Customer_0845,Wholesale,6
846,Customer_0846,KeyAccount,7
847,Customer_0847,Retail,8
848,Customer_0848,Wholesale,4
849,Customer_0849,Wholesale,4
850,Customer_0850,KeyAccount,10
851,Customer_0851,Retail,9
852,Customer_0852,KeyAccount,5
853,Customer_0853,Wholesale,6
854,Customer_0854,Wholesale,5
855,Customer_0855,Ecommerce,2
856,Customer_0856,Wholesale,6
857,Customer_0857,KeyAccount,7
858,Customer_0858,Retail,1
859,Customer_0859,Ecommerce,5
860,Customer_0860,KeyAccount,1
861,Customer_0861,Ecommerce,8
862,Customer_0862,KeyAccount,8
863,Customer_0863,Retail,7
864,Customer_0864,Ecommerce,7
865,Customer_0865,Wholesale,9
866,Customer_0866,Retail,2
867,Customer_0867,Wholesale,9
868,Customer_0868,Ecommerce,10
869,Customer_0869,Wholesale,9
870,Customer_0870,KeyAccount,3
871,Customer_0871,Wholesale,8
872,Customer_0872,KeyAccount,8
873,Customer_0873,Retail,9
874,Customer_0874,KeyAccount,10
875,Customer_0875,Wholesale,6
876,Customer_0876,Wholesale,3
877,Customer_0877,KeyAccount,5
878,Customer_0878,KeyAccount,6
879,Customer_0879,Retail,5
880,Customer_0880,KeyAccount,10
881,Customer_0881,Ecommerce,1
882,Customer_0882,Ecommerce,3
883,Customer_0883,Ecommerce,7
884,Customer_0884,KeyAccount,10
885,Customer_0885,Retail,3
886,Customer_0886,Ecommerce,10
887,Customer_0887,Ecommerce,4
888,Customer_0888,Retail,8
889,Customer_0889,Ecommerce,8
890,Customer_0890,Wholesale,7
891,Customer_0891,Retail,6
892,Customer_0892,Ecommerce,5
893,Customer_0893,Wholesale,5
894,Customer_0894,Wholesale,1
895,Customer_0895,Wholesale,10
896,Customer_0896,Ecommerce,7
897,Customer_0897,Ecommerce,9
898,Customer_0898,Ecommerce,3
899,Customer_0899,Wholesale,8
900,Customer_0900,Ecommerce,7
901,Customer_0901,KeyAccount,5
902,Customer_0902,Wholesale,4
903,Customer_0903,Ecommerce,10
904,Customer_0904,Retail,4
905,Customer_0905,Wholesale,6
906,Customer_0906,Ecommerce,2
907,Customer_0907,KeyAccount,3
908,Customer_0908,Retail,7
909,Customer_0909,Wholesale,4
910,Customer_0910,Ecommerce,3
911,Customer_0911,KeyAccount,7
912,Customer_0912,Retail,2
913,Customer_0913,Ecommerce,7
914,Customer_0914,Wholesale,4
915,Customer_0915,KeyAccount,10
916,Customer_0916,Wholesale,6
917,Customer_0917,Wholesale,8
918,Customer_0918,KeyAccount,2
919,Customer_0919,Ecommerce,7
920,Customer_0920,Retail,2
921,Customer_0921,Retail,10
922,Customer_0922,KeyAccount,10
923,Customer_0923,Retail,3
924,Customer_0924,Wholesale,3
925,Customer_0925,Ecommerce,7
926,Customer_0926,Retail,5
927,Customer_0927,KeyAccount,6
928,Customer_0928,Retail,2
929,Customer_0929,Retail,2
930,Customer_0930,Ecommerce,4
931,Customer_0931,Wholesale,10
932,Customer_0932,Wholesale,3
933,Customer_0933,Wholesale,9
934,Customer_0934,Retail,8
935,Customer_0935,KeyAccount,4
936,Customer_0936,Wholesale,6
937,Customer_0937,Wholesale,3
938,Customer_0938,Ecommerce,2
939,Customer_0939,Wholesale,2
940,Customer_0940,Wholesale,9
941,Customer_0941,Retail,5
942,Customer_0942,Wholesale,7
943,Customer_0943,Wholesale,1
944,Customer_0944,KeyAccount,6
945,Customer_0945,Wholesale,6
946,Customer_0946,KeyAccount,10
947,Customer_0947,Ecommerce,6
948,Customer_0948,Ecommerce,5
949,Customer_0949,KeyAccount,2
950,Customer_0950,Wholesale,5
951,Customer_0951,Retail,9
952,Customer_0952,Retail,3
953,Customer_0953,Retail,9
954,Customer_0954,Ecommerce,1
955,Customer_0955,Wholesale,3
956,Customer_0956,Retail,1
957,Customer_0957,Wholesale,5
958,Customer_0958,Retail,2
959,Customer_0959,Wholesale,4
960,Customer_0960,Retail,10
961,Customer_0961,KeyAccount,4
962,Customer_0962,KeyAccount,9
963,Customer_0963,Retail,3
964,Customer_0964,Wholesale,3
965,Customer_0965,Wholesale,9
966,Customer_0966,KeyAccount,1
967,Customer_0967,Ecommerce,3
968,Customer_0968,Ecommerce,3
969,Customer_0969,Ecommerce,3
970,Customer_0970,KeyAccount,9
971,Customer_0971,Wholesale,10
972,Customer_0972,Wholesale,3
973,Customer_0973,KeyAccount,9
974,Customer_0974,KeyAccount,3
975,Customer_0975,Ecommerce,2
976,Customer_0976,Retail,9
977,Customer_0977,Wholesale,6
978,Customer_0978,KeyAccount,1
979,Customer_0979,Wholesale,5
980,Customer_0980,Wholesale,2
981,Customer_0981,Retail,3
982,Customer_0982,Retail,1
983,Customer_0983,Retail,9
984,Customer_0984,Ecommerce,8
985,Customer_0985,Ecommerce,5
986,Customer_0986,Wholesale,1
987,Customer_0987,Wholesale,8
988,Customer_0988,Retail,7
989,Customer_0989,Retail,7
990,Customer_0990,KeyAccount,1
991,Customer_0991,Retail,10
992,Customer_0992,Retail,4
993,Customer_0993,Ecommerce,5
994,Customer_0994,Ecommerce,2
995,Customer_0995,KeyAccount,5
996,Customer_0996,KeyAccount,6
997,Customer_0997,Wholesale,9
998,Customer_0998,Retail,7
999,Customer_0999,Retail,9
1000,Customer_1000,KeyAccount,4
1001,Customer_1001,KeyAccount,6
1002,Customer_1002,KeyAccount,9
1003,Customer_1003,KeyAccount,5
1004,Customer_1004,Retail,9
1005,Customer_1005,Ecommerce,1
1006,Customer_1006,KeyAccount,6
1007,Customer_1007,Ecommerce,7
1008,Customer_1008,Ecommerce,1
1009,Customer_1009,Retail,1
1010,Customer_1010,KeyAccount,2
1011,Customer_1011,Wholesale,7
1012,Customer_1012,KeyAccount,9
1013,Customer_1013,KeyAccount,3
1014,Customer_1014,Retail,10
1015,Customer_1015,KeyAccount,7
1016,Customer_1016,KeyAccount,2
1017,Customer_1017,Retail,3
1018,Customer_1018,KeyAccount,5
1019,Customer_1019,Retail,4
1020,Customer_1020,Ecommerce,1
1021,Customer_1021,Retail,9
1022,Customer_1022,Retail,9
1023,Customer_1023,Retail,2
1024,Customer_1024,KeyAccount,2
1025,Customer_1025,Retail,5
1026,Customer_1026,Ecommerce,7
1027,Customer_1027,Retail,9
1028,Customer_1028,Ecommerce,2
1029,Customer_1029,Wholesale,7
1030,Customer_1030,Ecommerce,6
1031,Customer_1031,Retail,9
1032,Customer_1032,Ecommerce,9
1033,Customer_1033,Ecommerce,4
1034,Customer_1034,Wholesale,7
1035,Customer_1035,Wholesale,2
1036,Customer_1036,KeyAccount,6
1037,Customer_1037,Retail,1
1038,Customer_1038,Wholesale,1
1039,Customer_1039,Ecommerce,7
1040,Customer_1040,Ecommerce,1
1041,Customer_1041,Wholesale,5
1042,Customer_1042,Wholesale,9
1043,Customer_1043,Wholesale,2
1044,Customer_1044,Ecommerce,10
1045,Customer_1045,Wholesale,9
1046,Customer_1046,KeyAccount,8
1047,Customer_1047,Wholesale,5
1048,Customer_1048,Retail,3
1049,Customer_1049,Ecommerce,10
1050,Customer_1050,Retail,10
1051,Customer_1051,Ecommerce,9
1052,Customer_1052,Ecommerce,6
1053,Customer_1053,Wholesale,1
1054,Customer_1054,KeyAccount,7
1055,Customer_1055,Wholesale,5
1056,Customer_1056,Retail,9
1057,Customer_1057,Wholesale,6
1058,Customer_1058,Wholesale,10
1059,Customer_1059,Ecommerce,3
1060,Customer_1060,Wholesale,6
1061,Customer_1061,Retail,2
1062,Customer_1062,Ecommerce,3
1063,Customer_1063,KeyAccount,1
1064,Customer_1064,Ecommerce,2
1065,Customer_1065,KeyAccount,5
1066,Customer_1066,Retail,5
1067,Customer_1067,KeyAccount,2
1068,Customer_1068,Wholesale,1
1069,Customer_1069,Wholesale,6
1070,Customer_1070,Retail,9
1071,Customer_1071,Ecommerce,1
1072,Customer_1072,Retail,7
1073,Customer_1073,Wholesale,6
1074,Customer_1074,KeyAccount,5
1075,Customer_1075,KeyAccount,7
1076,Customer_1076,Ecommerce,2
1077,Customer_1077,Retail,4
1078,Customer_1078,Retail,4
1079,Customer_1079,Ecommerce,1
1080,Customer_1080,KeyAccount,6
1081,Customer_1081,Retail,4
1082,Customer_1082,Wholesale,2
1083,Customer_1083,KeyAccount,9
1084,Customer_1084,Retail,10
1085,Customer_1085,KeyAccount,2
1086,Customer_1086,Ecommerce,8
1087,Customer_1087,Ecommerce,8
1088,Customer_1088,Wholesale,7
1089,Customer_1089,Retail,6
1090,Customer_1090,Ecommerce,6
1091,Customer_1091,Wholesale,7
1092,Customer_1092,Ecommerce,4
1093,Customer_1093,Ecommerce,9
1094,Customer_1094,Ecommerce,1
1095,Customer_1095,Retail,6
1096,Customer_1096,Ecommerce,3
1097,Customer_1097,Retail,3
1098,Customer_1098,Retail,10
1099,Customer_1099,Retail,7
1100,Customer_1100,Retail,5
1101,Customer_1101,KeyAccount,5
1102,Customer_1102,Retail,1
1103,Customer_1103,Retail,5
1104,Customer_1104,Ecommerce,3
1105,Customer_1105,Ecommerce,10
1106,Customer_1106,Wholesale,7
1107,Customer_1107,Retail,5
1108,Customer_1108,KeyAccount,3
1109,Customer_1109,Wholesale,3
1110,Customer_1110,Ecommerce,5
1111,Customer_1111,Wholesale,4
1112,Customer_1112,Retail,5
1113,Customer_1113,Ecommerce,2
1114,Customer_1114,Retail,8
1115,Customer_1115,KeyAccount,3
1116,Customer_1116,Retail,9
1117,Customer_1117,KeyAccount,7
1118,Customer_1118,Ecommerce,9
1119,Customer_1119,Wholesale,10
1120,Customer_1120,Wholesale,10
1121,Customer_1121,Wholesale,7
1122,Customer_1122,Retail,9
1123,Customer_1123,KeyAccount,4
1124,Customer_1124,Ecommerce,4
1125,Customer_1125,KeyAccount,3
1126,Customer_1126,Retail,6
1127,Customer_1127,Wholesale,4
1128,Customer_1128,Retail,9
1129,Customer_1129,Wholesale,4
1130,Customer_1130,Wholesale,3
1131,Customer_1131,Ecommerce,4
1132,Customer_1132,KeyAccount,4
1133,Customer_1133,Ecommerce,1
1134,Customer_1134,Wholesale,9
1135,Customer_1135,Ecommerce,9
1136,Customer_1136,Retail,9
1137,Customer_1137,KeyAccount,7
1138,Customer_1138,Ecommerce,6
1139,Customer_1139,Ecommerce,5
1140,Customer_1140,Retail,2
1141,Customer_1141,Ecommerce,3
1142,Customer_1142,Wholesale,8
1143,Customer_1143,KeyAccount,9
1144,Customer_1144,Wholesale,4
1145,Customer_1145,Ecommerce,10
1146,Customer_1146,Retail,4
1147,Customer_1147,Retail,5
1148,Customer_1148,KeyAccount,4
1149,Customer_1149,Retail,8
1150,Customer_1150,Ecommerce,6
1151,Customer_1151,Ecommerce,8
1152,Customer_1152,Retail,7
1153,Customer_1153,Wholesale,6
1154,Customer_1154,KeyAccount,9
1155,Customer_1155,Retail,4
1156,Customer_1156,Ecommerce,10
1157,Customer_1157,Wholesale,2
1158,Customer_1158,Ecommerce,5
1159,Customer_1159,KeyAccount,9
1160,Customer_1160,Retail,2
1161,Customer_1161,Retail,10
1162,Customer_1162,Wholesale,5
1163,Customer_1163,KeyAccount,5
1164,Customer_1164,KeyAccount,2
1165,Customer_1165,KeyAccount,4
1166,Customer_1166,KeyAccount,8
1167,Customer_1167,KeyAccount,9
1168,Customer_1168,KeyAccount,3
1169,Customer_1169,Retail,5
1170,Customer_1170,Retail,2
1171,Customer_1171,Wholesale,8
1172,Customer_1172,Wholesale,4
1173,Customer_1173,Ecommerce,4
1174,Customer_1174,Ecommerce,2
1175,Customer_1175,Ecommerce,2
1176,Customer_1176,Wholesale,2
1177,Customer_1177,Retail,9
1178,Customer_1178,KeyAccount,4
1179,Customer_1179,Ecommerce,9
1180,Customer_1180,KeyAccount,7
1181,Customer_1181,Ecommerce,8
1182,Customer_1182,Wholesale,8
1183,Customer_1183,Retail,4
1184,Customer_1184,Ecommerce,3
1185,Customer_1185,Wholesale,5
1186,Customer_1186,KeyAccount,10
1187,Customer_1187,Wholesale,1
1188,Customer_1188,Retail,10
1189,Customer_1189,KeyAccount,3
1190,Customer_1190,KeyAccount,9
1191,Customer_1191,KeyAccount,5
1192,Customer_1192,Retail,6
1193,Customer_1193,Wholesale,8
1194,Customer_1194,Ecommerce,5
1195,Customer_1195,Wholesale,5
1196,Customer_1196,Wholesale,4
1197,Customer_1197,KeyAccount,8
1198,Customer_1198,KeyAccount,5
1199,Customer_1199,Ecommerce,2
1200,Customer_1200,Retail,1
1201,Customer_1201,KeyAccount,9
1202,Customer_1202,Retail,3
1203,Customer_1203,KeyAccount,9
1204,Customer_1204,Ecommerce,2
1205,Customer_1205,Retail,6
1206,Customer_1206,Ecommerce,4
1207,Customer_1207,Wholesale,2
1208,Customer_1208,Ecommerce,6
1209,Customer_1209,Wholesale,2
1210,Customer_1210,Ecommerce,9
1211,Customer_1211,KeyAccount,2
1212,Customer_1212,Retail,10
1213,Customer_1213,Retail,6
1214,Customer_1214,Wholesale,7
1215,Customer_1215,KeyAccount,8
1216,Customer_1216,Wholesale,6
1217,Customer_1217,Retail,9
1218,Customer_1218,Wholesale,2
1219,Customer_1219,Wholesale,8
1220,Customer_1220,KeyAccount,9
1221,Customer_1221,Retail,10
1222,Customer_1222,Retail,7
1223,Customer_1223,Wholesale,4
1224,Customer_1224,Wholesale,7
1225,Customer_1225,KeyAccount,2
1226,Customer_1226,Ecommerce,3
1227,Customer_1227,KeyAccount,5
1228,Customer_1228,Ecommerce,5
1229,Customer_1229,KeyAccount,3
1230,Customer_1230,Retail,5
1231,Customer_1231,KeyAccount,7
1232,Customer_1232,KeyAccount,8
1233,Customer_1233,Ecommerce,5
1234,Customer_1234,Ecommerce,9
1235,Customer_1235,KeyAccount,9
1236,Customer_1236,KeyAccount,9
1237,Customer_1237,Wholesale,9
1238,Customer_1238,Retail,8
1239,Customer_1239,Wholesale,2
1240,Customer_1240,Wholesale,5
1241,Customer_1241,Ecommerce,1
1242,Customer_1242,Retail,2
1243,Customer_1243,Ecommerce,7
1244,Customer_1244,Wholesale,10
1245,Customer_1245,Retail,7
1246,Customer_1246,Wholesale,4
1247,Customer_1247,KeyAccount,1
1248,Customer_1248,Retail,6
1249,Customer_1249,Retail,9
1250,Customer_1250,Retail,7
1251,Customer_1251,Ecommerce,2
1252,Customer_1252,KeyAccount,5
1253,Customer_1253,Wholesale,7
1254,Customer_1254,KeyAccount,4
1255,Customer_1255,Ecommerce,3
1256,Customer_1256,KeyAccount,10
1257,Customer_1257,Ecommerce,4
1258,Customer_1258,Ecommerce,9
1259,Customer_1259,Ecommerce,4
1260,Customer_1260,Ecommerce,10
1261,Customer_1261,KeyAccount,1
1262,Customer_1262,Ecommerce,8
1263,Customer_1263,Retail,6
1264,Customer_1264,Ecommerce,9
1265,Customer_1265,Wholesale,4
1266,Customer_1266,Wholesale,4
1267,Customer_1267,Retail,6
1268,Customer_1268,Ecommerce,6
1269,Customer_1269,Ecommerce,7
1270,Customer_1270,Wholesale,3
1271,Customer_1271,Retail,6
1272,Customer_1272,Retail,9
1273,Customer_1273,KeyAccount,3
1274,Customer_1274,Ecommerce,3
1275,Customer_1275,KeyAccount,1
1276,Customer_1276,Ecommerce,2
1277,Customer_1277,KeyAccount,7
1278,Customer_1278,KeyAccount,7
1279,Customer_1279,KeyAccount,5
1280,Customer_1280,Ecommerce,2
1281,Customer_1281,Retail,9
1282,Customer_1282,Retail,2
1283,Customer_1283,KeyAccount,8
1284,Customer_1284,KeyAccount,4
1285,Customer_1285,Wholesale,7
1286,Customer_1286,Ecommerce,9
1287,Customer_1287,Ecommerce,6
1288,Customer_1288,Wholesale,3
1289,Customer_1289,KeyAccount,4
1290,Customer_1290,Retail,10
1291,Customer_1291,Retail,8
1292,Customer_1292,KeyAccount,4
1293,Customer_1293,Wholesale,10
1294,Customer_1294,Ecommerce,5
1295,Customer_1295,KeyAccount,10
1296,Customer_1296,Retail,2
1297,Customer_1297,Wholesale,7
1298,Customer_1298,Ecommerce,9
1299,Customer_1299,Wholesale,8
1300,Customer_1300,Wholesale,8
1301,Customer_1301,Ecommerce,4
1302,Customer_1302,Retail,5
1303,Customer_1303,Wholesale,3
1304,Customer_1304,KeyAccount,9
1305,Customer_1305,Ecommerce,9
1306,Customer_1306,Wholesale,8
1307,Customer_1307,Ecommerce,8
1308,Customer_1308,Retail,3
1309,Customer_1309,Wholesale,3
1310,Customer_1310,Retail,1
1311,Customer_1311,KeyAccount,1
1312,Customer_1312,Ecommerce,4
1313,Customer_1313,KeyAccount,3
1314,Customer_1314,Wholesale,3
1315,Customer_1315,KeyAccount,3
1316,Customer_1316,Ecommerce,9
1317,Customer_1317,Retail,6
1318,Customer_1318,Ecommerce,7
1319,Customer_1319,Retail,9
1320,Customer_1320,Ecommerce,2
1321,Customer_1321,Ecommerce,2
1322,Customer_1322,Ecommerce,6
1323,Customer_1323,Wholesale,2
1324,Customer_1324,Ecommerce,1
1325,Customer_1325,Ecommerce,7
1326,Customer_1326,Wholesale,8
1327,Customer_1327,KeyAccount,7
1328,Customer_1328,Retail,5
1329,Customer_1329,Retail,4
1330,Customer_1330,Ecommerce,3
1331,Customer_1331,Wholesale,7
1332,Customer_1332,Ecommerce,7
1333,Customer_1333,Ecommerce,1
1334,Customer_1334,Wholesale,5
1335,Customer_1335,Retail,2
1336,Customer_1336,KeyAccount,4
1337,Customer_1337,Retail,10
1338,Customer_1338,Ecommerce,3
1339,Customer_1339,Wholesale,9
1340,Customer_1340,Wholesale,6
1341,Customer_1341,Retail,3
1342,Customer_1342,KeyAccount,5
1343,Customer_1343,Ecommerce,5
1344,Customer_1344,Wholesale,4
1345,Customer_1345,Wholesale,6
1346,Customer_1346,Retail,2
1347,Customer_1347,Wholesale,1
1348,Customer_1348,Wholesale,10
1349,Customer_1349,Ecommerce,6
1350,Customer_1350,Retail,10
1351,Customer_1351,KeyAccount,5
1352,Customer_1352,Wholesale,5
1353,Customer_1353,Wholesale,6
1354,Customer_1354,KeyAccount,1
1355,Customer_1355,Wholesale,1
1356,Customer_1356,KeyAccount,6
1357,Customer_1357,Ecommerce,4
1358,Customer_1358,Retail,10
1359,Customer_1359,Wholesale,9
1360,Customer_1360,KeyAccount,8
1361,Customer_1361,Retail,2
1362,Customer_1362,Ecommerce,3
1363,Customer_1363,KeyAccount,9
1364,Customer_1364,KeyAccount,8
1365,Customer_1365,Ecommerce,8
1366,Customer_1366,Wholesale,3
1367,Customer_1367,Retail,6
1368,Customer_1368,Wholesale,8
1369,Customer_1369,KeyAccount,6
1370,Customer_1370,Wholesale,2
1371,Customer_1371,Ecommerce,2
1372,Customer_1372,Wholesale,9
1373,Customer_1373,Wholesale,5
1374,Customer_1374,KeyAccount,7
1375,Customer_1375,KeyAccount,10
1376,Customer_1376,Wholesale,8
1377,Customer_1377,KeyAccount,6
1378,Customer_1378,Retail,1
1379,Customer_1379,Ecommerce,8
1380,Customer_1380,Retail,2
1381,Customer_1381,Retail,3
1382,Customer_1382,Ecommerce,5
1383,Customer_1383,Retail,10
1384,Customer_1384,KeyAccount,4
1385,Customer_1385,Wholesale,9
1386,Customer_1386,KeyAccount,3
1387,Customer_1387,KeyAccount,5
1388,Customer_1388,KeyAccount,7
1389,Customer_1389,Wholesale,4
1390,Customer_1390,Ecommerce,7
1391,Customer_1391,Wholesale,1
1392,Customer_1392,KeyAccount,6
1393,Customer_1393,Ecommerce,8
1394,Customer_1394,Wholesale,4
1395,Customer_1395,Ecommerce,3
1396,Customer_1396,Ecommerce,2
1397,Customer_1397,Wholesale,1
1398,Customer_1398,Retail,5
1399,Customer_1399,Wholesale,6
1400,Customer_1400,KeyAccount,9
1401,Customer_1401,KeyAccount,10
1402,Customer_1402,Wholesale,2
1403,Customer_1403,Ecommerce,8
1404,Customer_1404,Ecommerce,4
1405,Customer_1405,KeyAccount,5
1406,Customer_1406,Ecommerce,8
1407,Customer_1407,Retail,3
1408,Customer_1408,KeyAccount,10
1409,Customer_1409,Retail,1
1410,Customer_1410,Wholesale,10
1411,Customer_1411,Ecommerce,10
1412,Customer_1412,Retail,10
1413,Customer_1413,KeyAccount,8
1414,Customer_1414,Ecommerce,4
1415,Customer_1415,KeyAccount,7
1416,Customer_1416,Ecommerce,6
1417,Customer_1417,KeyAccount,7
1418,Customer_1418,Ecommerce,5
1419,Customer_1419,Ecommerce,10
1420,Customer_1420,Wholesale,4
1421,Customer_1421,Wholesale,9
1422,Customer_1422,Wholesale,7
1423,Customer_1423,Retail,1
1424,Customer_1424,KeyAccount,3
1425,Customer_1425,Retail,1
1426,Customer_1426,Wholesale,6
1427,Customer_1427,KeyAccount,10
1428,Customer_1428,Wholesale,10
1429,Customer_1429,Retail,7
1430,Customer_1430,Wholesale,10
1431,Customer_1431,Ecommerce,6
1432,Customer_1432,Retail,4
1433,Customer_1433,KeyAccount,8
1434,Customer_1434,Ecommerce,2
1435,Customer_1435,Ecommerce,1
1436,Customer_1436,Retail,9
1437,Customer_1437,Wholesale,7
1438,Customer_1438,Retail,6
1439,Customer_1439,Retail,6
1440,Customer_1440,Ecommerce,2
1441,Customer_1441,Ecommerce,1
1442,Customer_1442,Retail,7
1443,Customer_1443,Ecommerce,4
1444,Customer_1444,Ecommerce,4
1445,Customer_1445,Retail,1
1446,Customer_1446,Wholesale,6
1447,Customer_1447,Wholesale,2
1448,Customer_1448,Ecommerce,8
1449,Customer_1449,Wholesale,6
1450,Customer_1450,Ecommerce,3
1451,Customer_1451,Retail,9
1452,Customer_1452,Retail,9
1453,Customer_1453,Wholesale,5
1454,Customer_1454,Ecommerce,10
1455,Customer_1455,KeyAccount,7
1456,Customer_1456,Wholesale,7
1457,Customer_1457,Ecommerce,7
1458,Customer_1458,KeyAccount,6
1459,Customer_1459,Ecommerce,7
1460,Customer_1460,KeyAccount,8
1461,Customer_1461,Wholesale,4
1462,Customer_1462,Ecommerce,7
1463,Customer_1463,Wholesale,6
1464,Customer_1464,KeyAccount,6
1465,Customer_1465,KeyAccount,1
1466,Customer_1466,Ecommerce,4
1467,Customer_1467,Wholesale,7
1468,Customer_1468,KeyAccount,9
1469,Customer_1469,KeyAccount,10
1470,Customer_1470,KeyAccount,2
1471,Customer_1471,Wholesale,10
1472,Customer_1472,Wholesale,3
1473,Customer_1473,KeyAccount,6
1474,Customer_1474,Ecommerce,3
1475,Customer_1475,Retail,4
1476,Customer_1476,Ecommerce,6
1477,Customer_1477,Retail,10
1478,Customer_1478,Retail,7
1479,Customer_1479,KeyAccount,10
1480,Customer_1480,Retail,1
1481,Customer_1481,Ecommerce,8
1482,Customer_1482,KeyAccount,6
1483,Customer_1483,Wholesale,10
1484,Customer_1484,KeyAccount,6
1485,Customer_1485,KeyAccount,1
1486,Customer_1486,Wholesale,2
1487,Customer_1487,KeyAccount,6
1488,Customer_1488,KeyAccount,7
1489,Customer_1489,KeyAccount,6
1490,Customer_1490,Retail,2
1491,Customer_1491,Ecommerce,8
1492,Customer_1492,Wholesale,10
1493,Customer_1493,Retail,3
1494,Customer_1494,Wholesale,3
1495,Customer_1495,KeyAccount,4
1496,Customer_1496,Wholesale,4
1497,Customer_1497,KeyAccount,4
1498,Customer_1498,Ecommerce,6
1499,Customer_1499,KeyAccount,6
1500,Customer_1500,Wholesale,8
1501,Customer_1501,Ecommerce,2
1502,Customer_1502,Retail,8
1503,Customer_1503,Wholesale,7
1504,Customer_1504,KeyAccount,6
1505,Customer_1505,Wholesale,6
1506,Customer_1506,Ecommerce,5
1507,Customer_1507,KeyAccount,1
1508,Customer_1508,Retail,4
1509,Customer_1509,Wholesale,6
1510,Customer_1510,Retail,3
1511,Customer_1511,Retail,5
1512,Customer_1512,Retail,1
1513,Customer_1513,Ecommerce,5
1514,Customer_1514,Wholesale,8
1515,Customer_1515,Wholesale,9
1516,Customer_1516,Retail,9
1517,Customer_1517,Retail,7
1518,Customer_1518,KeyAccount,5
1519,Customer_1519,Ecommerce,10
1520,Customer_1520,KeyAccount,4
1521,Customer_1521,Wholesale,8
1522,Customer_1522,Retail,10
1523,Customer_1523,Ecommerce,3
1524,Customer_1524,Retail,1
1525,Customer_1525,KeyAccount,8
1526,Customer_1526,Retail,10
1527,Customer_1527,Wholesale,5
1528,Customer_1528,Ecommerce,10
1529,Customer_1529,KeyAccount,2
1530,Customer_1530,Ecommerce,2
1531,Customer_1531,KeyAccount,5
1532,Customer_1532,Ecommerce,8
1533,Customer_1533,Retail,6
1534,Customer_1534,Retail,2
1535,Customer_1535,Ecommerce,2
1536,Customer_1536,Ecommerce,1
1537,Customer_1537,Retail,3
1538,Customer_1538,Wholesale,2
1539,Customer_1539,KeyAccount,4
1540,Customer_1540,KeyAccount,5
1541,Customer_1541,Ecommerce,8
1542,Customer_1542,Wholesale,9
1543,Customer_1543,Retail,3
1544,Customer_1544,Retail,1
1545,Customer_1545,Ecommerce,2
1546,Customer_1546,Wholesale,4
1547,Customer_1547,Wholesale,4
1548,Customer_1548,KeyAccount,8
1549,Customer_1549,Ecommerce,6
1550,Customer_1550,Wholesale,9
1551,Customer_1551,KeyAccount,8
1552,Customer_1552,Wholesale,4
1553,Customer_1553,Wholesale,3
1554,Customer_1554,Ecommerce,4
1555,Customer_1555,Wholesale,2
1556,Customer_1556,Ecommerce,9
1557,Customer_1557,Wholesale,5
1558,Customer_1558,Wholesale,6
1559,Customer_1559,Ecommerce,5
1560,Customer_1560,KeyAccount,5
1561,Customer_1561,Wholesale,8
1562,Customer_1562,KeyAccount,3
1563,Customer_1563,Ecommerce,8
1564,Customer_1564,Retail,9
1565,Customer_1565,KeyAccount,3
1566,Customer_1566,Wholesale,2
1567,Customer_1567,Ecommerce,7
1568,Customer_1568,Wholesale,6
1569,Customer_1569,Wholesale,7
1570,Customer_1570,Wholesale,3
1571,Customer_1571,KeyAccount,4
1572,Customer_1572,Ecommerce,1
1573,Customer_1573,Wholesale,8
1574,Customer_1574,Ecommerce,5
1575,Customer_1575,Ecommerce,5
1576,Customer_1576,Retail,3
1577,Customer_1577,Wholesale,9
1578,Customer_1578,Retail,7
1579,Customer_1579,KeyAccount,8
1580,Customer_1580,Ecommerce,10
1581,Customer_1581,Ecommerce,2
1582,Customer_1582,Wholesale,4
1583,Customer_1583,KeyAccount,4
1584,Customer_1584,Wholesale,4
1585,Customer_1585,Wholesale,6
1586,Customer_1586,Retail,3
1587,Customer_1587,Wholesale,6
1588,Customer_1588,KeyAccount,8
1589,Customer_1589,Wholesale,6
1590,Customer_1590,Ecommerce,2
1591,Customer_1591,Ecommerce,7
1592,Customer_1592,KeyAccount,3
1593,Customer_1593,Wholesale,5
1594,Customer_1594,Retail,4
1595,Customer_1595,Retail,6
1596,Customer_1596,Ecommerce,10
1597,Customer_1597,Ecommerce,9
1598,Customer_1598,Ecommerce,7
1599,Customer_1599,Retail,6
1600,Customer_1600,Retail,3
1601,Customer_1601,Wholesale,7
1602,Customer_1602,Wholesale,5
1603,Customer_1603,Wholesale,1
1604,Customer_1604,Wholesale,9
1605,Customer_1605,Ecommerce,3
1606,Customer_1606,Retail,5
1607,Customer_1607,Retail,8
1608,Customer_1608,Wholesale,4
1609,Customer_1609,KeyAccount,2
1610,Customer_1610,Retail,1
1611,Customer_1611,Ecommerce,6
1612,Customer_1612,KeyAccount,5
1613,Customer_1613,KeyAccount,5
1614,Customer_1614,Wholesale,8
1615,Customer_1615,Ecommerce,9
1616,Customer_1616,Wholesale,5
1617,Customer_1617,Retail,1
1618,Customer_1618,Ecommerce,10
1619,Customer_1619,Wholesale,8
1620,Customer_1620,Retail,4
1621,Customer_1621,Ecommerce,9
1622,Customer_1622,KeyAccount,7
1623,Customer_1623,KeyAccount,6
1624,Customer_1624,KeyAccount,6
1625,Customer_1625,Ecommerce,2
1626,Customer_1626,Wholesale,3
1627,Customer_1627,Wholesale,8
1628,Customer_1628,KeyAccount,7
1629,Customer_1629,Ecommerce,3
1630,Customer_1630,KeyAccount,7
1631,Customer_1631,KeyAccount,1
1632,Customer_1632,Retail,7
1633,Customer_1633,Wholesale,8
1634,Customer_1634,KeyAccount,10
1635,Customer_1635,Ecommerce,8
1636,Customer_1636,Wholesale,5
1637,Customer_1637,Retail,5
1638,Customer_1638,KeyAccount,5
1639,Customer_1639,KeyAccount,5
1640,Customer_1640,KeyAccount,5
1641,Customer_1641,Retail,4
1642,Customer_1642,Wholesale,6
1643,Customer_1643,Wholesale,10
1644,Customer_1644,Retail,3
1645,Customer_1645,Ecommerce,3
1646,Customer_1646,KeyAccount,4
1647,Customer_1647,Retail,1
1648,Customer_1648,KeyAccount,1
1649,Customer_1649,KeyAccount,7
1650,Customer_1650,Retail,10
1651,Customer_1651,Wholesale,1
1652,Customer_1652,Ecommerce,5
1653,Customer_1653,KeyAccount,3
1654,Customer_1654,KeyAccount,7
1655,Customer_1655,KeyAccount,10
1656,Customer_1656,Ecommerce,3
1657,Customer_1657,KeyAccount,1
1658,Customer_1658,Ecommerce,10
1659,Customer_1659,KeyAccount,7
1660,Customer_1660,Wholesale,10
1661,Customer_1661,KeyAccount,9
1662,Customer_1662,Wholesale,1
1663,Customer_1663,Retail,4
1664,Customer_1664,Ecommerce,7
1665,Customer_1665,Wholesale,4
1666,Customer_1666,Ecommerce,8
1667,Customer_1667,Ecommerce,10
1668,Customer_1668,Ecommerce,3
1669,Customer_1669,Wholesale,9
1670,Customer_1670,Wholesale,4
1671,Customer_1671,Ecommerce,8
1672,Customer_1672,Wholesale,9
1673,Customer_1673,KeyAccount,9
1674,Customer_1674,Wholesale,2
1675,Customer_1675,Wholesale,9
1676,Customer_1676,Retail,10
1677,Customer_1677,KeyAccount,10
1678,Customer_1678,Retail,10
1679,Customer_1679,KeyAccount,3
1680,Customer_1680,KeyAccount,7
1681,Customer_1681,Wholesale,3
1682,Customer_1682,Retail,3
1683,Customer_1683,Wholesale,10
1684,Customer_1684,KeyAccount,9
1685,Customer_1685,KeyAccount,1
1686,Customer_1686,Wholesale,2
1687,Customer_1687,KeyAccount,2
1688,Customer_1688,Wholesale,5
1689,Customer_1689,Retail,2
1690,Customer_1690,Wholesale,1
1691,Customer_1691,Retail,3
1692,Customer_1692,Retail,1
1693,Customer_1693,Ecommerce,4
1694,Customer_1694,Wholesale,9
1695,Customer_1695,Retail,8
1696,Customer_1696,Wholesale,9
1697,Customer_1697,Retail,9
1698,Customer_1698,Wholesale,3
1699,Customer_1699,Retail,8
1700,Customer_1700,Wholesale,3
1701,Customer_1701,KeyAccount,3
1702,Customer_1702,Wholesale,2
1703,Customer_1703,Retail,9
1704,Customer_1704,Wholesale,3
1705,Customer_1705,Ecommerce,8
1706,Customer_1706,Retail,1
1707,Customer_1707,KeyAccount,5
1708,Customer_1708,Wholesale,4
1709,Customer_1709,KeyAccount,1
1710,Customer_1710,KeyAccount,6
1711,Customer_1711,Wholesale,5
1712,Customer_1712,KeyAccount,3
1713,Customer_1713,Wholesale,7
1714,Customer_1714,Wholesale,1
1715,Customer_1715,KeyAccount,9
1716,Customer_1716,Ecommerce,1
1717,Customer_1717,KeyAccount,7
1718,Customer_1718,KeyAccount,3
1719,Customer_1719,Retail,3
1720,Customer_1720,Ecommerce,8
1721,Customer_1721,Retail,3
1722,Customer_1722,KeyAccount,4
1723,Customer_1723,Wholesale,2
1724,Customer_1724,Retail,3
1725,Customer_1725,Wholesale,5
1726,Customer_1726,Ecommerce,7
1727,Customer_1727,KeyAccount,5
1728,Customer_1728,Wholesale,2
1729,Customer_1729,Wholesale,10
1730,Customer_1730,KeyAccount,10
1731,Customer_1731,Retail,10
1732,Customer_1732,Ecommerce,5
1733,Customer_1733,Ecommerce,9
1734,Customer_1734,Wholesale,9
1735,Customer_1735,Wholesale,1
1736,Customer_1736,KeyAccount,1
1737,Customer_1737,KeyAccount,1
1738,Customer_1738,Wholesale,3
1739,Customer_1739,Wholesale,8
1740,Customer_1740,KeyAccount,4
1741,Customer_1741,Ecommerce,4
1742,Customer_1742,Ecommerce,3
1743,Customer_1743,Wholesale,1
1744,Customer_1744,Wholesale,8
1745,Customer_1745,KeyAccount,7
1746,Customer_1746,Retail,3
1747,Customer_1747,KeyAccount,10
1748,Customer_1748,Retail,7
1749,Customer_1749,KeyAccount,1
1750,Customer_1750,Ecommerce,4
1751,Customer_1751,Retail,6
1752,Customer_1752,Ecommerce,4
1753,Customer_1753,Ecommerce,4
1754,Customer_1754,Wholesale,5
1755,Customer_1755,Ecommerce,5
1756,Customer_1756,Retail,6
1757,Customer_1757,Retail,10
1758,Customer_1758,Wholesale,1
1759,Customer_1759,KeyAccount,1
1760,Customer_1760,KeyAccount,10
1761,Customer_1761,Retail,5
1762,Customer_1762,Ecommerce,2
1763,Customer_1763,Wholesale,10
1764,Customer_1764,Retail,2
1765,Customer_1765,Wholesale,3
1766,Customer_1766,Wholesale,6
1767,Customer_1767,Ecommerce,2
1768,Customer_1768,Wholesale,1
1769,Customer_1769,Wholesale,8
1770,Customer_1770,Wholesale,9
1771,Customer_1771,Wholesale,4
1772,Customer_1772,Retail,1
1773,Customer_1773,Retail,4
1774,Customer_1774,Ecommerce,10
1775,Customer_1775,KeyAccount,10
1776,Customer_1776,KeyAccount,5
1777,Customer_1777,KeyAccount,4
1778,Customer_1778,Wholesale,3
1779,Customer_1779,KeyAccount,10
1780,Customer_1780,Wholesale,7
1781,Customer_1781,Retail,1
1782,Customer_1782,KeyAccount,2
1783,Customer_1783,KeyAccount,8
1784,Customer_1784,Wholesale,8
1785,Customer_1785,Ecommerce,3
1786,Customer_1786,Ecommerce,5
1787,Customer_1787,Retail,1
1788,Customer_1788,Retail,3
1789,Customer_1789,KeyAccount,5
1790,Customer_1790,Ecommerce,6
1791,Customer_1791,KeyAccount,1
1792,Customer_1792,Retail,2
1793,Customer_1793,KeyAccount,3
1794,Customer_1794,KeyAccount,1
1795,Customer_1795,KeyAccount,7
1796,Customer_1796,Ecommerce,8
1797,Customer_1797,KeyAccount,9
1798,Customer_1798,KeyAccount,9
1799,Customer_1799,Retail,5
1800,Customer_1800,KeyAccount,2
1801,Customer_1801,Retail,1
1802,Customer_1802,Ecommerce,8
1803,Customer_1803,Retail,10
1804,Customer_1804,KeyAccount,6
1805,Customer_1805,Wholesale,5
1806,Customer_1806,Wholesale,7
1807,Customer_1807,Wholesale,2
1808,Customer_1808,Wholesale,4
1809,Customer_1809,Retail,1
1810,Customer_1810,KeyAccount,3
1811,Customer_1811,KeyAccount,4
1812,Customer_1812,Wholesale,9
1813,Customer_1813,Ecommerce,7
1814,Customer_1814,Retail,2
1815,Customer_1815,Wholesale,3
1816,Customer_1816,KeyAccount,5
1817,Customer_1817,Wholesale,7
1818,Customer_1818,Ecommerce,7
1819,Customer_1819,Ecommerce,6
1820,Customer_1820,Retail,10
1821,Customer_1821,KeyAccount,3
1822,Customer_1822,Wholesale,10
1823,Customer_1823,Ecommerce,8
1824,Customer_1824,Ecommerce,3
1825,Customer_1825,KeyAccount,10
1826,Customer_1826,KeyAccount,1
1827,Customer_1827,KeyAccount,7
1828,Customer_1828,Retail,1
1829,Customer_1829,KeyAccount,8
1830,Customer_1830,Wholesale,4
1831,Customer_1831,Retail,3
1832,Customer_1832,Ecommerce,7
1833,Customer_1833,KeyAccount,2
1834,Customer_1834,Ecommerce,6
1835,Customer_1835,KeyAccount,8
1836,Customer_1836,Retail,9
1837,Customer_1837,KeyAccount,7
1838,Customer_1838,Ecommerce,7
1839,Customer_1839,Retail,5
1840,Customer_1840,Ecommerce,1
1841,Customer_1841,Retail,1
1842,Customer_1842,Ecommerce,9
1843,Customer_1843,Retail,6
1844,Customer_1844,Retail,1
1845,Customer_1845,Retail,10
1846,Customer_1846,Ecommerce,2
1847,Customer_1847,Wholesale,10
1848,Customer_1848,KeyAccount,1
1849,Customer_1849,Ecommerce,7
1850,Customer_1850,Ecommerce,4
1851,Customer_1851,Wholesale,5
1852,Customer_1852,KeyAccount,10
1853,Customer_1853,Retail,2
1854,Customer_1854,Wholesale,7
1855,Customer_1855,Ecommerce,5
1856,Customer_1856,KeyAccount,2
1857,Customer_1857,Wholesale,3
1858,Customer_1858,Wholesale,1
1859,Customer_1859,Retail,8
1860,Customer_1860,Wholesale,4
1861,Customer_1861,Retail,7
1862,Customer_1862,Retail,6
1863,Customer_1863,Wholesale,5
1864,Customer_1864,Retail,2
1865,Customer_1865,KeyAccount,4
1866,Customer_1866,Ecommerce,10
1867,Customer_1867,Ecommerce,2
1868,Customer_1868,Ecommerce,3
1869,Customer_1869,Retail,7
1870,Customer_1870,Retail,10
1871,Customer_1871,KeyAccount,4
1872,Customer_1872,Ecommerce,9
1873,Customer_1873,Ecommerce,7
1874,Customer_1874,Retail,2
1875,Customer_1875,Retail,3
1876,Customer_1876,KeyAccount,9
1877,Customer_1877,Retail,3
1878,Customer_1878,Retail,8
1879,Customer_1879,Retail,10
1880,Customer_1880,Retail,7
1881,Customer_1881,KeyAccount,3
1882,Customer_1882,Wholesale,5
1883,Customer_1883,Ecommerce,1
1884,Customer_1884,KeyAccount,3
1885,Customer_1885,Wholesale,8
1886,Customer_1886,KeyAccount,4
1887,Customer_1887,Retail,8
1888,Customer_1888,Wholesale,4
1889,Customer_1889,Wholesale,9
1890,Customer_1890,Retail,1
1891,Customer_1891,Wholesale,5
1892,Customer_1892,Retail,3
1893,Customer_1893,Retail,1
1894,Customer_1894,Retail,3
1895,Customer_1895,KeyAccount,4
1896,Customer_1896,Retail,8
1897,Customer_1897,Ecommerce,10
1898,Customer_1898,Retail,1
1899,Customer_1899,Ecommerce,10
1900,Customer_1900,Wholesale,2
1901,Customer_1901,Ecommerce,4
1902,Customer_1902,Wholesale,2
1903,Customer_1903,KeyAccount,1
1904,Customer_1904,KeyAccount,3
1905,Customer_1905,Wholesale,7
1906,Customer_1906,KeyAccount,2
1907,Customer_1907,Wholesale,1
1908,Customer_1908,Retail,5
1909,Customer_1909,Ecommerce,3
1910,Customer_1910,KeyAccount,10
1911,Customer_1911,Retail,7
1912,Customer_1912,Ecommerce,7
1913,Customer_1913,KeyAccount,6
1914,Customer_1914,Wholesale,7
1915,Customer_1915,Ecommerce,1
1916,Customer_1916,Retail,9
1917,Customer_1917,Retail,4
1918,Customer_1918,Ecommerce,8
1919,Customer_1919,KeyAccount,8
1920,Customer_1920,Retail,6
1921,Customer_1921,Ecommerce,8
1922,Customer_1922,Retail,4
1923,Customer_1923,Ecommerce,9
1924,Customer_1924,KeyAccount,9
1925,Customer_1925,Wholesale,9
1926,Customer_1926,KeyAccount,4
1927,Customer_1927,Retail,2
1928,Customer_1928,Wholesale,10
1929,Customer_1929,KeyAccount,3
1930,Customer_1930,KeyAccount,2
1931,Customer_1931,Wholesale,7
1932,Customer_1932,Ecommerce,9
1933,Customer_1933,Wholesale,3
1934,Customer_1934,Ecommerce,8
1935,Customer_1935,Wholesale,10
1936,Customer_1936,Retail,10
1937,Customer_1937,KeyAccount,4
1938,Customer_1938,Retail,8
1939,Customer_1939,Ecommerce,8
1940,Customer_1940,KeyAccount,9
1941,Customer_1941,Retail,1
1942,Customer_1942,KeyAccount,5
1943,Customer_1943,Wholesale,8
1944,Customer_1944,Retail,9
1945,Customer_1945,Ecommerce,5
1946,Customer_1946,Wholesale,8
1947,Customer_1947,Wholesale,2
1948,Customer_1948,Ecommerce,8
1949,Customer_1949,Wholesale,5
1950,Customer_1950,Retail,9
1951,Customer_1951,Ecommerce,8
1952,Customer_1952,Ecommerce,10
1953,Customer_1953,Ecommerce,4
1954,Customer_1954,KeyAccount,1
1955,Customer_1955,Wholesale,3
1956,Customer_1956,Wholesale,7
1957,Customer_1957,Wholesale,9
1958,Customer_1958,KeyAccount,7
1959,Customer_1959,Ecommerce,1
1960,Customer_1960,Retail,10
1961,Customer_1961,Retail,8
1962,Customer_1962,Wholesale,1
1963,Customer_1963,Retail,3
1964,Customer_1964,Ecommerce,4
1965,Customer_1965,KeyAccount,10
1966,Customer_1966,Ecommerce,2
1967,Customer_1967,Ecommerce,7
1968,Customer_1968,Ecommerce,9
1969,Customer_1969,Retail,10
1970,Customer_1970,Retail,2
1971,Customer_1971,Ecommerce,7
1972,Customer_1972,Retail,1
1973,Customer_1973,Ecommerce,1
1974,Customer_1974,Ecommerce,9
1975,Customer_1975,Ecommerce,9
1976,Customer_1976,Wholesale,7
1977,Customer_1977,Wholesale,6
1978,Customer_1978,KeyAccount,8
1979,Customer_1979,Wholesale,5
1980,Customer_1980,Wholesale,1
1981,Customer_1981,Retail,3
1982,Customer_1982,Wholesale,7
1983,Customer_1983,KeyAccount,5
1984,Customer_1984,KeyAccount,4
1985,Customer_1985,Retail,7
1986,Customer_1986,Ecommerce,10
1987,Customer_1987,Wholesale,4
1988,Customer_1988,KeyAccount,3
1989,Customer_1989,Wholesale,1
1990,Customer_1990,Wholesale,4
1991,Customer_1991,Ecommerce,7
1992,Customer_1992,Wholesale,3
1993,Customer_1993,KeyAccount,8
1994,Customer_1994,KeyAccount,4
1995,Customer_1995,Ecommerce,10
1996,Customer_1996,Wholesale,6
1997,Customer_1997,Retail,4
1998,Customer_1998,Wholesale,10
1999,Customer_1999,KeyAccount,5
2000,Customer_2000,Ecommerce,5
2001,Customer_2001,Ecommerce,5
2002,Customer_2002,Ecommerce,6
2003,Customer_2003,Ecommerce,9
2004,Customer_2004,Ecommerce,2
2005,Customer_2005,Wholesale,4
2006,Customer_2006,KeyAccount,8
2007,Customer_2007,KeyAccount,1
2008,Customer_2008,Ecommerce,7
2009,Customer_2009,Ecommerce,7
2010,Customer_2010,Ecommerce,2
2011,Customer_2011,KeyAccount,6
2012,Customer_2012,Retail,9
2013,Customer_2013,Retail,4
2014,Customer_2014,KeyAccount,5
2015,Customer_2015,Wholesale,1
2016,Customer_2016,Ecommerce,5
2017,Customer_2017,Retail,10
2018,Customer_2018,Ecommerce,2
2019,Customer_2019,Wholesale,7
2020,Customer_2020,Wholesale,9
2021,Customer_2021,Ecommerce,10
2022,Customer_2022,KeyAccount,6
2023,Customer_2023,Retail,1
2024,Customer_2024,Ecommerce,10
2025,Customer_2025,Wholesale,4
2026,Customer_2026,Retail,4
2027,Customer_2027,KeyAccount,4
2028,Customer_2028,Ecommerce,5
2029,Customer_2029,Wholesale,7
2030,Customer_2030,KeyAccount,6
2031,Customer_2031,Retail,7
2032,Customer_2032,Ecommerce,5
2033,Customer_2033,Retail,9
2034,Customer_2034,Retail,8
2035,Customer_2035,Retail,4
2036,Customer_2036,KeyAccount,1
2037,Customer_2037,Wholesale,6
2038,Customer_2038,KeyAccount,5
2039,Customer_2039,Ecommerce,2
2040,Customer_2040,Wholesale,5
2041,Customer_2041,KeyAccount,5
2042,Customer_2042,Retail,5
2043,Customer_2043,Retail,2
2044,Customer_2044,Ecommerce,2
2045,Customer_2045,KeyAccount,1
2046,Customer_2046,Wholesale,1
2047,Customer_2047,Wholesale,10
2048,Customer_2048,KeyAccount,7
2049,Customer_2049,Wholesale,2
2050,Customer_2050,Ecommerce,2
2051,Customer_2051,Ecommerce,4
2052,Customer_2052,Wholesale,2
2053,Customer_2053,Retail,9
2054,Customer_2054,Retail,5
2055,Customer_2055,Retail,2
2056,Customer_2056,Wholesale,7
2057,Customer_2057,Wholesale,8
2058,Customer_2058,KeyAccount,5
2059,Customer_2059,KeyAccount,7
2060,Customer_2060,KeyAccount,6
2061,Customer_2061,Ecommerce,4
2062,Customer_2062,Ecommerce,3
2063,Customer_2063,Wholesale,5
2064,Customer_2064,Retail,9
2065,Customer_2065,Ecommerce,1
2066,Customer_2066,KeyAccount,10
2067,Customer_2067,KeyAccount,10
2068,Customer_2068,KeyAccount,1
2069,Customer_2069,KeyAccount,9
2070,Customer_2070,Wholesale,1
2071,Customer_2071,Ecommerce,9
2072,Customer_2072,Ecommerce,3
2073,Customer_2073,Retail,3
2074,Customer_2074,KeyAccount,5
2075,Customer_2075,Retail,1
2076,Customer_2076,KeyAccount,10
2077,Customer_2077,Retail,10
2078,Customer_2078,Wholesale,3
2079,Customer_2079,KeyAccount,10
2080,Customer_2080,KeyAccount,1
2081,Customer_2081,Retail,10
2082,Customer_2082,KeyAccount,6
2083,Customer_2083,Wholesale,2
2084,Customer_2084,Retail,1
2085,Customer_2085,Retail,4
2086,Customer_2086,Retail,3
2087,Customer_2087,Wholesale,6
2088,Customer_2088,Ecommerce,4
2089,Customer_2089,KeyAccount,2
2090,Customer_2090,Retail,2
2091,Customer_2091,Retail,9
2092,Customer_2092,Wholesale,6
2093,Customer_2093,Retail,10
2094,Customer_2094,Ecommerce,9
2095,Customer_2095,Retail,10
2096,Customer_2096,Wholesale,7
2097,Customer_2097,KeyAccount,9
2098,Customer_2098,KeyAccount,1
2099,Customer_2099,KeyAccount,3
2100,Customer_2100,KeyAccount,2
2101,Customer_2101,KeyAccount,10
2102,Customer_2102,Retail,4
2103,Customer_2103,KeyAccount,8
2104,Customer_2104,Retail,8
2105,Customer_2105,Wholesale,8
2106,Customer_2106,KeyAccount,10
2107,Customer_2107,Retail,5
2108,Customer_2108,Wholesale,1
2109,Customer_2109,Retail,4
2110,Customer_2110,Ecommerce,10
2111,Customer_2111,Retail,7
2112,Customer_2112,Wholesale,5
2113,Customer_2113,Retail,7
2114,Customer_2114,Retail,5
2115,Customer_2115,Retail,4
2116,Customer_2116,Retail,10
2117,Customer_2117,Ecommerce,7
2118,Customer_2118,Retail,1
2119,Customer_2119,KeyAccount,8
2120,Customer_2120,Wholesale,4
2121,Customer_2121,Ecommerce,5
2122,Customer_2122,Wholesale,3
2123,Customer_2123,Ecommerce,9
2124,Customer_2124,KeyAccount,8
2125,Customer_2125,Ecommerce,5
2126,Customer_2126,Wholesale,4
2127,Customer_2127,Retail,9
2128,Customer_2128,Wholesale,8
2129,Customer_2129,Wholesale,8
2130,Customer_2130,Ecommerce,6
2131,Customer_2131,Wholesale,7
2132,Customer_2132,Retail,6
2133,Customer_2133,KeyAccount,2
2134,Customer_2134,KeyAccount,5
2135,Customer_2135,Wholesale,4
2136,Customer_2136,Wholesale,10
2137,Customer_2137,Ecommerce,7
2138,Customer_2138,Ecommerce,7
2139,Customer_2139,Retail,10
2140,Customer_2140,KeyAccount,3
2141,Customer_2141,Retail,1
2142,Customer_2142,Wholesale,5
2143,Customer_2143,Wholesale,5
2144,Customer_2144,Retail,3
2145,Customer_2145,KeyAccount,4
2146,Customer_2146,Retail,2
2147,Customer_2147,Retail,6
2148,Customer_2148,KeyAccount,2
2149,Customer_2149,KeyAccount,5
2150,Customer_2150,Ecommerce,4
2151,Customer_2151,Retail,5
2152,Customer_2152,KeyAccount,7
2153,Customer_2153,Retail,10
2154,Customer_2154,Ecommerce,2
2155,Customer_2155,KeyAccount,7
2156,Customer_2156,KeyAccount,5
2157,Customer_2157,Retail,6
2158,Customer_2158,Wholesale,10
2159,Customer_2159,Ecommerce,7
2160,Customer_2160,Wholesale,2
2161,Customer_2161,Retail,9
2162,Customer_2162,Ecommerce,10
2163,Customer_2163,Ecommerce,5
2164,Customer_2164,Wholesale,10
2165,Customer_2165,Ecommerce,4
2166,Customer_2166,Retail,10
2167,Customer_2167,Ecommerce,3
2168,Customer_2168,Wholesale,8
2169,Customer_2169,Retail,4
2170,Customer_2170,Ecommerce,10
2171,Customer_2171,Retail,7
2172,Customer_2172,KeyAccount,2
2173,Customer_2173,Ecommerce,1
2174,Customer_2174,Retail,1
2175,Customer_2175,Wholesale,8
2176,Customer_2176,KeyAccount,7
2177,Customer_2177,Retail,9
2178,Customer_2178,Ecommerce,1
2179,Customer_2179,Retail,8
2180,Customer_2180,Wholesale,3
2181,Customer_2181,KeyAccount,7
2182,Customer_2182,Wholesale,6
2183,Customer_2183,Ecommerce,5
2184,Customer_2184,Ecommerce,5
2185,Customer_2185,Ecommerce,9
2186,Customer_2186,Ecommerce,2
2187,Customer_2187,KeyAccount,1
2188,Customer_2188,Wholesale,3
2189,Customer_2189,KeyAccount,1
2190,Customer_2190,Wholesale,3
2191,Customer_2191,KeyAccount,6
2192,Customer_2192,KeyAccount,9
2193,Customer_2193,Retail,5
2194,Customer_2194,KeyAccount,1
2195,Customer_2195,Wholesale,8
2196,Customer_2196,Retail,3
2197,Customer_2197,Ecommerce,5
2198,Customer_2198,Retail,5
2199,Customer_2199,Ecommerce,6
2200,Customer_2200,KeyAccount,8
2201,Customer_2201,Wholesale,3
2202,Customer_2202,Ecommerce,1
2203,Customer_2203,Retail,3
2204,Customer_2204,Ecommerce,8
2205,Customer_2205,KeyAccount,5
2206,Customer_2206,Retail,10
2207,Customer_2207,Ecommerce,2
2208,Customer_2208,Retail,9
2209,Customer_2209,Retail,9
2210,Customer_2210,Retail,9
2211,Customer_2211,Ecommerce,6
2212,Customer_2212,Ecommerce,6
2213,Customer_2213,Retail,6
2214,Customer_2214,Ecommerce,5
2215,Customer_2215,Ecommerce,5
2216,Customer_2216,Ecommerce,9
2217,Customer_2217,KeyAccount,6
2218,Customer_2218,Ecommerce,8
2219,Customer_2219,Wholesale,3
2220,Customer_2220,Wholesale,6
2221,Customer_2221,KeyAccount,4
2222,Customer_2222,KeyAccount,10
2223,Customer_2223,Retail,8
2224,Customer_2224,Ecommerce,1
2225,Customer_2225,Wholesale,6
2226,Customer_2226,Ecommerce,8
2227,Customer_2227,KeyAccount,3
2228,Customer_2228,KeyAccount,3
2229,Customer_2229,Retail,10
2230,Customer_2230,Wholesale,6
2231,Customer_2231,Wholesale,2
2232,Customer_2232,Wholesale,5
2233,Customer_2233,KeyAccount,5
2234,Customer_2234,Ecommerce,4
2235,Customer_2235,Wholesale,10
2236,Customer_2236,Ecommerce,8
2237,Customer_2237,KeyAccount,3
2238,Customer_2238,Wholesale,6
2239,Customer_2239,KeyAccount,10
2240,Customer_2240,Ecommerce,7
2241,Customer_2241,Retail,5
2242,Customer_2242,Ecommerce,1
2243,Customer_2243,Retail,1
2244,Customer_2244,Ecommerce,2
2245,Customer_2245,Ecommerce,3
2246,Customer_2246,KeyAccount,2
2247,Customer_2247,Retail,4
2248,Customer_2248,Ecommerce,4
2249,Customer_2249,Ecommerce,5
2250,Customer_2250,Wholesale,1
2251,Customer_2251,Ecommerce,6
2252,Customer_2252,KeyAccount,4
2253,Customer_2253,Ecommerce,4
2254,Customer_2254,Retail,8
2255,Customer_2255,Retail,4
2256,Customer_2256,KeyAccount,5
2257,Customer_2257,Ecommerce,5
2258,Customer_2258,KeyAccount,5
2259,Customer_2259,KeyAccount,5
2260,Customer_2260,Retail,5
2261,Customer_2261,KeyAccount,2
2262,Customer_2262,Ecommerce,7
2263,Customer_2263,Wholesale,10
2264,Customer_2264,KeyAccount,10
2265,Customer_2265,Ecommerce,7
2266,Customer_2266,KeyAccount,6
2267,Customer_2267,Ecommerce,6
2268,Customer_2268,KeyAccount,2
2269,Customer_2269,Ecommerce,1
2270,Customer_2270,Wholesale,3
2271,Customer_2271,Wholesale,2
2272,Customer_2272,Retail,10
2273,Customer_2273,Retail,6
2274,Customer_2274,Retail,7
2275,Customer_2275,Ecommerce,10
2276,Customer_2276,KeyAccount,8
2277,Customer_2277,KeyAccount,7
2278,Customer_2278,Wholesale,9
2279,Customer_2279,Retail,4
2280,Customer_2280,Wholesale,4
2281,Customer_2281,Wholesale,7
2282,Customer_2282,Retail,8
2283,Customer_2283,Ecommerce,6
2284,Customer_2284,KeyAccount,3
2285,Customer_2285,Retail,1
2286,Customer_2286,KeyAccount,1
2287,Customer_2287,Ecommerce,7
2288,Customer_2288,Wholesale,6
2289,Customer_2289,Retail,10
2290,Customer_2290,Ecommerce,4
2291,Customer_2291,Ecommerce,6
2292,Customer_2292,KeyAccount,1
2293,Customer_2293,KeyAccount,8
2294,Customer_2294,KeyAccount,3
2295,Customer_2295,Wholesale,7
2296,Customer_2296,Ecommerce,4
2297,Customer_2297,Ecommerce,7
2298,Customer_2298,Ecommerce,7
2299,Customer_2299,Ecommerce,6
2300,Customer_2300,Retail,9
2301,Customer_2301,KeyAccount,3
2302,Customer_2302,Retail,9
2303,Customer_2303,Ecommerce,1
2304,Customer_2304,KeyAccount,1
2305,Customer_2305,Retail,6
2306,Customer_2306,Wholesale,10
2307,Customer_2307,Ecommerce,8
2308,Customer_2308,KeyAccount,1
2309,Customer_2309,Ecommerce,4
2310,Customer_2310,Retail,10
2311,Customer_2311,Ecommerce,4
2312,Customer_2312,KeyAccount,6
2313,Customer_2313,Ecommerce,6
2314,Customer_2314,Wholesale,7
2315,Customer_2315,Ecommerce,10
2316,Customer_2316,KeyAccount,5
2317,Customer_2317,Ecommerce,3
2318,Customer_2318,Wholesale,10
2319,Customer_2319,KeyAccount,2
2320,Customer_2320,Retail,6
2321,Customer_2321,KeyAccount,7
2322,Customer_2322,KeyAccount,6
2323,Customer_2323,Wholesale,2
2324,Customer_2324,Ecommerce,3
2325,Customer_2325,Retail,1
2326,Customer_2326,KeyAccount,5
2327,Customer_2327,KeyAccount,3
2328,Customer_2328,Retail,6
2329,Customer_2329,KeyAccount,5
2330,Customer_2330,Ecommerce,7
2331,Customer_2331,Ecommerce,5
2332,Customer_2332,Wholesale,10
2333,Customer_2333,Ecommerce,6
2334,Customer_2334,Retail,10
2335,Customer_2335,Retail,5
2336,Customer_2336,KeyAccount,3
2337,Customer_2337,KeyAccount,2
2338,Customer_2338,Ecommerce,4
2339,Customer_2339,Retail,2
2340,Customer_2340,Ecommerce,7
2341,Customer_2341,Ecommerce,6
2342,Customer_2342,Retail,5
2343,Customer_2343,Wholesale,6
2344,Customer_2344,KeyAccount,7
2345,Customer_2345,Wholesale,3
2346,Customer_2346,Wholesale,6
2347,Customer_2347,Wholesale,9
2348,Customer_2348,KeyAccount,5
2349,Customer_2349,Retail,10
2350,Customer_2350,KeyAccount,10
2351,Customer_2351,Ecommerce,7
2352,Customer_2352,Retail,1
2353,Customer_2353,KeyAccount,1
2354,Customer_2354,Ecommerce,5
2355,Customer_2355,KeyAccount,10
2356,Customer_2356,KeyAccount,7
2357,Customer_2357,Ecommerce,1
2358,Customer_2358,Retail,6
2359,Customer_2359,Retail,2
2360,Customer_2360,Ecommerce,9
2361,Customer_2361,Wholesale,2
2362,Customer_2362,Wholesale,10
2363,Customer_2363,Wholesale,6
2364,Customer_2364,Ecommerce,9
2365,Customer_2365,KeyAccount,8
2366,Customer_2366,Retail,8
2367,Customer_2367,KeyAccount,10
2368,Customer_2368,Ecommerce,1
2369,Customer_2369,Wholesale,1
2370,Customer_2370,Ecommerce,2
2371,Customer_2371,Ecommerce,4
2372,Customer_2372,KeyAccount,8
2373,Customer_2373,KeyAccount,8
2374,Customer_2374,Wholesale,3
2375,Customer_2375,Wholesale,2
2376,Customer_2376,Wholesale,6
2377,Customer_2377,Wholesale,2
2378,Customer_2378,Retail,2
2379,Customer_2379,Ecommerce,1
2380,Customer_2380,Retail,9
2381,Customer_2381,KeyAccount,9
2382,Customer_2382,Wholesale,1
2383,Customer_2383,Retail,2
2384,Customer_2384,Ecommerce,6
2385,Customer_2385,Wholesale,7
2386,Customer_2386,Ecommerce,1
2387,Customer_2387,Wholesale,5
2388,Customer_2388,Ecommerce,5
2389,Customer_2389,Wholesale,4
2390,Customer_2390,Ecommerce,6
2391,Customer_2391,Ecommerce,9
2392,Customer_2392,Ecommerce,1
2393,Customer_2393,Retail,10
2394,Customer_2394,KeyAccount,10
2395,Customer_2395,Ecommerce,2
2396,Customer_2396,Ecommerce,4
2397,Customer_2397,Retail,2
2398,Customer_2398,Wholesale,5
2399,Customer_2399,Ecommerce,6
2400,Customer_2400,Wholesale,2
2401,Customer_2401,Retail,6
2402,Customer_2402,Retail,7
2403,Customer_2403,Ecommerce,1
2404,Customer_2404,Retail,1
2405,Customer_2405,Retail,8
2406,Customer_2406,Retail,9
2407,Customer_2407,KeyAccount,1
2408,Customer_2408,Retail,10
2409,Customer_2409,KeyAccount,3
2410,Customer_2410,Ecommerce,3
2411,Customer_2411,KeyAccount,10
2412,Customer_2412,Wholesale,4
2413,Customer_2413,Wholesale,8
2414,Customer_2414,Retail,1
2415,Customer_2415,Retail,5
2416,Customer_2416,KeyAccount,5
2417,Customer_2417,KeyAccount,9
2418,Customer_2418,Wholesale,7
2419,Customer_2419,Retail,2
2420,Customer_2420,Ecommerce,4
2421,Customer_2421,Retail,3
2422,Customer_2422,Wholesale,6
2423,Customer_2423,KeyAccount,6
2424,Customer_2424,Retail,10
2425,Customer_2425,KeyAccount,1
2426,Customer_2426,Retail,3
2427,Customer_2427,Retail,8
2428,Customer_2428,Retail,9
2429,Customer_2429,Retail,5
2430,Customer_2430,Wholesale,5
2431,Customer_2431,Ecommerce,6
2432,Customer_2432,Retail,1
2433,Customer_2433,Ecommerce,7
2434,Customer_2434,KeyAccount,7
2435,Customer_2435,Ecommerce,2
2436,Customer_2436,Wholesale,10
2437,Customer_2437,Retail,6
2438,Customer_2438,Wholesale,9
2439,Customer_2439,Ecommerce,4
2440,Customer_2440,Ecommerce,1
2441,Customer_2441,Ecommerce,4
2442,Customer_2442,Ecommerce,7
2443,Customer_2443,KeyAccount,4
2444,Customer_2444,KeyAccount,5
2445,Customer_2445,Retail,1
2446,Customer_2446,Retail,8
2447,Customer_2447,Wholesale,1
2448,Customer_2448,Retail,8
2449,Customer_2449,Ecommerce,5
2450,Customer_2450,Retail,8
2451,Customer_2451,Wholesale,1
2452,Customer_2452,Retail,9
2453,Customer_2453,Wholesale,10
2454,Customer_2454,KeyAccount,4
2455,Customer_2455,Retail,8
2456,Customer_2456,Retail,2
2457,Customer_2457,KeyAccount,7
2458,Customer_2458,Wholesale,1
2459,Customer_2459,KeyAccount,9
2460,Customer_2460,Ecommerce,5
2461,Customer_2461,Ecommerce,5
2462,Customer_2462,Wholesale,10
2463,Customer_2463,Retail,10
2464,Customer_2464,Ecommerce,2
2465,Customer_2465,Ecommerce,9
2466,Customer_2466,KeyAccount,7
2467,Customer_2467,Retail,1
2468,Customer_2468,Wholesale,2
2469,Customer_2469,KeyAccount,2
2470,Customer_2470,Wholesale,3
2471,Customer_2471,Retail,2
2472,Customer_2472,Retail,10
2473,Customer_2473,KeyAccount,4
2474,Customer_2474,Ecommerce,2
2475,Customer_2475,KeyAccount,5
2476,Customer_2476,KeyAccount,8
2477,Customer_2477,Wholesale,1
2478,Customer_2478,Wholesale,6
2479,Customer_2479,Wholesale,7
2480,Customer_2480,Retail,2
2481,Customer_2481,KeyAccount,3
2482,Customer_2482,KeyAccount,5
2483,Customer_2483,KeyAccount,8
2484,Customer_2484,Ecommerce,1
2485,Customer_2485,KeyAccount,2
2486,Customer_2486,KeyAccount,4
2487,Customer_2487,KeyAccount,8
2488,Customer_2488,KeyAccount,1
2489,Customer_2489,Retail,8
2490,Customer_2490,Wholesale,3
2491,Customer_2491,KeyAccount,3
2492,Customer_2492,Retail,5
2493,Customer_2493,Ecommerce,2
2494,Customer_2494,Ecommerce,4
2495,Customer_2495,Ecommerce,9
2496,Customer_2496,Wholesale,10
2497,Customer_2497,Wholesale,9
2498,Customer_2498,Ecommerce,10
2499,Customer_2499,KeyAccount,6
2500,Customer_2500,Wholesale,8
2501,Customer_2501,KeyAccount,4
2502,Customer_2502,Ecommerce,10
2503,Customer_2503,Ecommerce,2
2504,Customer_2504,Ecommerce,2
2505,Customer_2505,Retail,3
2506,Customer_2506,Retail,2
2507,Customer_2507,Wholesale,3
2508,Customer_2508,KeyAccount,5
2509,Customer_2509,KeyAccount,8
2510,Customer_2510,Wholesale,1
2511,Customer_2511,Retail,3
2512,Customer_2512,Ecommerce,9
2513,Customer_2513,Wholesale,10
2514,Customer_2514,KeyAccount,4
2515,Customer_2515,Ecommerce,6
2516,Customer_2516,Wholesale,8
2517,Customer_2517,Retail,3
2518,Customer_2518,Ecommerce,4
2519,Customer_2519,Retail,6
2520,Customer_2520,Retail,2
2521,Customer_2521,Ecommerce,6
2522,Customer_2522,Retail,3
2523,Customer_2523,Retail,8
2524,Customer_2524,KeyAccount,2
2525,Customer_2525,Wholesale,9
2526,Customer_2526,Ecommerce,7
2527,Customer_2527,Wholesale,1
2528,Customer_2528,Wholesale,9
2529,Customer_2529,Retail,2
2530,Customer_2530,KeyAccount,6
2531,Customer_2531,Retail,7
2532,Customer_2532,KeyAccount,1
2533,Customer_2533,Wholesale,10
2534,Customer_2534,Ecommerce,10
2535,Customer_2535,KeyAccount,8
2536,Customer_2536,Retail,8
2537,Customer_2537,Wholesale,2
2538,Customer_2538,KeyAccount,3
2539,Customer_2539,Retail,3
2540,Customer_2540,Ecommerce,6
2541,Customer_2541,KeyAccount,1
2542,Customer_2542,KeyAccount,10
2543,Customer_2543,KeyAccount,2
2544,Customer_2544,Wholesale,7
2545,Customer_2545,Wholesale,9
2546,Customer_2546,KeyAccount,9
2547,Customer_2547,Ecommerce,5
2548,Customer_2548,Retail,6
2549,Customer_2549,Ecommerce,4
2550,Customer_2550,Retail,5
2551,Customer_2551,Wholesale,1
2552,Customer_2552,KeyAccount,7
2553,Customer_2553,KeyAccount,1
2554,Customer_2554,Ecommerce,10
2555,Customer_2555,Retail,8
2556,Customer_2556,KeyAccount,2
2557,Customer_2557,Ecommerce,5
2558,Customer_2558,Retail,7
2559,Customer_2559,Retail,10
2560,Customer_2560,Wholesale,3
2561,Customer_2561,KeyAccount,8
2562,Customer_2562,Retail,1
2563,Customer_2563,Wholesale,1
2564,Customer_2564,Ecommerce,5
2565,Customer_2565,KeyAccount,4
2566,Customer_2566,KeyAccount,7
2567,Customer_2567,Wholesale,8
2568,Customer_2568,Wholesale,10
2569,Customer_2569,Wholesale,9
2570,Customer_2570,Ecommerce,8
2571,Customer_2571,Retail,8
2572,Customer_2572,Ecommerce,7
2573,Customer_2573,KeyAccount,6
2574,Customer_2574,Wholesale,4
2575,Customer_2575,Retail,4
2576,Customer_2576,Wholesale,4
2577,Customer_2577,KeyAccount,2
2578,Customer_2578,KeyAccount,3
2579,Customer_2579,Wholesale,10
2580,Customer_2580,KeyAccount,2
2581,Customer_2581,Ecommerce,6
2582,Customer_2582,Retail,4
2583,Customer_2583,KeyAccount,7
2584,Customer_2584,Wholesale,8
2585,Customer_2585,Retail,3
2586,Customer_2586,Wholesale,4
2587,Customer_2587,KeyAccount,5
2588,Customer_2588,Wholesale,1
2589,Customer_2589,KeyAccount,9
2590,Customer_2590,Ecommerce,9
2591,Customer_2591,Retail,6
2592,Customer_2592,Retail,8
2593,Customer_2593,Wholesale,7
2594,Customer_2594,KeyAccount,7
2595,Customer_2595,Wholesale,1
2596,Customer_2596,Retail,7
2597,Customer_2597,KeyAccount,4
2598,Customer_2598,Ecommerce,8
2599,Customer_2599,Ecommerce,4
2600,Customer_2600,Wholesale,1
2601,Customer_2601,Retail,8
2602,Customer_2602,Ecommerce,7
2603,Customer_2603,Wholesale,3
2604,Customer_2604,Ecommerce,4
2605,Customer_2605,KeyAccount,2
2606,Customer_2606,Wholesale,5
2607,Customer_2607,Ecommerce,6
2608,Customer_2608,KeyAccount,7
2609,Customer_2609,KeyAccount,1
2610,Customer_2610,Ecommerce,9
2611,Customer_2611,KeyAccount,9
2612,Customer_2612,Ecommerce,8
2613,Customer_2613,KeyAccount,8
2614,Customer_2614,Ecommerce,2
2615,Customer_2615,KeyAccount,5
2616,Customer_2616,Retail,4
2617,Customer_2617,Ecommerce,7
2618,Customer_2618,Retail,7
2619,Customer_2619,KeyAccount,9
2620,Customer_2620,Ecommerce,3
2621,Customer_2621,Retail,9
2622,Customer_2622,Ecommerce,4
2623,Customer_2623,Wholesale,3
2624,Customer_2624,Retail,9
2625,Customer_2625,Retail,8
2626,Customer_2626,KeyAccount,8
2627,Customer_2627,Retail,3
2628,Customer_2628,Retail,5
2629,Customer_2629,KeyAccount,1
2630,Customer_2630,Retail,7
2631,Customer_2631,Wholesale,5
2632,Customer_2632,Ecommerce,10
2633,Customer_2633,Wholesale,7
2634,Customer_2634,Wholesale,10
2635,Customer_2635,Retail,6
2636,Customer_2636,KeyAccount,10
2637,Customer_2637,Wholesale,4
2638,Customer_2638,Ecommerce,10
2639,Customer_2639,Retail,3
2640,Customer_2640,Retail,3
2641,Customer_2641,Ecommerce,8
2642,Customer_2642,Retail,6
2643,Customer_2643,KeyAccount,8
2644,Customer_2644,Retail,8
2645,Customer_2645,Wholesale,1
2646,Customer_2646,KeyAccount,5
2647,Customer_2647,Wholesale,6
2648,Customer_2648,Wholesale,4
2649,Customer_2649,Wholesale,6
2650,Customer_2650,Wholesale,10
2651,Customer_2651,Wholesale,6
2652,Customer_2652,Ecommerce,4
2653,Customer_2653,Retail,8
2654,Customer_2654,KeyAccount,9
2655,Customer_2655,Ecommerce,8
2656,Customer_2656,KeyAccount,7
2657,Customer_2657,KeyAccount,4
2658,Customer_2658,KeyAccount,3
2659,Customer_2659,KeyAccount,1
2660,Customer_2660,Ecommerce,2
2661,Customer_2661,Retail,6
2662,Customer_2662,Wholesale,1
2663,Customer_2663,KeyAccount,2
2664,Customer_2664,Ecommerce,2
2665,Customer_2665,Retail,8
2666,Customer_2666,KeyAccount,1
2667,Customer_2667,Retail,5
2668,Customer_2668,Ecommerce,4
2669,Customer_2669,Wholesale,1
2670,Customer_2670,Ecommerce,10
2671,Customer_2671,Wholesale,1
2672,Customer_2672,KeyAccount,7
2673,Customer_2673,KeyAccount,3
2674,Customer_2674,Retail,2
2675,Customer_2675,Wholesale,7
2676,Customer_2676,Ecommerce,5
2677,Customer_2677,Ecommerce,4
2678,Customer_2678,Wholesale,6
2679,Customer_2679,Retail,4
2680,Customer_2680,KeyAccount,7
2681,Customer_2681,Wholesale,3
2682,Customer_2682,Retail,7
2683,Customer_2683,KeyAccount,1
2684,Customer_2684,Ecommerce,2
2685,Customer_2685,Retail,2
2686,Customer_2686,Ecommerce,9
2687,Customer_2687,Retail,2
2688,Customer_2688,KeyAccount,5
2689,Customer_2689,Ecommerce,7
2690,Customer_2690,Retail,8
2691,Customer_2691,Retail,9
2692,Customer_2692,Ecommerce,2
2693,Customer_2693,Retail,10
2694,Customer_2694,KeyAccount,6
2695,Customer_2695,Retail,7
2696,Customer_2696,Retail,5
2697,Customer_2697,Retail,7
2698,Customer_2698,Ecommerce,6
2699,Customer_2699,Ecommerce,1
2700,Customer_2700,Wholesale,10
2701,Customer_2701,Ecommerce,1
2702,Customer_2702,Ecommerce,7
2703,Customer_2703,Retail,7
2704,Customer_2704,Wholesale,6
2705,Customer_2705,Ecommerce,8
2706,Customer_2706,Ecommerce,7
2707,Customer_2707,KeyAccount,8
2708,Customer_2708,KeyAccount,9
2709,Customer_2709,Wholesale,3
2710,Customer_2710,KeyAccount,6
2711,Customer_2711,Ecommerce,3
2712,Customer_2712,Retail,2
2713,Customer_2713,Retail,3
2714,Customer_2714,Wholesale,6
2715,Customer_2715,Retail,6
2716,Customer_2716,Wholesale,2
2717,Customer_2717,KeyAccount,9
2718,Customer_2718,Ecommerce,8
2719,Customer_2719,Ecommerce,9
2720,Customer_2720,Retail,2
2721,Customer_2721,KeyAccount,9
2722,Customer_2722,Wholesale,1
2723,Customer_2723,KeyAccount,1
2724,Customer_2724,Retail,8
2725,Customer_2725,Ecommerce,5
2726,Customer_2726,Ecommerce,5
2727,Customer_2727,Retail,6
2728,Customer_2728,Retail,8
2729,Customer_2729,KeyAccount,10
2730,Customer_2730,KeyAccount,7
2731,Customer_2731,Wholesale,4
2732,Customer_2732,Wholesale,3
2733,Customer_2733,Wholesale,8
2734,Customer_2734,Ecommerce,5
2735,Customer_2735,KeyAccount,7
2736,Customer_2736,Ecommerce,10
2737,Customer_2737,Ecommerce,5
2738,Customer_2738,Retail,10
2739,Customer_2739,Retail,9
2740,Customer_2740,KeyAccount,4
2741,Customer_2741,Retail,9
2742,Customer_2742,Ecommerce,9
2743,Customer_2743,KeyAccount,8
2744,Customer_2744,KeyAccount,7
2745,Customer_2745,Ecommerce,2
2746,Customer_2746,Retail,4
2747,Customer_2747,Retail,7
2748,Customer_2748,Ecommerce,8
2749,Customer_2749,KeyAccount,9
2750,Customer_2750,Wholesale,7
2751,Customer_2751,KeyAccount,10
2752,Customer_2752,Ecommerce,1
2753,Customer_2753,Retail,4
2754,Customer_2754,Ecommerce,2
2755,Customer_2755,KeyAccount,7
2756,Customer_2756,KeyAccount,9
2757,Customer_2757,Wholesale,3
2758,Customer_2758,Retail,7
2759,Customer_2759,KeyAccount,1
2760,Customer_2760,Retail,6
2761,Customer_2761,Ecommerce,6
2762,Customer_2762,Retail,1
2763,Customer_2763,Wholesale,3
2764,Customer_2764,Retail,7
2765,Customer_2765,Ecommerce,4
2766,Customer_2766,Retail,6
2767,Customer_2767,Wholesale,7
2768,Customer_2768,Retail,7
2769,Customer_2769,KeyAccount,4
2770,Customer_2770,Wholesale,8
2771,Customer_2771,Ecommerce,6
2772,Customer_2772,KeyAccount,10
2773,Customer_2773,Ecommerce,8
2774,Customer_2774,Wholesale,8
2775,Customer_2775,Ecommerce,7
2776,Customer_2776,Retail,10
2777,Customer_2777,Retail,10
2778,Customer_2778,Retail,1
2779,Customer_2779,KeyAccount,1
2780,Customer_2780,Retail,7
2781,Customer_2781,Ecommerce,2
2782,Customer_2782,KeyAccount,4
2783,Customer_2783,Ecommerce,8
2784,Customer_2784,Retail,6
2785,Customer_2785,Wholesale,2
2786,Customer_2786,KeyAccount,7
2787,Customer_2787,Wholesale,10
2788,Customer_2788,KeyAccount,3
2789,Customer_2789,Retail,9
2790,Customer_2790,Ecommerce,7
2791,Customer_2791,Ecommerce,4
2792,Customer_2792,Retail,3
2793,Customer_2793,Ecommerce,6
2794,Customer_2794,Retail,4
2795,Customer_2795,Retail,9
2796,Customer_2796,Wholesale,7
2797,Customer_2797,KeyAccount,5
2798,Customer_2798,Ecommerce,10
2799,Customer_2799,Ecommerce,2
2800,Customer_2800,Ecommerce,5
2801,Customer_2801,Ecommerce,2
2802,Customer_2802,KeyAccount,7
2803,Customer_2803,Ecommerce,3
2804,Customer_2804,Retail,1
2805,Customer_2805,Retail,1
2806,Customer_2806,Ecommerce,6
2807,Customer_2807,KeyAccount,4
2808,Customer_2808,Retail,6
2809,Customer_2809,Wholesale,7
2810,Customer_2810,KeyAccount,9
2811,Customer_2811,Wholesale,6
2812,Customer_2812,Wholesale,2
2813,Customer_2813,Retail,9
2814,Customer_2814,Ecommerce,1
2815,Customer_2815,KeyAccount,9
2816,Customer_2816,Wholesale,3
2817,Customer_2817,Wholesale,8
2818,Customer_2818,Retail,4
2819,Customer_2819,Retail,10
2820,Customer_2820,Wholesale,1
2821,Customer_2821,Wholesale,1
2822,Customer_2822,Wholesale,1
2823,Customer_2823,Wholesale,1
2824,Customer_2824,Ecommerce,8
2825,Customer_2825,Ecommerce,4
2826,Customer_2826,Wholesale,2
2827,Customer_2827,KeyAccount,8
2828,Customer_2828,Wholesale,3
2829,Customer_2829,Ecommerce,1
2830,Customer_2830,Wholesale,10
2831,Customer_2831,KeyAccount,1
2832,Customer_2832,Retail,8
2833,Customer_2833,Wholesale,7
2834,Customer_2834,Retail,8
2835,Customer_2835,Retail,1
2836,Customer_2836,Retail,4
2837,Customer_2837,Retail,5
2838,Customer_2838,Ecommerce,4
2839,Customer_2839,KeyAccount,7
2840,Customer_2840,Retail,8
2841,Customer_2841,Ecommerce,1
2842,Customer_2842,KeyAccount,10
2843,Customer_2843,Wholesale,6
2844,Customer_2844,Retail,3
2845,Customer_2845,Wholesale,7
2846,Customer_2846,Wholesale,7
2847,Customer_2847,Wholesale,8
2848,Customer_2848,KeyAccount,9
2849,Customer_2849,Wholesale,2
2850,Customer_2850,KeyAccount,3
2851,Customer_2851,Ecommerce,7
2852,Customer_2852,Wholesale,1
2853,Customer_2853,Retail,4
2854,Customer_2854,Wholesale,1
2855,Customer_2855,Ecommerce,8
2856,Customer_2856,KeyAccount,1
2857,Customer_2857,KeyAccount,1
2858,Customer_2858,Wholesale,7
2859,Customer_2859,KeyAccount,3
2860,Customer_2860,Ecommerce,9
2861,Customer_2861,Wholesale,4
2862,Customer_2862,Retail,3
2863,Customer_2863,KeyAccount,8
2864,Customer_2864,Ecommerce,2
2865,Customer_2865,Wholesale,7
2866,Customer_2866,Wholesale,3
2867,Customer_2867,Retail,8
2868,Customer_2868,Retail,9
2869,Customer_2869,Wholesale,1
2870,Customer_2870,Ecommerce,4
2871,Customer_2871,Ecommerce,6
2872,Customer_2872,Retail,2
2873,Customer_2873,KeyAccount,6
2874,Customer_2874,KeyAccount,4
2875,Customer_2875,Retail,7
2876,Customer_2876,Wholesale,10
2877,Customer_2877,Retail,2
2878,Customer_2878,Ecommerce,9
2879,Customer_2879,KeyAccount,2
2880,Customer_2880,Ecommerce,8
2881,Customer_2881,Ecommerce,4
2882,Customer_2882,KeyAccount,1
2883,Customer_2883,KeyAccount,8
2884,Customer_2884,Wholesale,4
2885,Customer_2885,KeyAccount,4
2886,Customer_2886,Ecommerce,1
2887,Customer_2887,KeyAccount,7
2888,Customer_2888,KeyAccount,7
2889,Customer_2889,Wholesale,7
2890,Customer_2890,KeyAccount,6
2891,Customer_2891,KeyAccount,9
2892,Customer_2892,Wholesale,7
2893,Customer_2893,KeyAccount,7
2894,Customer_2894,Wholesale,5
2895,Customer_2895,Retail,9
2896,Customer_2896,KeyAccount,2
2897,Customer_2897,KeyAccount,1
2898,Customer_2898,Retail,5
2899,Customer_2899,KeyAccount,7
2900,Customer_2900,Ecommerce,7
2901,Customer_2901,Ecommerce,8
2902,Customer_2902,Ecommerce,3
2903,Customer_2903,KeyAccount,6
2904,Customer_2904,Ecommerce,2
2905,Customer_2905,Retail,6
2906,Customer_2906,KeyAccount,2
2907,Customer_2907,KeyAccount,6
2908,Customer_2908,Ecommerce,9
2909,Customer_2909,Ecommerce,5
2910,Customer_2910,Retail,5
2911,Customer_2911,KeyAccount,1
2912,Customer_2912,Ecommerce,2
2913,Customer_2913,Wholesale,3
2914,Customer_2914,Wholesale,1
2915,Customer_2915,Retail,7
2916,Customer_2916,Ecommerce,4
2917,Customer_2917,Wholesale,1
2918,Customer_2918,Ecommerce,9
2919,Customer_2919,Wholesale,10
2920,Customer_2920,Ecommerce,7
2921,Customer_2921,Retail,7
2922,Customer_2922,Ecommerce,4
2923,Customer_2923,KeyAccount,3
2924,Customer_2924,KeyAccount,1
2925,Customer_2925,Retail,7
2926,Customer_2926,Wholesale,9
2927,Customer_2927,Retail,10
2928,Customer_2928,Wholesale,2
2929,Customer_2929,Wholesale,7
2930,Customer_2930,Wholesale,4
2931,Customer_2931,Retail,8
2932,Customer_2932,KeyAccount,9
2933,Customer_2933,Retail,6
2934,Customer_2934,Wholesale,8
2935,Customer_2935,KeyAccount,5
2936,Customer_2936,Wholesale,4
2937,Customer_2937,Ecommerce,2
2938,Customer_2938,Wholesale,4
2939,Customer_2939,Wholesale,1
2940,Customer_2940,Retail,8
2941,Customer_2941,Retail,6
2942,Customer_2942,Ecommerce,8
2943,Customer_2943,Ecommerce,2
2944,Customer_2944,Wholesale,7
2945,Customer_2945,Wholesale,2
2946,Customer_2946,KeyAccount,8
2947,Customer_2947,KeyAccount,1
2948,Customer_2948,KeyAccount,6
2949,Customer_2949,KeyAccount,3
2950,Customer_2950,Ecommerce,4
2951,Customer_2951,Wholesale,5
2952,Customer_2952,KeyAccount,3
2953,Customer_2953,Wholesale,4
2954,Customer_2954,Wholesale,5
2955,Customer_2955,Retail,3
2956,Customer_2956,KeyAccount,2
2957,Customer_2957,Wholesale,6
2958,Customer_2958,KeyAccount,7
2959,Customer_2959,Ecommerce,9
2960,Customer_2960,Retail,10
2961,Customer_2961,Wholesale,5
2962,Customer_2962,Ecommerce,1
2963,Customer_2963,Retail,6
2964,Customer_2964,KeyAccount,3
2965,Customer_2965,Wholesale,2
2966,Customer_2966,Ecommerce,3
2967,Customer_2967,Wholesale,5
2968,Customer_2968,Retail,4
2969,Customer_2969,Ecommerce,3
2970,Customer_2970,Ecommerce,1
2971,Customer_2971,Ecommerce,4
2972,Customer_2972,Ecommerce,7
2973,Customer_2973,Ecommerce,6
2974,Customer_2974,Wholesale,1
2975,Customer_2975,Retail,10
2976,Customer_2976,KeyAccount,1
2977,Customer_2977,Ecommerce,4
2978,Customer_2978,Wholesale,4
2979,Customer_2979,KeyAccount,7
2980,Customer_2980,KeyAccount,6
2981,Customer_2981,Retail,4
2982,Customer_2982,Ecommerce,8
2983,Customer_2983,Retail,1
2984,Customer_2984,Retail,1
2985,Customer_2985,Wholesale,5
2986,Customer_2986,KeyAccount,8
2987,Customer_2987,Retail,7
2988,Customer_2988,Wholesale,3
2989,Customer_2989,Ecommerce,9
2990,Customer_2990,KeyAccount,5
2991,Customer_2991,Retail,10
2992,Customer_2992,KeyAccount,8
2993,Customer_2993,Wholesale,7
2994,Customer_2994,Retail,1
2995,Customer_2995,KeyAccount,8
2996,Customer_2996,KeyAccount,8
2997,Customer_2997,Retail,10
2998,Customer_2998,Wholesale,6
2999,Customer_2999,Retail,1
3000,Customer_3000,Wholesale,2
3001,Customer_3001,Ecommerce,2
3002,Customer_3002,Retail,5
3003,Customer_3003,KeyAccount,7
3004,Customer_3004,Retail,9
3005,Customer_3005,Ecommerce,9
3006,Customer_3006,Wholesale,3
3007,Customer_3007,KeyAccount,1
3008,Customer_3008,KeyAccount,1
3009,Customer_3009,Retail,8
3010,Customer_3010,KeyAccount,1
3011,Customer_3011,KeyAccount,7
3012,Customer_3012,Retail,3
3013,Customer_3013,Ecommerce,5
3014,Customer_3014,KeyAccount,5
3015,Customer_3015,Retail,2
3016,Customer_3016,Retail,2
3017,Customer_3017,Ecommerce,1
3018,Customer_3018,Wholesale,7
3019,Customer_3019,Ecommerce,5
3020,Customer_3020,KeyAccount,1
3021,Customer_3021,Retail,2
3022,Customer_3022,KeyAccount,2
3023,Customer_3023,Retail,10
3024,Customer_3024,Wholesale,4
3025,Customer_3025,Retail,5
3026,Customer_3026,KeyAccount,6
3027,Customer_3027,Ecommerce,2
3028,Customer_3028,Ecommerce,9
3029,Customer_3029,Wholesale,2
3030,Customer_3030,KeyAccount,6
3031,Customer_3031,Ecommerce,1
3032,Customer_3032,KeyAccount,8
3033,Customer_3033,Ecommerce,7
3034,Customer_3034,Retail,9
3035,Customer_3035,Wholesale,3
3036,Customer_3036,Wholesale,4
3037,Customer_3037,Ecommerce,8
3038,Customer_3038,Ecommerce,2
3039,Customer_3039,Wholesale,10
3040,Customer_3040,Ecommerce,2
3041,Customer_3041,KeyAccount,5
3042,Customer_3042,Wholesale,7
3043,Customer_3043,Ecommerce,5
3044,Customer_3044,Ecommerce,5
3045,Customer_3045,Ecommerce,5
3046,Customer_3046,Retail,3
3047,Customer_3047,Retail,3
3048,Customer_3048,KeyAccount,6
3049,Customer_3049,Wholesale,1
3050,Customer_3050,KeyAccount,1
3051,Customer_3051,Retail,7
3052,Customer_3052,Ecommerce,8
3053,Customer_3053,Ecommerce,4
3054,Customer_3054,KeyAccount,1
3055,Customer_3055,Retail,4
3056,Customer_3056,Ecommerce,10
3057,Customer_3057,Retail,2
3058,Customer_3058,Retail,5
3059,Customer_3059,KeyAccount,8
3060,Customer_3060,Wholesale,8
3061,Customer_3061,Ecommerce,3
3062,Customer_3062,Wholesale,7
3063,Customer_3063,Wholesale,8
3064,Customer_3064,Wholesale,2
3065,Customer_3065,Retail,6
3066,Customer_3066,Ecommerce,1
3067,Customer_3067,Wholesale,7
3068,Customer_3068,KeyAccount,6
3069,Customer_3069,Retail,9
3070,Customer_3070,Retail,5
3071,Customer_3071,Wholesale,6
3072,Customer_3072,Ecommerce,4
3073,Customer_3073,Ecommerce,6
3074,Customer_3074,Ecommerce,8
3075,Customer_3075,Ecommerce,6
3076,Customer_3076,Wholesale,9
3077,Customer_3077,Wholesale,2
3078,Customer_3078,Wholesale,7
3079,Customer_3079,Ecommerce,2
3080,Customer_3080,Retail,7
3081,Customer_3081,Ecommerce,2
3082,Customer_3082,KeyAccount,4
3083,Customer_3083,Ecommerce,5
3084,Customer_3084,KeyAccount,10
3085,Customer_3085,Ecommerce,10
3086,Customer_3086,KeyAccount,5
3087,Customer_3087,Retail,10
3088,Customer_3088,Retail,7
3089,Customer_3089,Retail,6
3090,Customer_3090,Wholesale,4
3091,Customer_3091,Retail,8
3092,Customer_3092,Retail,4
3093,Customer_3093,Ecommerce,6
3094,Customer_3094,Wholesale,10
3095,Customer_3095,Wholesale,8
3096,Customer_3096,KeyAccount,8
3097,Customer_3097,KeyAccount,3
3098,Customer_3098,Retail,6
3099,Customer_3099,Retail,7
3100,Customer_3100,Ecommerce,1
3101,Customer_3101,Wholesale,4
3102,Customer_3102,Ecommerce,2
3103,Customer_3103,Wholesale,4
3104,Customer_3104,Retail,1
3105,Customer_3105,Retail,3
3106,Customer_3106,Retail,1
3107,Customer_3107,KeyAccount,3
3108,Customer_3108,Retail,9
3109,Customer_3109,KeyAccount,3
3110,Customer_3110,Ecommerce,10
3111,Customer_3111,KeyAccount,2
3112,Customer_3112,KeyAccount,9
3113,Customer_3113,Wholesale,7
3114,Customer_3114,Wholesale,7
3115,Customer_3115,Retail,1
3116,Customer_3116,Ecommerce,8
3117,Customer_3117,Ecommerce,7
3118,Customer_3118,Retail,10
3119,Customer_3119,Retail,8
3120,Customer_3120,Retail,8
3121,Customer_3121,Ecommerce,4
3122,Customer_3122,Retail,1
3123,Customer_3123,Retail,9
3124,Customer_3124,KeyAccount,3
3125,Customer_3125,Ecommerce,9
3126,Customer_3126,Wholesale,3
3127,Customer_3127,Wholesale,10
3128,Customer_3128,Retail,8
3129,Customer_3129,Ecommerce,8
3130,Customer_3130,KeyAccount,4
3131,Customer_3131,Retail,9
3132,Customer_3132,Wholesale,9
3133,Customer_3133,KeyAccount,9
3134,Customer_3134,Ecommerce,10
3135,Customer_3135,Ecommerce,7
3136,Customer_3136,KeyAccount,1
3137,Customer_3137,Retail,10
3138,Customer_3138,KeyAccount,2
3139,Customer_3139,KeyAccount,3
3140,Customer_3140,Retail,9
3141,Customer_3141,Retail,6
3142,Customer_3142,Ecommerce,5
3143,Customer_3143,KeyAccount,8
3144,Customer_3144,Wholesale,10
3145,Customer_3145,Retail,2
3146,Customer_3146,Ecommerce,6
3147,Customer_3147,Wholesale,3
3148,Customer_3148,Wholesale,1
3149,Customer_3149,Wholesale,2
3150,Customer_3150,Ecommerce,7
3151,Customer_3151,Wholesale,1
3152,Customer_3152,KeyAccount,10
3153,Customer_3153,Ecommerce,10
3154,Customer_3154,Wholesale,1
3155,Customer_3155,KeyAccount,1
3156,Customer_3156,KeyAccount,2
3157,Customer_3157,Retail,1
3158,Customer_3158,KeyAccount,7
3159,Customer_3159,Ecommerce,8
3160,Customer_3160,Wholesale,9
3161,Customer_3161,Retail,6
3162,Customer_3162,Wholesale,6
3163,Customer_3163,Ecommerce,3
3164,Customer_3164,Ecommerce,8
3165,Customer_3165,KeyAccount,10
3166,Customer_3166,KeyAccount,7
3167,Customer_3167,KeyAccount,6
3168,Customer_3168,Wholesale,4
3169,Customer_3169,Ecommerce,2
3170,Customer_3170,KeyAccount,5
3171,Customer_3171,Wholesale,9
3172,Customer_3172,Retail,8
3173,Customer_3173,Wholesale,6
3174,Customer_3174,Wholesale,9
3175,Customer_3175,Retail,2
3176,Customer_3176,KeyAccount,3
3177,Customer_3177,Wholesale,10
3178,Customer_3178,Retail,4
3179,Customer_3179,Retail,8
3180,Customer_3180,Ecommerce,9
3181,Customer_3181,KeyAccount,6
3182,Customer_3182,Wholesale,9
3183,Customer_3183,Ecommerce,9
3184,Customer_3184,KeyAccount,8
3185,Customer_3185,Wholesale,4
3186,Customer_3186,Wholesale,9
3187,Customer_3187,KeyAccount,7
3188,Customer_3188,Wholesale,2
3189,Customer_3189,Retail,7
3190,Customer_3190,Retail,10
3191,Customer_3191,Retail,1
3192,Customer_3192,KeyAccount,6
3193,Customer_3193,Ecommerce,6
3194,Customer_3194,Wholesale,7
3195,Customer_3195,Ecommerce,6
3196,Customer_3196,Ecommerce,6
3197,Customer_3197,Wholesale,3
3198,Customer_3198,Wholesale,3
3199,Customer_3199,Wholesale,6
3200,Customer_3200,Ecommerce,3
3201,Customer_3201,Wholesale,4
3202,Customer_3202,KeyAccount,8
3203,Customer_3203,Ecommerce,10
3204,Customer_3204,KeyAccount,10
3205,Customer_3205,Ecommerce,7
3206,Customer_3206,KeyAccount,10
3207,Customer_3207,Ecommerce,9
3208,Customer_3208,Retail,9
3209,Customer_3209,KeyAccount,2
3210,Customer_3210,KeyAccount,2
3211,Customer_3211,Wholesale,5
3212,Customer_3212,Wholesale,9
3213,Customer_3213,Ecommerce,5
3214,Customer_3214,KeyAccount,4
3215,Customer_3215,Wholesale,6
3216,Customer_3216,Wholesale,5
3217,Customer_3217,Retail,4
3218,Customer_3218,Ecommerce,10
3219,Customer_3219,Retail,3
3220,Customer_3220,Wholesale,10
3221,Customer_3221,KeyAccount,10
3222,Customer_3222,Ecommerce,4
3223,Customer_3223,Retail,8
3224,Customer_3224,KeyAccount,3
3225,Customer_3225,Ecommerce,4
3226,Customer_3226,Retail,2
3227,Customer_3227,Ecommerce,6
3228,Customer_3228,Ecommerce,9
3229,Customer_3229,Ecommerce,4
3230,Customer_3230,Wholesale,4
3231,Customer_3231,Wholesale,6
3232,Customer_3232,Retail,5
3233,Customer_3233,Wholesale,5
3234,Customer_3234,Retail,8
3235,Customer_3235,Wholesale,10
3236,Customer_3236,Wholesale,1
3237,Customer_3237,KeyAccount,3
3238,Customer_3238,Retail,6
3239,Customer_3239,Retail,7
3240,Customer_3240,Retail,7
3241,Customer_3241,KeyAccount,7
3242,Customer_3242,Ecommerce,9
3243,Customer_3243,Ecommerce,10
3244,Customer_3244,Retail,2
3245,Customer_3245,Wholesale,6
3246,Customer_3246,Retail,3
3247,Customer_3247,Wholesale,10
3248,Customer_3248,KeyAccount,8
3249,Customer_3249,Wholesale,2
3250,Customer_3250,Retail,6
3251,Customer_3251,Ecommerce,7
3252,Customer_3252,Retail,2
3253,Customer_3253,KeyAccount,2
3254,Customer_3254,Ecommerce,1
3255,Customer_3255,Retail,5
3256,Customer_3256,Retail,3
3257,Customer_3257,KeyAccount,9
3258,Customer_3258,Ecommerce,7
3259,Customer_3259,KeyAccount,1
3260,Customer_3260,Ecommerce,10
3261,Customer_3261,Retail,8
3262,Customer_3262,Retail,3
3263,Customer_3263,KeyAccount,2
3264,Customer_3264,Retail,5
3265,Customer_3265,KeyAccount,4
3266,Customer_3266,KeyAccount,10
3267,Customer_3267,KeyAccount,2
3268,Customer_3268,KeyAccount,3
3269,Customer_3269,KeyAccount,9
3270,Customer_3270,Retail,7
3271,Customer_3271,Wholesale,7
3272,Customer_3272,Ecommerce,10
3273,Customer_3273,Wholesale,10
3274,Customer_3274,Retail,10
3275,Customer_3275,Wholesale,6
3276,Customer_3276,Retail,1
3277,Customer_3277,KeyAccount,7
3278,Customer_3278,Retail,4
3279,Customer_3279,Ecommerce,9
3280,Customer_3280,Ecommerce,5
3281,Customer_3281,Retail,8
3282,Customer_3282,Ecommerce,8
3283,Customer_3283,Retail,3
3284,Customer_3284,Ecommerce,6
3285,Customer_3285,Retail,6
3286,Customer_3286,Retail,10
3287,Customer_3287,Wholesale,1
3288,Customer_3288,Ecommerce,9
3289,Customer_3289,Ecommerce,4
3290,Customer_3290,KeyAccount,1
3291,Customer_3291,KeyAccount,10
3292,Customer_3292,Wholesale,5
3293,Customer_3293,Retail,9
3294,Customer_3294,Wholesale,3
3295,Customer_3295,Ecommerce,8
3296,Customer_3296,Retail,3
3297,Customer_3297,Ecommerce,1
3298,Customer_3298,Wholesale,1
3299,Customer_3299,Wholesale,4
3300,Customer_3300,KeyAccount,1
3301,Customer_3301,Wholesale,6
3302,Customer_3302,Wholesale,2
3303,Customer_3303,Retail,5
3304,Customer_3304,Retail,9
3305,Customer_3305,Wholesale,8
3306,Customer_3306,KeyAccount,5
3307,Customer_3307,Retail,10
3308,Customer_3308,KeyAccount,8
3309,Customer_3309,KeyAccount,1
3310,Customer_3310,KeyAccount,7
3311,Customer_3311,Ecommerce,2
3312,Customer_3312,KeyAccount,7
3313,Customer_3313,Retail,9
3314,Customer_3314,Ecommerce,3
3315,Customer_3315,Wholesale,6
3316,Customer_3316,Wholesale,5
3317,Customer_3317,Wholesale,8
3318,Customer_3318,Wholesale,5
3319,Customer_3319,KeyAccount,8
3320,Customer_3320,Retail,3
3321,Customer_3321,Ecommerce,8
3322,Customer_3322,Ecommerce,10
3323,Customer_3323,KeyAccount,8
3324,Customer_3324,KeyAccount,8
3325,Customer_3325,Retail,1
3326,Customer_3326,Ecommerce,6
3327,Customer_3327,Retail,3
3328,Customer_3328,Ecommerce,7
3329,Customer_3329,Retail,6
3330,Customer_3330,Ecommerce,7
3331,Customer_3331,KeyAccount,3
3332,Customer_3332,Ecommerce,7
3333,Customer_3333,Wholesale,4
3334,Customer_3334,KeyAccount,9
3335,Customer_3335,Retail,2
3336,Customer_3336,Wholesale,2
3337,Customer_3337,Wholesale,4
3338,Customer_3338,Wholesale,10
3339,Customer_3339,KeyAccount,4
3340,Customer_3340,Wholesale,8
3341,Customer_3341,Retail,7
3342,Customer_3342,Wholesale,9
3343,Customer_3343,Retail,9
3344,Customer_3344,Wholesale,5
3345,Customer_3345,Wholesale,5
3346,Customer_3346,KeyAccount,3
3347,Customer_3347,Ecommerce,3
3348,Customer_3348,Ecommerce,5
3349,Customer_3349,Wholesale,10
3350,Customer_3350,Wholesale,8
3351,Customer_3351,Wholesale,10
3352,Customer_3352,Ecommerce,8
3353,Customer_3353,Retail,4
3354,Customer_3354,KeyAccount,8
3355,Customer_3355,Wholesale,6
3356,Customer_3356,KeyAccount,4
3357,Customer_3357,Retail,2
3358,Customer_3358,Ecommerce,9
3359,Customer_3359,Wholesale,8
3360,Customer_3360,Wholesale,6
3361,Customer_3361,Wholesale,9
3362,Customer_3362,Ecommerce,2
3363,Customer_3363,Wholesale,9
3364,Customer_3364,KeyAccount,8
3365,Customer_3365,Wholesale,2
3366,Customer_3366,KeyAccount,6
3367,Customer_3367,Ecommerce,7
3368,Customer_3368,Ecommerce,10
3369,Customer_3369,Wholesale,7
3370,Customer_3370,Ecommerce,5
3371,Customer_3371,Retail,5
3372,Customer_3372,Ecommerce,6
3373,Customer_3373,Ecommerce,5
3374,Customer_3374,KeyAccount,2
3375,Customer_3375,Retail,1
3376,Customer_3376,Wholesale,3
3377,Customer_3377,KeyAccount,1
3378,Customer_3378,Retail,5
3379,Customer_3379,KeyAccount,4
3380,Customer_3380,Retail,10
3381,Customer_3381,Wholesale,6
3382,Customer_3382,Ecommerce,9
3383,Customer_3383,Ecommerce,2
3384,Customer_3384,KeyAccount,9
3385,Customer_3385,Wholesale,3
3386,Customer_3386,KeyAccount,10
3387,Customer_3387,Ecommerce,1
3388,Customer_3388,Ecommerce,7
3389,Customer_3389,KeyAccount,2
3390,Customer_3390,Retail,6
3391,Customer_3391,Wholesale,2
3392,Customer_3392,Wholesale,2
3393,Customer_3393,Wholesale,1
3394,Customer_3394,Ecommerce,1
3395,Customer_3395,Retail,5
3396,Customer_3396,Wholesale,1
3397,Customer_3397,Retail,6
3398,Customer_3398,Retail,9
3399,Customer_3399,Wholesale,7
3400,Customer_3400,Ecommerce,7
3401,Customer_3401,Wholesale,5
3402,Customer_3402,Retail,9
3403,Customer_3403,Retail,1
3404,Customer_3404,Ecommerce,7
3405,Customer_3405,KeyAccount,10
3406,Customer_3406,Wholesale,6
3407,Customer_3407,KeyAccount,9
3408,Customer_3408,KeyAccount,4
3409,Customer_3409,Wholesale,8
3410,Customer_3410,KeyAccount,7
3411,Customer_3411,Wholesale,7
3412,Customer_3412,Ecommerce,2
3413,Customer_3413,Ecommerce,1
3414,Customer_3414,Wholesale,5
3415,Customer_3415,Wholesale,8
3416,Customer_3416,Wholesale,8
3417,Customer_3417,Wholesale,5
3418,Customer_3418,KeyAccount,5
3419,Customer_3419,Retail,1
3420,Customer_3420,KeyAccount,3
3421,Customer_3421,KeyAccount,7
3422,Customer_3422,Retail,3
3423,Customer_3423,Ecommerce,3
3424,Customer_3424,Wholesale,4
3425,Customer_3425,Retail,7
3426,Customer_3426,Retail,6
3427,Customer_3427,Wholesale,8
3428,Customer_3428,Ecommerce,10
3429,Customer_3429,KeyAccount,1
3430,Customer_3430,Ecommerce,3
3431,Customer_3431,Ecommerce,5
3432,Customer_3432,Ecommerce,9
3433,Customer_3433,Ecommerce,10
3434,Customer_3434,KeyAccount,7
3435,Customer_3435,Ecommerce,7
3436,Customer_3436,Retail,6
3437,Customer_3437,Wholesale,2
3438,Customer_3438,KeyAccount,6
3439,Customer_3439,Retail,3
3440,Customer_3440,Ecommerce,8
3441,Customer_3441,Ecommerce,1
3442,Customer_3442,Retail,5
3443,Customer_3443,Retail,7
3444,Customer_3444,Ecommerce,1
3445,Customer_3445,Ecommerce,1
3446,Customer_3446,Retail,4
3447,Customer_3447,Ecommerce,4
3448,Customer_3448,Wholesale,9
3449,Customer_3449,Ecommerce,1
3450,Customer_3450,Wholesale,2
3451,Customer_3451,KeyAccount,5
3452,Customer_3452,KeyAccount,4
3453,Customer_3453,Ecommerce,10
3454,Customer_3454,Wholesale,9
3455,Customer_3455,Retail,2
3456,Customer_3456,KeyAccount,4
3457,Customer_3457,Wholesale,6
3458,Customer_3458,Wholesale,6
3459,Customer_3459,Retail,10
3460,Customer_3460,Retail,8
3461,Customer_3461,Ecommerce,2
3462,Customer_3462,Retail,7
3463,Customer_3463,Wholesale,3
3464,Customer_3464,Ecommerce,8
3465,Customer_3465,KeyAccount,1
3466,Customer_3466,Wholesale,6
3467,Customer_3467,Wholesale,8
3468,Customer_3468,Wholesale,9
3469,Customer_3469,Ecommerce,2
3470,Customer_3470,Wholesale,4
3471,Customer_3471,Ecommerce,1
3472,Customer_3472,Ecommerce,10
3473,Customer_3473,KeyAccount,3
3474,Customer_3474,Ecommerce,4
3475,Customer_3475,Wholesale,5
3476,Customer_3476,Wholesale,3
3477,Customer_3477,Wholesale,4
3478,Customer_3478,Wholesale,6
3479,Customer_3479,Ecommerce,8
3480,Customer_3480,Ecommerce,10
3481,Customer_3481,Wholesale,10
3482,Customer_3482,Wholesale,2
3483,Customer_3483,Wholesale,4
3484,Customer_3484,KeyAccount,10
3485,Customer_3485,KeyAccount,3
3486,Customer_3486,Ecommerce,1
3487,Customer_3487,Wholesale,6
3488,Customer_3488,Ecommerce,8
3489,Customer_3489,Retail,7
3490,Customer_3490,Ecommerce,8
3491,Customer_3491,Retail,1
3492,Customer_3492,Retail,10
3493,Customer_3493,Wholesale,7
3494,Customer_3494,Wholesale,3
3495,Customer_3495,KeyAccount,2
3496,Customer_3496,Wholesale,8
3497,Customer_3497,Ecommerce,2
3498,Customer_3498,Ecommerce,1
3499,Customer_3499,Ecommerce,5
3500,Customer_3500,Retail,6
3501,Customer_3501,Wholesale,8
3502,Customer_3502,Retail,5
3503,Customer_3503,KeyAccount,10
3504,Customer_3504,Retail,3
3505,Customer_3505,KeyAccount,3
3506,Customer_3506,Retail,3
3507,Customer_3507,Retail,7
3508,Customer_3508,KeyAccount,9
3509,Customer_3509,Retail,3
3510,Customer_3510,KeyAccount,4
3511,Customer_3511,Retail,8
3512,Customer_3512,Retail,2
3513,Customer_3513,Wholesale,8
3514,Customer_3514,KeyAccount,3
3515,Customer_3515,Retail,4
3516,Customer_3516,Ecommerce,8
3517,Customer_3517,Wholesale,7
3518,Customer_3518,Retail,5
3519,Customer_3519,Retail,9
3520,Customer_3520,Retail,9
3521,Customer_3521,Retail,4
3522,Customer_3522,Wholesale,10
3523,Customer_3523,KeyAccount,1
3524,Customer_3524,Wholesale,3
3525,Customer_3525,KeyAccount,8
3526,Customer_3526,KeyAccount,8
3527,Customer_3527,KeyAccount,7
3528,Customer_3528,KeyAccount,8
3529,Customer_3529,Wholesale,9
3530,Customer_3530,Ecommerce,10
3531,Customer_3531,KeyAccount,10
3532,Customer_3532,KeyAccount,1
3533,Customer_3533,KeyAccount,4
3534,Customer_3534,KeyAccount,6
3535,Customer_3535,Retail,5
3536,Customer_3536,KeyAccount,9
3537,Customer_3537,Ecommerce,6
3538,Customer_3538,Retail,7
3539,Customer_3539,KeyAccount,5
3540,Customer_3540,KeyAccount,7
3541,Customer_3541,Ecommerce,9
3542,Customer_3542,Wholesale,5
3543,Customer_3543,KeyAccount,7
3544,Customer_3544,Retail,8
3545,Customer_3545,Retail,5
3546,Customer_3546,KeyAccount,7
3547,Customer_3547,KeyAccount,7
3548,Customer_3548,KeyAccount,4
3549,Customer_3549,KeyAccount,5
3550,Customer_3550,Ecommerce,7
3551,Customer_3551,Retail,10
3552,Customer_3552,Ecommerce,8
3553,Customer_3553,KeyAccount,8
3554,Customer_3554,Ecommerce,3
3555,Customer_3555,Retail,5
3556,Customer_3556,Ecommerce,1
3557,Customer_3557,Ecommerce,3
3558,Customer_3558,KeyAccount,2
3559,Customer_3559,KeyAccount,5
3560,Customer_3560,KeyAccount,3
3561,Customer_3561,Ecommerce,8
3562,Customer_3562,KeyAccount,4
3563,Customer_3563,Retail,1
3564,Customer_3564,Retail,4
3565,Customer_3565,Wholesale,3
3566,Customer_3566,Retail,7
3567,Customer_3567,Ecommerce,4
3568,Customer_3568,Wholesale,2
3569,Customer_3569,Ecommerce,6
3570,Customer_3570,Ecommerce,5
3571,Customer_3571,Ecommerce,7
3572,Customer_3572,KeyAccount,5
3573,Customer_3573,Ecommerce,1
3574,Customer_3574,Retail,4
3575,Customer_3575,Retail,10
3576,Customer_3576,Retail,1
3577,Customer_3577,KeyAccount,7
3578,Customer_3578,Wholesale,10
3579,Customer_3579,Wholesale,10
3580,Customer_3580,KeyAccount,9
3581,Customer_3581,Ecommerce,8
3582,Customer_3582,Ecommerce,7
3583,Customer_3583,Ecommerce,1
3584,Customer_3584,Wholesale,9
3585,Customer_3585,KeyAccount,9
3586,Customer_3586,Wholesale,9
3587,Customer_3587,Ecommerce,10
3588,Customer_3588,Retail,2
3589,Customer_3589,KeyAccount,9
3590,Customer_3590,Wholesale,8
3591,Customer_3591,Retail,6
3592,Customer_3592,KeyAccount,8
3593,Customer_3593,Ecommerce,3
3594,Customer_3594,Wholesale,9
3595,Customer_3595,KeyAccount,9
3596,Customer_3596,Retail,1
3597,Customer_3597,Retail,5
3598,Customer_3598,Ecommerce,1
3599,Customer_3599,Ecommerce,5
3600,Customer_3600,Ecommerce,7
3601,Customer_3601,KeyAccount,9
3602,Customer_3602,Retail,10
3603,Customer_3603,Retail,10
3604,Customer_3604,Retail,9
3605,Customer_3605,Wholesale,9
3606,Customer_3606,Ecommerce,8
3607,Customer_3607,Wholesale,5
3608,Customer_3608,KeyAccount,5
3609,Customer_3609,KeyAccount,2
3610,Customer_3610,Retail,9
3611,Customer_3611,Ecommerce,4
3612,Customer_3612,KeyAccount,2
3613,Customer_3613,Ecommerce,10
3614,Customer_3614,Ecommerce,6
3615,Customer_3615,Ecommerce,4
3616,Customer_3616,Ecommerce,9
3617,Customer_3617,KeyAccount,2
3618,Customer_3618,Ecommerce,4
3619,Customer_3619,Wholesale,7
3620,Customer_3620,Retail,3
3621,Customer_3621,KeyAccount,3
3622,Customer_3622,Ecommerce,8
3623,Customer_3623,Ecommerce,3
3624,Customer_3624,Wholesale,10
3625,Customer_3625,Retail,4
3626,Customer_3626,Ecommerce,1
3627,Customer_3627,Wholesale,4
3628,Customer_3628,Wholesale,3
3629,Customer_3629,Wholesale,5
3630,Customer_3630,Ecommerce,6
3631,Customer_3631,Wholesale,10
3632,Customer_3632,Wholesale,3
3633,Customer_3633,Retail,8
3634,Customer_3634,Wholesale,5
3635,Customer_3635,Retail,10
3636,Customer_3636,Wholesale,4
3637,Customer_3637,Retail,7
3638,Customer_3638,KeyAccount,9
3639,Customer_3639,Retail,6
3640,Customer_3640,Retail,3
3641,Customer_3641,Ecommerce,6
3642,Customer_3642,Wholesale,4
3643,Customer_3643,Ecommerce,9
3644,Customer_3644,Ecommerce,3
3645,Customer_3645,Retail,4
3646,Customer_3646,Retail,8
3647,Customer_3647,Ecommerce,10
3648,Customer_3648,Ecommerce,8
3649,Customer_3649,KeyAccount,7
3650,Customer_3650,KeyAccount,5
3651,Customer_3651,Retail,7
3652,Customer_3652,KeyAccount,2
3653,Customer_3653,Wholesale,4
3654,Customer_3654,KeyAccount,9
3655,Customer_3655,KeyAccount,7
3656,Customer_3656,KeyAccount,10
3657,Customer_3657,Ecommerce,7
3658,Customer_3658,Wholesale,6
3659,Customer_3659,Wholesale,2
3660,Customer_3660,Ecommerce,6
3661,Customer_3661,Retail,3
3662,Customer_3662,Ecommerce,4
3663,Customer_3663,Retail,8
3664,Customer_3664,Ecommerce,3
3665,Customer_3665,Retail,6
3666,Customer_3666,Wholesale,5
3667,Customer_3667,Ecommerce,8
3668,Customer_3668,Ecommerce,10
3669,Customer_3669,Wholesale,9
3670,Customer_3670,Ecommerce,4
3671,Customer_3671,Ecommerce,3
3672,Customer_3672,Ecommerce,1
3673,Customer_3673,KeyAccount,7
3674,Customer_3674,Ecommerce,2
3675,Customer_3675,KeyAccount,7
3676,Customer_3676,Retail,1
3677,Customer_3677,KeyAccount,1
3678,Customer_3678,KeyAccount,3
3679,Customer_3679,Ecommerce,2
3680,Customer_3680,Ecommerce,5
3681,Customer_3681,KeyAccount,3
3682,Customer_3682,Retail,5
3683,Customer_3683,Wholesale,3
3684,Customer_3684,Retail,5
3685,Customer_3685,Ecommerce,4
3686,Customer_3686,Ecommerce,10
3687,Customer_3687,Retail,2
3688,Customer_3688,Retail,8
3689,Customer_3689,KeyAccount,7
3690,Customer_3690,Ecommerce,4
3691,Customer_3691,Ecommerce,6
3692,Customer_3692,KeyAccount,4
3693,Customer_3693,Wholesale,3
3694,Customer_3694,Ecommerce,2
3695,Customer_3695,Retail,2
3696,Customer_3696,KeyAccount,1
3697,Customer_3697,Retail,4
3698,Customer_3698,Wholesale,1
3699,Customer_3699,KeyAccount,10
3700,Customer_3700,KeyAccount,7
3701,Customer_3701,Ecommerce,3
3702,Customer_3702,Ecommerce,6
3703,Customer_3703,Retail,7
3704,Customer_3704,Wholesale,6
3705,Customer_3705,Retail,4
3706,Customer_3706,KeyAccount,2
3707,Customer_3707,KeyAccount,3
3708,Customer_3708,Wholesale,8
3709,Customer_3709,Retail,3
3710,Customer_3710,KeyAccount,4
3711,Customer_3711,Retail,1
3712,Customer_3712,Ecommerce,2
3713,Customer_3713,Retail,1
3714,Customer_3714,KeyAccount,2
3715,Customer_3715,Ecommerce,3
3716,Customer_3716,Ecommerce,3
3717,Customer_3717,Wholesale,1
3718,Customer_3718,Ecommerce,7
3719,Customer_3719,Ecommerce,10
3720,Customer_3720,Retail,7
3721,Customer_3721,Ecommerce,4
3722,Customer_3722,Retail,2
3723,Customer_3723,Retail,10
3724,Customer_3724,Retail,3
3725,Customer_3725,Wholesale,1
3726,Customer_3726,Ecommerce,9
3727,Customer_3727,Ecommerce,6
3728,Customer_3728,Wholesale,8
3729,Customer_3729,Retail,9
3730,Customer_3730,KeyAccount,4
3731,Customer_3731,Wholesale,2
3732,Customer_3732,Wholesale,1
3733,Customer_3733,Retail,7
3734,Customer_3734,Retail,2
3735,Customer_3735,KeyAccount,2
3736,Customer_3736,KeyAccount,5
3737,Customer_3737,Wholesale,8
3738,Customer_3738,Ecommerce,8
3739,Customer_3739,KeyAccount,10
3740,Customer_3740,Retail,1
3741,Customer_3741,KeyAccount,3
3742,Customer_3742,Ecommerce,5
3743,Customer_3743,Ecommerce,2
3744,Customer_3744,Wholesale,1
3745,Customer_3745,KeyAccount,5
3746,Customer_3746,Wholesale,5
3747,Customer_3747,Ecommerce,3
3748,Customer_3748,KeyAccount,2
3749,Customer_3749,Retail,3
3750,Customer_3750,Retail,2
3751,Customer_3751,Ecommerce,3
3752,Customer_3752,Retail,3
3753,Customer_3753,Wholesale,10
3754,Customer_3754,Ecommerce,8
3755,Customer_3755,Ecommerce,2
3756,Customer_3756,KeyAccount,3
3757,Customer_3757,Ecommerce,10
3758,Customer_3758,Retail,7
3759,Customer_3759,Retail,9
3760,Customer_3760,Retail,2
3761,Customer_3761,Wholesale,2
3762,Customer_3762,Ecommerce,7
3763,Customer_3763,Wholesale,7
3764,Customer_3764,Ecommerce,9
3765,Customer_3765,Wholesale,3
3766,Customer_3766,Retail,1
3767,Customer_3767,Ecommerce,10
3768,Customer_3768,Ecommerce,1
3769,Customer_3769,Wholesale,6
3770,Customer_3770,Wholesale,2
3771,Customer_3771,KeyAccount,2
3772,Customer_3772,Retail,3
3773,Customer_3773,KeyAccount,5
3774,Customer_3774,Wholesale,4
3775,Customer_3775,Retail,8
3776,Customer_3776,Wholesale,9
3777,Customer_3777,Ecommerce,7
3778,Customer_3778,KeyAccount,1
3779,Customer_3779,Ecommerce,10
3780,Customer_3780,Wholesale,6
3781,Customer_3781,KeyAccount,2
3782,Customer_3782,Retail,9
3783,Customer_3783,Retail,2
3784,Customer_3784,Wholesale,9
3785,Customer_3785,Wholesale,4
3786,Customer_3786,Ecommerce,7
3787,Customer_3787,KeyAccount,3
3788,Customer_3788,Retail,3
3789,Customer_3789,Wholesale,4
3790,Customer_3790,KeyAccount,5
3791,Customer_3791,KeyAccount,8
3792,Customer_3792,Retail,2
3793,Customer_3793,Ecommerce,1
3794,Customer_3794,KeyAccount,8
3795,Customer_3795,Ecommerce,10
3796,Customer_3796,Ecommerce,9
3797,Customer_3797,Retail,1
3798,Customer_3798,Retail,8
3799,Customer_3799,Wholesale,8
3800,Customer_3800,Ecommerce,3
3801,Customer_3801,Wholesale,10
3802,Customer_3802,Wholesale,10
3803,Customer_3803,Wholesale,10
3804,Customer_3804,Retail,10
3805,Customer_3805,Ecommerce,6
3806,Customer_3806,KeyAccount,7
3807,Customer_3807,Retail,6
3808,Customer_3808,KeyAccount,7
3809,Customer_3809,Wholesale,8
3810,Customer_3810,Retail,5
3811,Customer_3811,Retail,3
3812,Customer_3812,Ecommerce,4
3813,Customer_3813,Retail,8
3814,Customer_3814,Wholesale,4
3815,Customer_3815,KeyAccount,1
3816,Customer_3816,Ecommerce,1
3817,Customer_3817,KeyAccount,2
3818,Customer_3818,KeyAccount,7
3819,Customer_3819,KeyAccount,6
3820,Customer_3820,Ecommerce,2
3821,Customer_3821,KeyAccount,5
3822,Customer_3822,Ecommerce,9
3823,Customer_3823,Ecommerce,7
3824,Customer_3824,KeyAccount,6
3825,Customer_3825,KeyAccount,2
3826,Customer_3826,Ecommerce,9
3827,Customer_3827,Ecommerce,7
3828,Customer_3828,Ecommerce,7
3829,Customer_3829,KeyAccount,5
3830,Customer_3830,Wholesale,4
3831,Customer_3831,Retail,9
3832,Customer_3832,Ecommerce,6
3833,Customer_3833,Ecommerce,6
3834,Customer_3834,Ecommerce,6
3835,Customer_3835,Wholesale,7
3836,Customer_3836,Retail,8
3837,Customer_3837,KeyAccount,3
3838,Customer_3838,Retail,6
3839,Customer_3839,KeyAccount,6
3840,Customer_3840,Wholesale,8
3841,Customer_3841,Retail,5
3842,Customer_3842,Wholesale,6
3843,Customer_3843,Ecommerce,6
3844,Customer_3844,KeyAccount,3
3845,Customer_3845,KeyAccount,4
3846,Customer_3846,KeyAccount,10
3847,Customer_3847,KeyAccount,8
3848,Customer_3848,Wholesale,5
3849,Customer_3849,Wholesale,6
3850,Customer_3850,Wholesale,8
3851,Customer_3851,Retail,3
3852,Customer_3852,Retail,7
3853,Customer_3853,KeyAccount,10
3854,Customer_3854,Retail,8
3855,Customer_3855,KeyAccount,8
3856,Customer_3856,KeyAccount,7
3857,Customer_3857,KeyAccount,10
3858,Customer_3858,Ecommerce,9
3859,Customer_3859,Wholesale,1
3860,Customer_3860,Ecommerce,9
3861,Customer_3861,Ecommerce,6
3862,Customer_3862,KeyAccount,4
3863,Customer_3863,Retail,7
3864,Customer_3864,Wholesale,4
3865,Customer_3865,Ecommerce,4
3866,Customer_3866,Ecommerce,1
3867,Customer_3867,Retail,7
3868,Customer_3868,Ecommerce,9
3869,Customer_3869,KeyAccount,9
3870,Customer_3870,Ecommerce,2
3871,Customer_3871,Wholesale,7
3872,Customer_3872,Ecommerce,4
3873,Customer_3873,Retail,9
3874,Customer_3874,Wholesale,10
3875,Customer_3875,Retail,5
3876,Customer_3876,KeyAccount,10
3877,Customer_3877,Ecommerce,1
3878,Customer_3878,Ecommerce,8
3879,Customer_3879,Retail,8
3880,Customer_3880,Retail,5
3881,Customer_3881,KeyAccount,1
3882,Customer_3882,Retail,8
3883,Customer_3883,Ecommerce,7
3884,Customer_3884,KeyAccount,10
3885,Customer_3885,Ecommerce,4
3886,Customer_3886,Retail,4
3887,Customer_3887,KeyAccount,7
3888,Customer_3888,Retail,2
3889,Customer_3889,Retail,10
3890,Customer_3890,Ecommerce,3
3891,Customer_3891,Ecommerce,2
3892,Customer_3892,Wholesale,10
3893,Customer_3893,Retail,8
3894,Customer_3894,Ecommerce,3
3895,Customer_3895,KeyAccount,3
3896,Customer_3896,Retail,8
3897,Customer_3897,Wholesale,10
3898,Customer_3898,Ecommerce,10
3899,Customer_3899,Retail,2
3900,Customer_3900,KeyAccount,3
3901,Customer_3901,Wholesale,9
3902,Customer_3902,Retail,1
3903,Customer_3903,Ecommerce,3
3904,Customer_3904,Ecommerce,4
3905,Customer_3905,Retail,1
3906,Customer_3906,Retail,3
3907,Customer_3907,Ecommerce,7
3908,Customer_3908,Ecommerce,10
3909,Customer_3909,Wholesale,3
3910,Customer_3910,Wholesale,8
3911,Customer_3911,KeyAccount,10
3912,Customer_3912,KeyAccount,9
3913,Customer_3913,Ecommerce,10
3914,Customer_3914,KeyAccount,6
3915,Customer_3915,Ecommerce,8
3916,Customer_3916,Ecommerce,10
3917,Customer_3917,Wholesale,7
3918,Customer_3918,Retail,2
3919,Customer_3919,KeyAccount,8
3920,Customer_3920,Retail,4
3921,Customer_3921,KeyAccount,7
3922,Customer_3922,Ecommerce,4
3923,Customer_3923,Ecommerce,7
3924,Customer_3924,Wholesale,2
3925,Customer_3925,Wholesale,1
3926,Customer_3926,Ecommerce,6
3927,Customer_3927,Retail,5
3928,Customer_3928,KeyAccount,7
3929,Customer_3929,Retail,7
3930,Customer_3930,Retail,4
3931,Customer_3931,KeyAccount,9
3932,Customer_3932,Retail,1
3933,Customer_3933,KeyAccount,4
3934,Customer_3934,KeyAccount,7
3935,Customer_3935,KeyAccount,3
3936,Customer_3936,Ecommerce,10
3937,Customer_3937,Wholesale,7
3938,Customer_3938,Retail,7
3939,Customer_3939,Wholesale,4
3940,Customer_3940,Ecommerce,1
3941,Customer_3941,KeyAccount,3
3942,Customer_3942,Wholesale,10
3943,Customer_3943,KeyAccount,1
3944,Customer_3944,Wholesale,9
3945,Customer_3945,KeyAccount,2
3946,Customer_3946,Retail,9
3947,Customer_3947,KeyAccount,6
3948,Customer_3948,KeyAccount,1
3949,Customer_3949,Ecommerce,7
3950,Customer_3950,Wholesale,8
3951,Customer_3951,Retail,7
3952,Customer_3952,Ecommerce,2
3953,Customer_3953,Ecommerce,6
3954,Customer_3954,KeyAccount,9
3955,Customer_3955,KeyAccount,7
3956,Customer_3956,KeyAccount,2
3957,Customer_3957,Wholesale,3
3958,Customer_3958,Retail,4
3959,Customer_3959,KeyAccount,6
3960,Customer_3960,Retail,9
3961,Customer_3961,Retail,10
3962,Customer_3962,Ecommerce,3
3963,Customer_3963,Retail,4
3964,Customer_3964,Retail,9
3965,Customer_3965,KeyAccount,3
3966,Customer_3966,KeyAccount,10
3967,Customer_3967,Wholesale,6
3968,Customer_3968,KeyAccount,4
3969,Customer_3969,Wholesale,7
3970,Customer_3970,Retail,2
3971,Customer_3971,Ecommerce,8
3972,Customer_3972,KeyAccount,4
3973,Customer_3973,Wholesale,7
3974,Customer_3974,Ecommerce,9
3975,Customer_3975,KeyAccount,1
3976,Customer_3976,Ecommerce,3
3977,Customer_3977,Wholesale,9
3978,Customer_3978,Retail,9
3979,Customer_3979,Wholesale,3
3980,Customer_3980,Ecommerce,3
3981,Customer_3981,KeyAccount,4
3982,Customer_3982,Wholesale,2
3983,Customer_3983,Retail,8
3984,Customer_3984,Wholesale,4
3985,Customer_3985,KeyAccount,3
3986,Customer_3986,Retail,2
3987,Customer_3987,Ecommerce,2
3988,Customer_3988,Ecommerce,4
3989,Customer_3989,KeyAccount,3
3990,Customer_3990,Wholesale,1
3991,Customer_3991,Retail,4
3992,Customer_3992,Wholesale,2
3993,Customer_3993,Wholesale,6
3994,Customer_3994,Wholesale,3
3995,Customer_3995,Ecommerce,7
3996,Customer_3996,Retail,8
3997,Customer_3997,Retail,2
3998,Customer_3998,Wholesale,5
3999,Customer_3999,Retail,10
4000,Customer_4000,Retail,4
